title,year,release_date,runtime,genre5,genre_detailed,rated,director,writer,actors,language,country,metascore,imdb_rating,imdb_votes,imdb_id,studio,bechdel_binary,bechdel_ordinal,us_gross,int_gross,budget,men_lines,lines_data
500 Days of Summer,2009,8/7/2009,1.583333333,Comedy,"Comedy, Drama, Romance",PG-13,Marc Webb,"Scott Neustadter, Michael H. Weber",NA,"English, French, Swedish",USA,76,7.7,432352,tt1022603,Fox Searchlight Pictures,FALSE,notalk,35168338,66015966,8142987,0.680672269,743544525677477444334257777565774443444456445674543367553452777734237544553444343334444444467441433777777777777776634344344434244343433435535624644435776576434333377775756764434344466346764533566544444777533356445543543343334444535476332345777777777777776
10 Things I Hate About You,1999,3/31/1999,1.616666667,Comedy,"Comedy, Drama, Romance",PG-13,Gil Junger,"Karen McCullah, Kirsten Smith","Heath Ledger, Julia Stiles, Joseph Gordon-Levitt, Larisa Oleynik","English, French",USA,70,7.3,262386,tt0147800,Buena Vista Pictures,TRUE,ok,53390436,84486720,18180006,0.580392157,177775232027453334445777772243377733444376467744677740424516733144464355045563543423354653735714457434333434243540000354213722445102431377774150047353236346777770432577633435475477734777720434517632245454363064653552333354735636524467333433433433530001363
12 Years a Slave,2013,11/8/2013,2.233333333,Drama,"Biography, Drama, History",R,Steve McQueen,"John Ridley (screenplay by), Solomon Northup (based on ""Twelve Years a Slave"" by)","Chiwetel Ejiofor, Dwight Henry, Dickie Gravois, Bryan Batt",English,"USA, UK",96,8.1,559631,tt2024544,Fox Searchlight,FALSE,notalk,53107035,158607035,20000000,0.821756225,4567334777777777777777447777756477777444777777777777443453437553133677762333344777777777777764355777777777651
127 Hours,2010,1/28/2011,1.566666667,Drama,"Adventure, Biography, Drama, Thriller",R,Danny Boyle,"Danny Boyle (screenplay), Simon Beaufoy (screenplay), Aron Ralston (book)","James Franco, Kate Mara, Amber Tamblyn, Sean Bott","English, Italian","USA, UK, France",82,7.6,316465,tt1542344,Fox Searchlight,FALSE,dubious,19586277,64879307,19228173,0.695238095,453513352345765766777777773340
1408,2007,6/22/2007,1.733333333,Drama,"Drama, Horror",PG-13,NA,"Matt Greenberg (screenplay), Scott Alexander (screenplay), Larry Karaszewski (screenplay), Stephen King (short story)","John Cusack, Paul Birchard, Margot Leicester, Walter Lewis",English,USA,64,6.8,237945,tt0450385,MGM/Dimension,TRUE,ok,80878983,147480104,25279728,0.853896104,37677777777777777776777737566646444336777661
17 Again,2009,4/17/2009,1.7,Comedy,"Comedy, Drama, Fantasy",PG-13,Burr Steers,Jason Filardi,"Zac Efron, Leslie Mann, Thomas Lennon, Matthew Perry",English,USA,48,6.4,163886,tt0974661,New Line Cinema,TRUE,ok,69668214,151432312,43429264,0.737982397,7667676775564344777777776764653356777477725754325365623325777777534744435353535677635756555332457623346757667766776465343777777777673673336777567734772424464723324777777633754434453535577735674735522447715237663
2 Guns,2013,8/2/2013,1.816666667,Action,"Action, Comedy, Crime, Thriller",R,NA,"Blake Masters (screenplay by), Steven Grant (based on the Boom! Studios graphic novels by)","Denzel Washington, Mark Wahlberg, Paula Patton, Edward James Olmos","English, Spanish",USA,55,6.7,178660,tt1272878,Universal Pictures,FALSE,notalk,75612460,132493015,61000000,0.923879041,36765777777777576766742575636777775777777777777774447777777777777446777777777775477777766766736777777777777777777777777777455777767667777
2012,2009,11/13/2009,2.633333333,Action,"Action, Adventure, Sci-Fi",PG-13,Roland Emmerich,"Roland Emmerich, Harald Kloser","John Cusack, Amanda Peet, Chiwetel Ejiofor, Thandie Newton","English, French, Tibetan, Mandarin, Russian, Hindi, Portuguese, Latin, Italian, Spanish",USA,49,5.8,320343,tt1190080,Sony Pictures/Columbia,FALSE,notalk,180353228,856000062,217146319,0.787755102,777763446720677667777645766367446667764316655466674767775067754553577577674574677756546763676434755546776777735447513677667777555674475456677745137563656774767772277744634677576754765677754656744776155655457761
21,2008,3/28/2008,2.05,Drama,"Crime, Drama, History, Thriller",PG-13,Robert Luketic,"Peter Steinfeld (screenplay), Allan Loeb (screenplay), Ben Mezrich (book)","Jim Sturgess, Kevin Spacey, Kate Bosworth, Aaron Yoo",English,USA,48,6.8,210602,tt0478087,Sony/Columbia Pictures,TRUE,ok,87835235,170836899,37878971,0.898412698,667777777777777766777777765477777755653777776767775334777667777667754667476576776777577761
25th Hour,2002,1/10/2003,2.25,Drama,Drama,R,Spike Lee,"David Benioff (novel), David Benioff (screenplay)","Edward Norton, Philip Seymour Hoffman, Barry Pepper, Rosario Dawson",English,USA,67,7.7,161236,tt0307901,Touchstone Pictures,FALSE,men,16946895,32825657,5828306,0.866851595,7777775254554345777756357747777777777777657777777734177577477774777777777777765443367777777547777765663
28 Days,2000,4/14/2000,1.716666667,Comedy,"Comedy, Drama",PG-13,Betty Thomas,Susannah Grant,"Sandra Bullock, Viggo Mortensen, Dominic West, Elizabeth Perkins",English,USA,46,6,39640,tt0191754,Columbia Pictures,TRUE,ok,50105659,83966868,58175060,0.244897959,011400251020230262311
28 Days Later...,2002,6/27/2003,1.883333333,Drama,"Drama, Horror, Sci-Fi, Thriller",R,Danny Boyle,Alex Garland,"Alex Palmer, Bindu De Stoppani, Jukka Hiltunen, David Schneider","English, Spanish",UK,73,7.6,339414,tt0289043,Fox Searchlight Pictures,TRUE,ok,58367141,107442412,10361434,0.684601113,77775656553332513364744366633674233634453455754441577667476777577732662266334
28 Weeks Later,2007,5/11/2007,1.666666667,Drama,"Drama, Horror, Sci-Fi",R,Juan Carlos Fresnadillo,NA,"Robert Carlyle, Rose Byrne, Jeremy Renner, Harold Perrineau",English,"UK, Spain",78,7,238023,tt0463854,Fox Atomic,TRUE,ok,32177067,72168247,16853152,0.676020408,53445555437566432643437272453366145776156777536766557632
30 Days of Night,2007,10/19/2007,1.883333333,Horror/Thriller,"Horror, Thriller",R,David Slade,"Steve Niles (screenplay), Stuart Beattie (screenplay), Brian Nelson (screenplay), Steve Niles (comic), Ben Templesmith (comic)","Josh Hartnett, Melissa George, Danny Huston, Ben Foster",English,"USA, New Zealand",53,6.6,153624,tt0389722,Sony Pictures/Columbia,FALSE,men,44457488,90193752,33706305,0.678141136,77763444444477564465663554446554754446666637544344455673535446345345565743553645332
30 Minutes or Less,2011,8/12/2011,1.383333333,Action,"Action, Comedy, Crime",R,Ruben Fleischer,"Michael Diliberti (screenplay), Michael Diliberti (story), Matthew Sullivan (story)","Jesse Eisenberg, Danny McBride, Aziz Ansari, Nick Swardson","English, German, Spanish",USA,49,6.1,86017,tt1622547,Sony Pictures,FALSE,notalk,38376408,42428850,28999342,0.928571429,777777774333357777777777777777777777777777777777777746777777777777644437777557657777777777776777777677777766767777676556777763
300,2006,3/9/2007,1.95,Action,"Action, Fantasy",R,Zack Snyder,"Zack Snyder (screenplay), Kurt Johnstad (screenplay), Michael B. Gordon (screenplay), Frank Miller (graphic novel), Lynn Varley (graphic novel)","Gerard Butler, Lena Headey, Dominic West, David Wenham",English,USA,52,7.7,677971,tt0416449,Warner Bros. Pictures,FALSE,nowomen,243427977,524918705,69347781,0.880357143,77775557777754756734757777777777777776467777777777777645477777777602256277777773
3:10 to Yuma,2007,9/7/2007,2.033333333,Action,"Action, Crime, Drama, Western",R,James Mangold,"Halsted Welles (screenplay), Michael Brandt (screenplay), Derek Haas (screenplay), Elmore Leonard (short story)","Russell Crowe, Christian Bale, Logan Lerman, Dallas Roberts","English, Chinese",USA,76,7.7,265744,tt0381849,Lionsgate Films,FALSE,nowomen,60229701,79964640,53930087,0.948194662,5457777777774576677767777655667555676677777777777777777777777777777777777777777777777777775
42,2013,4/12/2013,2.133333333,Drama,"Biography, Drama, Sport",PG-13,Brian Helgeland,Brian Helgeland,"Chadwick Boseman, Harrison Ford, Nicole Beharie, Christopher Meloni",English,USA,62,7.5,75992,tt0453562,Warner Bros. Pictures,FALSE,men,95020213,95020213,40000000,0.860599078,7777777777343577733553576546777777777765567377615777745777777777777767477677427667767662777777434443777777777777777777435761
50/50,2011,9/30/2011,1.666666667,Comedy,"Comedy, Drama, Romance",R,Jonathan Levine,Will Reiser,"Joseph Gordon-Levitt, Seth Rogen, Anna Kendrick, Bryce Dallas Howard",English,USA,72,7.7,296850,tt1306980,Summit Entertainment,FALSE,men,36265871,42810004,8285526,0.691964286,34777777777763777774333244344433244735775433577776464454566347547755654575342433343543367564345433343567777335664653333546777361
8MM,1999,2/26/1999,2.05,Horror/Thriller,"Mystery, Thriller",R,Joel Schumacher,Andrew Kevin Walker,"Nicolas Cage, Joaquin Phoenix, James Gandolfini, Peter Stormare",English,"Germany, USA",19,6.5,114311,tt0134273,Columbia Pictures,FALSE,notalk,50964770,134810098,55938481,0.823443223,544644533234436777777777600177577777777733423777777773577777777777777777777746433526777777777777554464373233344477777777763005775777777775243357777777537777777777777777777775553443477777777777764
A Beautiful Mind,2001,1/4/2002,2.25,Drama,"Biography, Drama",PG-13,Ron Howard,"Akiva Goldsman, Sylvia Nasar (book)","Russell Crowe, Ed Harris, Jennifer Connelly, Christopher Plummer",English,USA,72,8.2,750689,tt0268978,Universal Pictures,FALSE,notalk,224626742,418002230,102635985,0.794217687,777777777747777777777777434425547643266677775445445567743327742543552567767677745773
A Few Good Men,1992,12/11/1992,2.3,Drama,"Drama, Thriller",R,Rob Reiner,"Aaron Sorkin (play), Aaron Sorkin (screenplay)","Tom Cruise, Jack Nicholson, Demi Moore, Kevin Bacon","English, French",USA,62,7.7,210071,tt0104257,Columbia Pictures,FALSE,notalk,234673774,392672121,54791459,0.82745098,436747777777753633434677434437777777777764346777755676675436535756676667576446775466454657777777777777777476643457777777734577777777777753357776572534357776745435777777777777777775775434475677777776444434357754344577777777777443577775666757644464375757757
A Nightmare on Elm Street,1984,11/16/1984,1.516666667,Horror/Thriller,Horror,R,Wes Craven,Wes Craven,"John Saxon, Ronee Blakley, Heather Langenkamp, Amanda Wyss",English,USA,76,7.5,180139,tt0087800,New Line Cinema,FALSE,men,141379105,263884353,78450540,0.389770723,214412343440667622144203344000234320124454233354200143200004344531430434547313301
A Perfect Getaway,2009,8/7/2009,1.633333333,Horror/Thriller,"Adventure, Mystery, Thriller",R,David Twohy,David Twohy,"Steve Zahn, Timothy Olyphant, Milla Jovovich, Kiele Sanchez",English,USA,63,6.5,62997,tt0971209,Universal Pictures,FALSE,dubious,16845625,24771466,15200242,0.763157895,4555774453577777773563575746456757714767777127644665746777344576735433576743
A Scanner Darkly,2006,7/28/2006,1.666666667,Drama,"Animation, Crime, Drama, Mystery, Sci-Fi, Thriller",R,Richard Linklater,"Philip K. Dick (novel), Richard Linklater (screenplay)","Rory Cochrane, Robert Downey Jr., Mitch Baker, Keanu Reeves",English,USA,73,7.1,98731,tt0405296,Warner Independent Pictures,FALSE,notalk,6358748,8558769,23115927,0.818532819,777777444414264477777777567762317777777777764777777777777777762143343246776454477777777777777777730434726477773
A Serious Man,2009,11/6/2009,1.766666667,Comedy,"Comedy, Drama",R,"Ethan Coen, Joel Coen","Joel Coen, Ethan Coen","Michael Stuhlbarg, Richard Kind, Fred Melamed, Sari Lennick","English, Yiddish, Hebrew","USA, UK, France",79,7.1,118667,tt1019452,Focus Features,FALSE,men,10019987,32963430,7600121,0.866883117,1456767771566776776457777777776355454466743477477756775667777556777677777777777757777577
A Single Man,2009,2/5/2010,1.65,Drama,"Drama, Romance",R,Tom Ford,"Christopher Isherwood (novel), Tom Ford (written for the screen by), David Scearce (written for the screen by)","Colin Firth, Julianne Moore, Nicholas Hoult, Matthew Goode","English, Spanish",USA,77,7.6,97894,tt1315981,The Weinstein Company,FALSE,notalk,9962673,30555070,7600121,0.819960861,6777753435777777777753665752556777777777434233434343377767777767777777773
A.I. Artificial Intelligence,2001,6/29/2001,2.433333333,Drama,"Adventure, Drama, Sci-Fi",PG-13,Steven Spielberg,"Brian Aldiss (short story ""Supertoys Last All Summer Long""), Ian Watson (screen story), Steven Spielberg (screenplay)","Haley Joel Osment, Frances O'Connor, Sam Robards, Jake Thomas",English,USA,65,7.1,270066,tt0212720,Dreamworks,FALSE,notalk,103447452,310408061,118426136,0.734177215,4654434433443434444767773443476357753343434775353667747777777777777777775366541
Ace Ventura: Pet Detective,1994,2/4/1994,1.433333333,Comedy,Comedy,PG-13,Tom Shadyac,"Jack Bernstein (story), Jack Bernstein (screenplay), Tom Shadyac (screenplay), Jim Carrey (screenplay)","Jim Carrey, Courteney Cox, Sean Young, Tone Loc",English,USA,37,6.9,249077,tt0109040,Warner Bros. Pictures,FALSE,men,113501532,168509796,18859976,0.717770035,7746766223346557776677776556444434655553343247775533464344337777545577475572553655
Adaptation.,2002,2/14/2003,1.916666667,Comedy,"Comedy, Drama",R,Spike Jonze,"Susan Orlean (book), Charlie Kaufman (screenplay)","Nicolas Cage, Tilda Swinton, Meryl Streep, Chris Cooper","English, Latin",USA,83,7.7,162732,tt0268126,Columbia Pictures,FALSE,dubious,29139615,29139615,23960815,0.661188369,54345773727747776754244533314343473767754456642027653274444646656774777747777367664434534345410243333334743453365
Adventureland,2009,4/3/2009,1.783333333,Comedy,"Comedy, Drama, Romance",R,Greg Mottola,Greg Mottola,"Jesse Eisenberg, Kelsey Ledgin, Michael Zegen, Ryan McFarland",English,USA,76,6.8,144951,tt1091722,Miramax Films,FALSE,men,17419505,18613810,10640170,0.704081633,55774444677637777744777776655545557774324364444343465764434443353204777424144437777357634574324577571577337646455477435373332134777777777742
Air Force One,1997,7/25/1997,2.066666667,Action,"Action, Drama, Thriller",R,Wolfgang Petersen,Andrew W. Marlowe,"Harrison Ford, Gary Oldman, Glenn Close, Wendy Crewson","English, Russian","USA, Germany",61,6.5,164251,tt0118571,Columbia Pictures,FALSE,notalk,251000935,457529453,123355241,0.765603329,7757753777600005335677765764165635674354444345567753575576377776575776777576467357665375757776676664573
Airplane!,1980,7/2/1980,1.466666667,Comedy,Comedy,PG,"Jim Abrahams, David Zucker, Jerry Zucker","Jim Abrahams (written for the screen by), David Zucker (written for the screen by), Jerry Zucker (written for the screen by)","Kareem Abdul-Jabbar, Lloyd Bridges, Peter Graves, Julie Hagerty",English,USA,78,7.8,185409,tt0080339,Paramount Pictures,FALSE,dubious,235987236,235987236,9897188,0.662162162,44547463464434256676332013423667424223335577657774243277646677656447764763
Aladdin,1992,11/25/1992,1.5,Comedy,"Animation, Adventure, Comedy, Family, Fantasy, Musical, Romance",G,"Ron Clements, John Musker","Ron Clements (screenplay by), John Musker (screenplay by), Ted Elliott (screenplay by), Terry Rossio (screenplay by), Burny Mattinson (story), Roger Allers (story), Daan Jippes (story), Kevin Harkey (story), Sue C. Nichols (story), Francis Glebas (story), Darrell Rooney (story), Larry Leker (story), James Fujii (story), Kirk Hanson (story), Kevin Lima (story), Rebecca Rees (story), David S. Smith (story), Chris Sanders (story), Brian Pimental (story), Patrick A. Ventura (story)","Scott Weinger, Robin Williams, Linda Larkin, Jonathan Freeman",English,USA,86,8,309939,tt0103639,Buena Vista Distribution Compa,FALSE,nowomen,360876835,836898388,46489723,0.801084991,77776776467763447534345445367777767677777677766544434333374576765677765576765647777677646776344753434544536777776767777767776654443433337457676567776557676564
Alice in Wonderland,2010,3/5/2010,1.8,Other,"Adventure, Family, Fantasy",PG,Tim Burton,"Linda Woolverton (screenplay), Lewis Carroll (books)","Johnny Depp, Mia Wasikowska, Helena Bonham Carter, Anne Hathaway",English,USA,53,6.5,350517,tt1014759,Walt Disney Pictures,TRUE,ok,356993585,1094287202,213646368,0.367595819,1100000002400334236022343465376546442100553021354317135312024331302335344221322221
Alien,1979,6/22/1979,1.933333333,Horror/Thriller,"Horror, Sci-Fi",R,Ridley Scott,"Dan O'Bannon (story), Ronald Shusett (story), Dan O'Bannon (screenplay)","Tom Skerritt, Sigourney Weaver, Veronica Cartwright, Harry Dean Stanton",English,"UK, USA",83,8.5,691126,tt0078748,20th Century Fox,TRUE,ok,259752278,653566146,28886103,0.646551724,65773356777765465577445544467765667354543655676666443464534336643575656535446744522444464675343340414131534431223310
Alien: Resurrection,1997,11/26/1997,1.816666667,Action,"Action, Horror, Sci-Fi",R,Jean-Pierre Jeunet,"Dan O'Bannon (characters), Ronald Shusett (characters), Joss Whedon","Sigourney Weaver, Winona Ryder, Dominique Pinon, Ron Perlman",English,USA,63,6.2,205204,tt0118583,Twentieth Century Fox Home Entertainment,TRUE,ok,69361952,233213967,87074287,0.60678925,77667774545576657774764520004666657757356764674334634362760422354455535313542201300332024564444644150
Aliens,1986,7/18/1986,2.283333333,Action,"Action, Adventure, Sci-Fi, Thriller",R,James Cameron,"James Cameron (story by), David Giler (story by), Walter Hill (story by), Dan O'Bannon (based on characters created by), Ronald Shusett (based on characters created by), James Cameron (screenplay by)","Sigourney Weaver, Carrie Henn, Michael Biehn, Paul Reiser",English,USA,84,8.4,585912,tt0090605,20th Century Fox Film Corporat,TRUE,ok,180860331,389321020,36104000,0.479935795,2232321260543464666623561356545211013255663544345234441001343564434553135343544231024332122323212605434646666235613565452110132556635443452344410013435644345531353435442310243321
NA,1992,5/22/1992,1.9,Action,"Action, Horror, Sci-Fi",R,David Fincher,"Dan O'Bannon (characters), Ronald Shusett (characters), Vincent Ward (story), David Giler (screenplay), Walter Hill (screenplay), Larry Ferguson (screenplay)","Sigourney Weaver, Charles S. Dutton, Charles Dance, Paul McGann",English,USA,59,6.4,248829,tt0103644,Twentieth Century Fox Home Entertainment,FALSE,nowomen,91198182,263165037,91319098,0.70995671,756534345657776774435446665577776677334675543643467454446754747754566743744342435475447776635344200
All About Steve,2009,9/4/2009,1.65,Comedy,"Comedy, Romance",PG-13,Phil Traill,Kim Barker,"Sandra Bullock, Thomas Haden Church, Bradley Cooper, Ken Jeong","English, Spanish, French, American Sign Language",USA,17,4.8,36990,tt0881891,20th Century Fox,TRUE,ok,36766024,43567433,16285974,0.508746356,00311047732011344234343332751247232026027331066454636555131432355574312237445467566637637774302303
Almost Famous,2000,9/22/2000,2.033333333,Comedy,"Adventure, Comedy, Drama, Music",R,Cameron Crowe,Cameron Crowe,"Billy Crudup, Frances McDormand, Kate Hudson, Jason Lee","English, French",USA,90,7.9,231522,tt0181875,DreamWorks SKG,TRUE,ok,43999763,64088881,81174503,0.721568627,100022412222157443312057777634477567763422323767103455675354542777776757777777777775444577537777777775667765647677666677777775332375100022412222157443312057777634477567763422323767103455675354542777776757777777777775444577537777777775667765647677666677777
Amadeus,1984,9/19/1984,2.666666667,Drama,"Biography, Drama, History, Music",R,Milos Forman,"Peter Shaffer (original stage play), Peter Shaffer (original screenplay)","F. Murray Abraham, Tom Hulce, Elizabeth Berridge, Roy Dotrice","English, Italian, Latin, German","USA, France, Czechoslovakia",93,8.3,328102,tt0086879,Warner Bros. Pictures,TRUE,ok,116494634,116494634,40345992,0.808702791,777774334367777756777777777774434225765433352676777764364443347247367777777744546767777555674435335233777777777777777777777774677777536777625577634454477777777737777777763125
American Beauty,1999,10/1/1999,2.033333333,Drama,Drama,R,Sam Mendes,Alan Ball,"Kevin Spacey, Annette Bening, Thora Birch, Wes Bentley",English,USA,86,8.4,969904,tt0169547,Dream Works,TRUE,ok,181881240,498213351,20976930,0.570074475,5652774244101432430257710233257655611004534577777737754314544435524317763452423364442345774321574332534675652775235100442430247720223347656521003624577777746763414534435533407764443332455433245775231474423443672
American Graffiti,1973,8/11/1973,1.833333333,Comedy,"Comedy, Drama",PG,George Lucas,"George Lucas, Gloria Katz, Willard Huyck","Richard Dreyfuss, Ron Howard, Paul Le Mat, Charles Martin Smith",English,USA,97,7.5,73218,tt0069704,Universal Pictures,FALSE,men,603047833,734145189,4074506,0.734549139,777654375777776767655437326775344657433233346643445443433453547725357777767343343777775533335555375577766755334357733675657543577777663677767
American History X,1998,11/20/1998,1.983333333,Drama,"Crime, Drama",R,Tony Kaye,David McKenna,"Edward Norton, Edward Furlong, Beverly D'Angelo, Jennifer Lien",English,USA,62,8.5,923880,tt0120586,New Line Cinema,FALSE,men,9603575,9603575,14291323,0.814147018,6667777777777777665736746775755776366535237775526365554335777677776577266676356675763576565437774377773
American Hustle,2013,12/20/2013,2.3,Drama,"Crime, Drama",R,David O. Russell,"Eric Warren Singer, David O. Russell","Christian Bale, Bradley Cooper, Amy Adams, Jeremy Renner","English, Arabic",USA,90,7.3,410406,tt1800241,Sony Pictures,TRUE,ok,148430908,249484909,40000000,0.737244898,636646777544245435433554543523567744342577577777760676745777774333255234247777764377774554354366337667777711301776333467757777775566776445543474346656777777566477757743
American Outlaws,2001,8/17/2001,1.566666667,Action,"Action, Western",PG-13,Les Mayfield,"Roderick Taylor (story), Roderick Taylor (screenplay), John Rogers (screenplay)","Colin Farrell, Scott Caan, Ali Larter, Gabriel Macht",English,USA,25,6,13048,tt0244000,Warner Bros.,FALSE,notalk,17454678,17454678,46054609,0.905477981,7777777777777757666545577766656767765635773576544645774677777777777777767777777777777777444777777777777777645777445777777777767657674
American Pie,1999,7/9/1999,1.583333333,Comedy,Comedy,R,"Paul Weitz, Chris Weitz",Adam Herz,"Jason Biggs, Jennifer Coolidge, Shannon Elizabeth, Alyson Hannigan",English,USA,58,7,345603,tt0163651,Universal Pictures,FALSE,men,142364760,328251410,16781544,0.723428571,6554774077777777775244676536214777777777543647745754426734677653466757776344454374443333443335577454457557645443443334554677665547731777777777751546764461247777777775346477457534276446776443766677754444444743442344333455773553675575554433443345546774
American Psycho,2000,4/14/2000,1.683333333,Drama,"Crime, Drama",R,Mary Harron,"Bret Easton Ellis (novel), Mary Harron (screenplay), Guinevere Turner (screenplay)","Christian Bale, Justin Theroux, Josh Lucas, Bill Sage","English, Spanish, Cantonese","USA, Canada",64,7.6,418992,tt0144084,Lions Gate Films,FALSE,notalk,20388715,38793859,10823267,0.743574417,77767343344463474343433334437777777667777647767777677777777566577777743573355344353544226777451323345434477774334577777777674334345543744343433334377777776677776477677776777777775674777777534743462534444443257775423233444434777753335777772
Amour,2012,9/20/2012,2.116666667,Drama,"Drama, Romance",PG-13,Michael Haneke,Michael Haneke (screenplay),"Jean-Louis Trintignant, Emmanuelle Riva, Isabelle Huppert, Alexandre Tharaud","French, English","Austria, France, Germany",94,7.9,83354,tt1602620,Sony Pictures Classics,FALSE,dubious,6837603,26295088,9841994,0.566585956,44446733533424353424324635543531534452646513765457345444340
An Education,2009,2/5/2010,1.666666667,Drama,Drama,PG-13,Lone Scherfig,"Lynn Barber (memoir), Nick Hornby (screenplay)","Carey Mulligan, Olivia Williams, Alfred Molina, Cara Seymour","English, French","UK, USA",85,7.3,121385,tt1174732,Sony Classics,TRUE,ok,13652981,32194912,8142987,0.271990019,3341036223100023334621013230003763312332243322002112022031310001145444500000000416213242000033100005530123461000002441026323100013335531003330002764222332233323002103022030410001135453600000000325304233000033100004630122462000000
Analyze This,1999,3/5/1999,1.716666667,Comedy,"Comedy, Crime",R,Harold Ramis,"Kenneth Lonergan (story), Peter Tolan (story), Peter Tolan (screenplay), Harold Ramis (screenplay), Kenneth Lonergan (screenplay)","Robert De Niro, Billy Crystal, Lisa Kudrow, Chazz Palminteri",English,"USA, Australia",61,6.7,135806,tt0122933,Warner Bros. Pictures,FALSE,notalk,149475534,247367876,41953861,0.900280112,775477777777776567777777777777777777436323777777777444577777777555777776656655776676477773665455764677777777777777777777777777777777777457547777777777777774775477777777776567777777777777777777436323777777777444577777777555777776656655776676477773665455764
Anastasia,1997,11/21/1997,1.566666667,Drama,"Animation, Adventure, Drama, Family, Fantasy, Musical, Mystery, Romance",G,"Don Bluth, Gary Goldman","Susan Gauthier (screenplay), Bruce Graham (screenplay), Bob Tzudiker (screenplay), Noni White (screenplay), Eric Tuchman (animation adaptation)","Meg Ryan, John Cusack, Kelsey Grammer, Christopher Lloyd","English, Russian, French",USA,59,7.1,100932,tt0118617,20th Century Fox,TRUE,ok,84757254,202885136,76915621,0.88449848,04612777777777777757777777777774357777667777774
Anchorman: The Legend of Ron Burgundy,2004,7/9/2004,1.566666667,Comedy,Comedy,PG-13,Adam McKay,"Will Ferrell, Adam McKay","Will Ferrell, Christina Applegate, Paul Rudd, Steve Carell","English, French, Spanish",USA,63,7.2,303134,tt0357413,Dreamworks,FALSE,men,103757037,110205951,30829822,0.790697674,77777777765275577765457547465247344774477546577343577467755444747751666777777446645564
Angels & Demons,2009,5/15/2009,2.3,Horror/Thriller,"Mystery, Thriller",PG-13,Ron Howard,"David Koepp (screenplay), Akiva Goldsman (screenplay), Dan Brown (novel)",NA,"English, Italian, Latin, French, Swiss German, German, Chinese, Spanish, Polish","USA, Italy",48,6.7,246612,tt0808151,Sony/Columbia Pictures,FALSE,nowomen,144810370,532959416,162859739,0.822857143,03777777774267777574477776664565464534435566765665566757647656777577746777776645635776675255667777770377777777426777757447777666456546453443556676566556675764765677757774677777664563577667525566777777
Animal Kingdom,2010,6/3/2010,1.883333333,Drama,"Crime, Drama",R,NA,NA,"James Frecheville, Bryce Lindemann, Paul Smits, Jacki Weaver",English,Australia,83,7.3,50796,tt1313092,Sony Pictures Classics,FALSE,notalk,1115276,8629906,4486574,0.771889401,7775455536777635775666554563577216334212577777777777777752476532457677575365557577755547566645477765677743337626477677565451
Anna Karenina,2012,9/7/2012,2.15,Drama,"Drama, Romance",R,Joe Wright,"Tom Stoppard (screenplay), Leo Tolstoy (novel)","Matthew Macfadyen, Eric MacLennan, Kelly Macdonald, Theo Morrissey",English,UK,63,6.6,82926,tt1781769,Focus Features,FALSE,men,13003980,71771007,49717290,0.552,55447777740235676775434100236333454544451333443335771234333765335453442676434454365543740563324353454252343324233103434440450
Annie Hall,1977,4/20/1977,1.55,Comedy,"Comedy, Romance",PG,Woody Allen,"Woody Allen, Marshall Brickman","Woody Allen, Diane Keaton, Tony Roberts, Carol Kane","English, German",USA,92,8,232171,tt0075686,United Artists,TRUE,ok,147005823,147005823,15372585,0.587400177,74577774435555675334353434344333334564344343334343434343434343434343434343434343444333426223433434344676434343433446753433534334334577774557777555344434664343672
Another Year,2010,2/4/2011,2.15,Comedy,"Comedy, Drama",PG-13,Mike Leigh,Mike Leigh,"Jim Broadbent, Ruth Sheen, Lesley Manville, Oliver Maltman",English,UK,80,7.3,25921,tt1431181,Sony Classics,TRUE,ok,3424437,19768384,8545855,0.472268908,577300000000000014343761222322032132121333300123044763432122464365635555457655576564545777777751231122212332344331223053344332343344533423434543143322253443331132133212333010131424130014455657775675465664735676755765557343333324343333232430000330334333343
Antitrust,2001,1/12/2001,1.75,Action,"Action, Crime, Drama, Thriller",PG-13,Peter Howitt,Howard Franklin,"Ryan Phillippe, Rachael Leigh Cook, Claire Forlani, Tim Robbins",English,USA,31,6.1,27157,tt0218817,MGM/UA,FALSE,men,14428526,23507863,39475379,0.761026991,6535663777774376667777757734557533356777456764534677777763433524355753433445445467764324477756777555746677777444663777774466667777757744457542446777456765444577777763442533355754334444536367773333477756777555746677772
Apocalypse Now,1979,8/15/1979,2.45,Drama,"Drama, War",R,Francis Ford Coppola,"John Milius, Francis Ford Coppola, Michael Herr (narration)","Marlon Brando, Martin Sheen, Robert Duvall, Frederic Forrest","English, French, Vietnamese",USA,94,8.5,531940,tt0078788,United Artists,FALSE,nowomen,252913878,252913878,101101360,0.967032967,777777777777777777777777777777777777777777777777777777777777777777767777777777777777775764342367777777777777777777777777777777777777777777777777777777777777777777777777777777777777777767777777777777777766664332477777777777777777777771
Apollo 18,2011,9/2/2011,1.433333333,Horror/Thriller,"Horror, Mystery, Sci-Fi, Thriller",PG-13,NA,"Brian Miller, Cory Goodman (screenplay), Cory Goodman (story)","Warren Christie, Lloyd Owen, Ryan Robbins, Michael Kopsa",English,"USA, Canada",24,5.2,50751,tt1772240,The Weinstein Company,FALSE,nowomen,18318189,27464261,5178454,0.986772487,777777777777777777777777777777777777777777777777777772
Argo,2012,10/12/2012,2,Drama,"Biography, Drama, Thriller",R,Ben Affleck,"Chris Terrio (screenplay by), Tony Mendez (based on a selection from ""The Master of Disguise"" by), Joshuah Bearman (based on the Wired Magazine article ""The Great Escape"" by)","Ben Affleck, Bryan Cranston, Alan Arkin, John Goodman","English, Persian, Arabic",USA,86,7.7,523689,tt1024648,Warner Bros. Pictures,TRUE,ok,138016721,224540219,45151416,0.931092437,6776777777775777776777777777777776762777777777767766757757557653767767667777577746776
Armageddon,1998,7/1/1998,2.516666667,Action,"Action, Adventure, Sci-Fi, Thriller",PG-13,Michael Bay,"Jonathan Hensleigh (screenplay), J.J. Abrams (screenplay), Tony Gilroy (adaptation), Shane Salerno (adaptation), Robert Roy Pool (story), Jonathan Hensleigh (story)","Bruce Willis, Billy Bob Thornton, Ben Affleck, Liv Tyler","English, Russian, Indonesian",USA,42,6.7,363218,tt0120591,Buena Vista,FALSE,notalk,288081893,792596781,200078524,0.922242315,7777743477574777776777766777774577777573677776657666777777777677777777777775765
Armored,2009,12/4/2009,1.466666667,Action,"Action, Crime, Thriller",PG-13,NA,James V. Simpson,"Matt Dillon, Jean Reno, Laurence Fishburne, Amaury Nolasco",English,USA,50,5.7,28259,tt0913354,Sony/Screen Gems,FALSE,nowomen,17359628,25689537,21714632,0.989285714,77777777777777777777777777777777777777777777777777777777777777777777777777777771
Army of Darkness,1992,2/19/1993,1.35,Comedy,"Comedy, Horror",R,Sam Raimi,"Sam Raimi, Ivan Raimi","Bruce Campbell, Embeth Davidtz, Marcus Gilbert, Ian Abercrombie",English,USA,57,7.6,148545,tt0106308,Universal Pictures,FALSE,men,19098934,35702407,18263820,0.928571429,7746756777777777765667777777467567777777777655777775
Arthur Christmas,2011,11/23/2011,1.616666667,Comedy,"Animation, Adventure, Comedy, Family, Fantasy",PG,"Sarah Smith, Barry Cook(co-director)","Peter Baynham (screenplay), Sarah Smith (screenplay)","James McAvoy, Hugh Laurie, Bill Nighy, Jim Broadbent",English,"UK, USA",69,7.1,44706,tt1430607,Sony Pictures,FALSE,notalk,48120751,152893489,88033717,0.90952381,676565777777777777767774676663
As Good as It Gets,1997,12/25/1997,2.316666667,Comedy,"Comedy, Drama, Romance",PG-13,James L. Brooks,"Mark Andrus (story), Mark Andrus (screenplay), James L. Brooks (screenplay)","Jack Nicholson, Helen Hunt, Greg Kinnear, Cuba Gooding Jr.",English,USA,67,7.7,248728,tt0119822,TriStar Pictures,TRUE,ok,215476950,455851198,72561906,0.651222651,777777770231337724777647435676777442345324334427777334720135765433423054543645555734443354435645467753577534335777777761222247634777557344776777342355233434427776344710235765334323055543555555724533453445645377743677443433
Assassins,1995,10/6/1995,2.2,Action,"Action, Crime, Thriller",R,Richard Donner,"Lilly Wachowski (story), Lana Wachowski (story), Lilly Wachowski (screenplay), Lana Wachowski (screenplay), Brian Helgeland (screenplay)","Sylvester Stallone, Antonio Banderas, Julianne Moore, Anatoli Davydov","English, Dutch, Spanish","France, USA",NA,6.3,71405,tt0112401,Warner Home Video,FALSE,notalk,46331600,127356911,76438973,0.65727098,7777777777777577777777777760054365325423713343432333343434343543451423432544434344333334334343256653477774777777777777777777577777777777772027165334530732434342333334343435434352332532444443435332433433434237564367775677776
Atonement,2007,1/11/2008,2.05,Drama,"Drama, Mystery, Romance, War",R,Joe Wright,"Ian McEwan (novel), Christopher Hampton (screenplay)","Saoirse Ronan, Ailidh Mackay, Brenda Blethyn, Julia West","English, French","UK, France, USA",85,7.8,223835,tt0783233,Focus Features,TRUE,ok,57278425,146285687,33706305,0.43877551,230143104334364543546755543200024332220023437753345477757761000000146442002452133210
August: Osage County,2013,1/10/2014,2.016666667,Drama,Drama,R,John Wells,"Tracy Letts (screenplay), Tracy Letts (play)","Meryl Streep, Julia Roberts, Chris Cooper, Ewan McGregor",English,USA,58,7.2,78122,tt1322269,The Weinstein Company,TRUE,ok,37304874,50304874,25000000,0.24029304,774321350000000002333323113422421012001112110021210000004343332730100000000444310017325777434342244343171122432232313002122023101100000000000001431000044244000015351113220433000000000000000000000
Austin Powers: International Man of Mystery,1997,5/2/1997,1.483333333,Comedy,"Adventure, Comedy",PG-13,Jay Roach,Mike Myers,"Mike Myers, Elizabeth Hurley, Michael York, Mimi Rogers",English,"USA, Germany",51,7,202583,tt0118655,New Line Home Entertainment,FALSE,men,78198499,98225585,26122286,0.690777577,7577567746764364776644575757000243655457753343375565433533566556435345646652566
Austin Powers: The Spy Who Shagged Me,1999,6/11/1999,1.583333333,Action,"Action, Adventure, Comedy, Crime",PG-13,Jay Roach,"Mike Myers, Michael McCullers, Mike Myers (characters)","Mike Myers, Heather Graham, Michael York, Robert Wagner","English, German",USA,59,6.6,200140,tt0145660,New Line Cinema,FALSE,notalk,288139235,433988407,48946171,0.692152918,35676457776544377777436444366776434443274435746445555442362556566753531
Avatar,2009,12/18/2009,2.7,Action,"Action, Adventure, Fantasy, Sci-Fi",PG-13,James Cameron,James Cameron,"Sam Worthington, Zoe Saldana, Sigourney Weaver, Stephen Lang","English, Spanish","UK, USA",83,7.8,1013715,tt0499549,20th Century Fox,FALSE,men,825707158,3022588801,461435929,0.654818865,77777774344464457343324234364433534457742623247464315641475525432227444643573547563634643367654666775777777777744444555375334224252554425254477526314275553245514656245322356255535653566626437343576645667766774
Away We Go,2009,6/26/2009,1.633333333,Comedy,"Comedy, Drama, Romance",R,Sam Mendes,"Dave Eggers, Vendela Vida","John Krasinski, Maya Rudolph, Carmen Ejogo, Catherine O'Hara",English,"USA, UK",58,7.1,49202,tt1176740,Focus Features,TRUE,ok,10262276,10974592,22800364,0.515991471,33452343403463424524555555344342433342231025335434133433200003333643434322245120344443354445234774423774534034657743775777636344332433
Back to the Future,1985,7/3/1985,1.933333333,Comedy,"Adventure, Comedy, Sci-Fi",PG,Robert Zemeckis,"Robert Zemeckis, Bob Gale","Michael J. Fox, Christopher Lloyd, Lea Thompson, Crispin Glover",English,USA,87,8.5,904793,tt0088763,Universal Pictures,FALSE,notalk,455981879,831110482,41136059,0.848214286,77777777740147777777777776314456777775477557777654577777734425755667777777775575
Back to the Future Part II,1989,11/22/1989,1.8,Comedy,"Adventure, Comedy, Sci-Fi",PG,Robert Zemeckis,"Robert Zemeckis (characters), Bob Gale (characters), Robert Zemeckis (story), Bob Gale (story), Bob Gale (screenplay)","Michael J. Fox, Christopher Lloyd, Lea Thompson, Thomas F. Wilson",English,USA,57,7.8,412057,tt0096874,Universal Pictures,TRUE,ok,222637302,624023495,75183554,0.904761905,576777777757437777300447477767777777777777777777777776777777777677777555
Back to the Future Part III,1990,5/25/1990,1.966666667,Comedy,"Adventure, Comedy, Sci-Fi, Western",PG,Robert Zemeckis,"Robert Zemeckis (characters), Bob Gale (characters), Robert Zemeckis (story), Bob Gale (story), Bob Gale (screenplay)","Michael J. Fox, Christopher Lloyd, Mary Steenburgen, Thomas F. Wilson",English,USA,55,7.4,346013,tt0099088,MCA Universal Home Video,FALSE,notalk,156307443,434511105,71319016,0.885361552,576777777777777741356574777777444577777777777677777777776536766546777767764765646
Bad Teacher,2011,6/24/2011,1.533333333,Comedy,"Comedy, Romance",R,Jake Kasdan,"Gene Stupnitsky, Lee Eisenberg","Cameron Diaz, Lucy Punch, Jason Segel, Justin Timberlake",English,USA,47,5.6,177659,tt1284575,Sony Pictures,TRUE,ok,103872387,224136189,19678125,0.295566502,62212310000000411003442000400303434014210213300000022132413211123220123300243432515320042245344425434214431312527330
Barney's Version,2010,2/18/2011,2.233333333,Comedy,"Comedy, Drama",R,Richard J. Lewis,"Mordecai Richler (novel), Michael Konyves (screenplay)","Paul Giamatti, Macha Grenon, Paul Gross, Atom Egoyan","English, French","Italy, Canada",67,7.3,22745,tt1423894,Sony Classics,TRUE,ok,8014473,9449125,32046955,0.726190476,775674377772657775342524777775577467743427442436564235445774247777777777555343456665772454335737666324455634442662653776
Barry Lyndon,1975,12/18/1975,3.083333333,Drama,"Adventure, Drama, History, War",PG,Stanley Kubrick,"Stanley Kubrick (written for the screen by), William Makepeace Thackeray (novel)",NA,"English, German, French","UK, USA",NA,8.1,128561,tt0072684,Warner Bros.,FALSE,notalk,86562007,86562007,47609104,0.891089109,76443465567777767777775734767767777777777777777777777777777777777634334447757775477767777667766736477
Batman,1989,6/23/1989,2.1,Action,"Action, Adventure",PG-13,Tim Burton,"Bob Kane (Batman characters), Sam Hamm (story), Sam Hamm (screenplay), Warren Skaaren (screenplay)","Michael Keaton, Jack Nicholson, Kim Basinger, Robert Wuhl","English, French, Spanish","USA, UK",69,7.5,306716,tt0096895,Warner Bros. Pictures,FALSE,notalk,472131898,773166847,65785609,0.690866511,7747763476646547754434556353445443361104455775443677776555652
Batman & Robin,1997,6/20/1997,2.083333333,Action,"Action, Sci-Fi",PG-13,Joel Schumacher,"Bob Kane (Batman characters), Akiva Goldsman","Arnold Schwarzenegger, George Clooney, Chris O'Donnell, Uma Thurman",English,"USA, UK",28,3.7,213897,tt0118688,Warner Home Video,FALSE,men,155754415,345855898,181404766,0.767281106,7777777547567277322442116567775040457777777745127557777777777577777774574763763324330256677651304677777777441375577777777773
Batman Begins,2005,6/15/2005,2.333333333,Action,"Action, Adventure, Thriller",PG-13,Christopher Nolan,"Bob Kane (characters), David S. Goyer (story), Christopher Nolan (screenplay), David S. Goyer (screenplay)","Christian Bale, Michael Caine, Liam Neeson, Katie Holmes","English, Urdu, Mandarin","USA, UK",70,8.3,1164146,tt0372784,Warner Bros. Pictures,FALSE,notalk,244981925,445357804,178954969,0.809815951,4777776777777202777777755777767777777724777777277776432144577754057566745734740774777776777777301777777755777776777777724777777367776442045477755047656746643750672
Batman Forever,1995,6/16/1995,2.016666667,Action,"Action, Adventure, Fantasy",PG-13,Joel Schumacher,"Bob Kane (characters), Lee Batchler (story), Janet Scott Batchler (story), Lee Batchler (screenplay), Janet Scott Batchler (screenplay), Akiva Goldsman (screenplay)","Val Kilmer, Tommy Lee Jones, Jim Carrey, Nicole Kidman",English,"USA, UK",51,5.4,215220,tt0112462,Warner Bros. Pictures,FALSE,notalk,281342983,514478842,152877946,0.826785714,7777777775277777775577775433454467777306777742377567457656777477336677577777742577777777752777777755777754334544677773067777423775674576567774773366775777777425
Batman Returns,1992,6/19/1992,2.1,Action,"Action, Crime, Fantasy",PG-13,Tim Burton,"Bob Kane (Batman characters), Daniel Waters (story), Sam Hamm (story), Daniel Waters (screenplay)","Michael Keaton, Danny DeVito, Michelle Pfeiffer, Christopher Walken",English,"USA, UK",68,7,246907,tt0103776,Warner Bros. Pictures,FALSE,nowomen,270360376,443020974,132827779,0.82718894,65575547777544677777543765775477534434755677777777774467777753
Beasts of the Southern Wild,2012,7/5/2012,1.55,Drama,"Adventure, Drama, Fantasy",PG-13,Benh Zeitlin,"Lucy Alibar (screenplay), Benh Zeitlin (screenplay), Lucy Alibar (stage play ""Juicy and Delicious"")",NA,English,USA,86,7.3,76464,tt2125435,Fox Searchlight,FALSE,dubious,12983057,21388640,1826349,0.49378882,5000024505675634744540664663364446260335100221
Beauty and the Beast,1991,11/22/1991,1.4,Other,"Animation, Family, Fantasy, Musical, Romance",G,"Gary Trousdale, Kirk Wise","Linda Woolverton (animation screenplay by), Brenda Chapman (story by), Chris Sanders (story by), Burny Mattinson (story by), Kevin Harkey (story by), Brian Pimental (story by), Bruce Woodside (story by), Joe Ranft (story by), Tom Ellery (story by), Kelly Asbury (story by), Robert Lence (story by)","Robby Benson, Jesse Corti, Rex Everhart, Angela Lansbury","English, French",USA,95,8,379513,tt0101414,Buena Vista,TRUE,ok,374591278,772310338,34216807,0.672757475,32457533343777677744336344464676777322444655534464544744577354457345653455435644745372
Beetlejuice,1988,3/30/1988,1.533333333,Comedy,"Comedy, Fantasy",PG,Tim Burton,"Michael McDowell (story), Larry Wilson (story), Michael McDowell (screenplay), Warren Skaaren (screenplay)","Alec Baldwin, Geena Davis, Annie McEnroe, Maurice Page",English,USA,70,7.5,225389,tt0094721,Warner Bros. Pictures,TRUE,ok,144427648,144427648,29544705,0.445852535,4320234543335344341245343453342223004643255222332210576231322223232356546312142523234345324144323341302434325534475574302230
Before Sunrise,1995,1/27/1995,1.683333333,Drama,"Drama, Romance",R,Richard Linklater,"Richard Linklater, Kim Krizan",NA,"English, German, French","USA, Austria, Switzerland",77,8.1,231414,tt0112471,Sony Pictures Home Entertainment,FALSE,nowomen,8062791,8062791,3821949,0.501930502,43444342434344335657534343432443303343343433342434343343434343333443443434
Before Sunset,2004,7/30/2004,1.333333333,Drama,"Drama, Romance",R,Richard Linklater,"Richard Linklater (screenplay), Julie Delpy (screenplay), Ethan Hawke (screenplay), Richard Linklater (story), Kim Krizan (story), Richard Linklater (characters), Kim Krizan (characters)",NA,"English, French",USA,90,8.1,202029,tt0381681,Warner Independent Pictures,FALSE,nowomen,7143667,13927421,2466386,0.486682809,55756435234425235331524364343315224252342432424342235143432
Beginners,2010,6/9/2011,1.75,Comedy,"Comedy, Drama, Romance",R,Mike Mills,Mike Mills,NA,"English, French",USA,81,7.2,82851,tt1532503,Focus Features,FALSE,notalk,6186017,12353318,3418342,0.767857143,777764777747735777657677577743742353257777744335637777777632444677734664467777775535236316775231
Being John Malkovich,1999,12/3/1999,1.883333333,Comedy,"Comedy, Drama, Fantasy",R,Spike Jonze,Charlie Kaufman,"John Cusack, Cameron Diaz, Ned Bellamy, Eric Weinstein",English,USA,90,7.8,284353,tt0120601,Gramercy Pictures,TRUE,ok,31967340,45285530,18180006,0.599206349,344243666554423434763564334346657443442466243335233345434224333424455766664313443424666566426653567773534342
Beloved,1998,10/16/1998,2.866666667,Drama,"Drama, History, Horror",R,Jonathan Demme,"Toni Morrison (novel), Akosua Busia (screenplay), Richard LaGravenese (screenplay), Adam Brooks (screenplay)","Yada Beener, Emil Pinnock, Calen Johnson, Oprah Winfrey",English,USA,57,5.9,6541,tt0120603,Touchstone Pictures,TRUE,ok,32659228,32659228,75744013,0.325490196,400000003444443333322143244334320323102410000122331434351000000000003610123343433310334501677200104344000144434467772777777200000000000001433443400000003444443333322143244334320323102410000122331434351000000000003610123343433310334501677200104344000144434
Beowulf,2007,11/16/2007,1.916666667,Action,"Animation, Action, Adventure, Fantasy",PG-13,Robert Zemeckis,"Neil Gaiman (screenplay), Roger Avary (screenplay), Anonymous (epic poem ""Beowulf"")","Robin Wright, Anthony Hopkins, Paul Baker, John Bilezikjian","English, Old English",USA,59,6.2,153521,tt0442933,Paramount Pictures,TRUE,ok,92349898,219085603,168531522,0.768398268,777763467777776674356776636477573243577777444226737774573776057062
Big Fish,2003,1/9/2004,2.083333333,Drama,"Adventure, Drama, Fantasy, Romance",PG-13,Tim Burton,"Daniel Wallace (novel), John August (screenplay)","Ewan McGregor, Albert Finney, Billy Crudup, Jessica Lange","English, Cantonese",USA,58,8,384643,tt0319061,Sony Pictures,FALSE,notalk,84109786,156276743,88626087,0.559907834,67437751356777756505334204777031002444654723330000124315777762
Black Christmas,2006,12/25/2006,1.4,Comedy,"Comedy, Horror",R,Glen Morgan,"Glen Morgan (screenplay), Roy Moore","Katie Cassidy, Michelle Trachtenberg, Mary Elizabeth Winstead, Lacey Chabert",English,"USA, Canada",22,4.6,22440,tt0454082,N/A,TRUE,ok,18765207,18765207,10402167,0.104529617,10000000000000014632101042000000000003200
Black Hawk Down,2001,1/18/2002,2.4,Drama,"Drama, History, War",R,Ridley Scott,"Mark Bowden (book), Ken Nolan (screenplay)","Josh Hartnett, Ewan McGregor, Tom Sizemore, Eric Bana","English, Somali, Arabic","USA, UK",74,7.7,332882,tt0265086,Sony Pictures,FALSE,nowomen,142951853,210128869,125005366,1,777777777777777777777777777777777777777777777777777777777777777777777777777777777777777777777777777
Black Swan,2010,12/17/2010,1.8,Drama,"Drama, Thriller",R,Darren Aronofsky,"Mark Heyman (screenplay), Andres Heinz (screenplay), John J. McLaughlin (screenplay), Andres Heinz (story)","Natalie Portman, Mila Kunis, Vincent Cassel, Barbara Hershey","English, French, Italian",USA,79,8,632220,tt0947798,Fox Searchlight,TRUE,ok,114252393,353869648,13887014,0.339047619,000075730023561003537424123444001477215410000003225442002142340000002452550
Blade,1998,8/21/1998,2,Action,"Action, Horror, Sci-Fi",R,Stephen Norrington,David S. Goyer,"Wesley Snipes, Stephen Dorff, Kris Kristofferson, N'Bushe Wright","English, Russian, Serbian",USA,45,7.1,221066,tt0120611,New Line Cinema,FALSE,notalk,100242021,187556021,64310954,0.696545285,344534566776454467134455365545766655574434753777764237777245443567632534645534472446677655445732444635555477575556543376367777342677734535346773254274562
Blade II,2002,3/22/2002,1.95,Action,"Action, Horror, Sci-Fi, Thriller",R,Guillermo del Toro,"Marv Wolfman (character), Gene Colan (character), David S. Goyer","Wesley Snipes, Kris Kristofferson, Ron Perlman, Leonor Varela","English, Romanian, Czech","Germany, USA",52,6.7,181953,tt0187738,New Line Cinema,FALSE,notalk,105786208,199896148,69939678,0.817518248,26677777775563657666466576547765257677377657656754426675767775774745356777777755645576673666674567653476773776576567544356766677757747452
Blade Runner,1982,6/25/1982,1.95,Horror/Thriller,"Sci-Fi, Thriller",R,Ridley Scott,"Hampton Fancher (screenplay), David Webb Peoples (screenplay), Philip K. Dick (novel)","Harrison Ford, Rutger Hauer, Sean Young, Edward James Olmos","English, German, Cantonese, Japanese, Hungarian, Arabic","USA, Hong Kong",89,8.2,611477,tt0083658,Warner Bros. Pictures,FALSE,notalk,78808471,79974780,67571504,0.821052632,7777777777745364447426773447777743332577777767777777753647467772333666777455777777367427577777777777777776544643573367634577777243227777777677777777445573777623336767764657777772764375777773
Blades of Glory,2007,3/30/2007,1.55,Comedy,"Comedy, Sport",PG-13,"Josh Gordon, Will Speck","Jeff Cox (screenplay), Craig Cox (screenplay), John Altschuler (screenplay), Dave Krinsky (screenplay), Craig Cox (story), Jeff Cox (story), Busy Philipps (story)","Will Ferrell, Jon Heder, Will Arnett, Amy Poehler","English, Japanese",USA,64,6.3,144261,tt0445934,Paramount Pictures,TRUE,ok,133246132,163581806,68536152,0.863787375,77573576777777777775777777464577535777457677746777777777753435665335737764667467767777
Blazing Saddles,1974,2/7/1974,1.55,Comedy,"Comedy, Western",R,Mel Brooks,"Mel Brooks (screenplay), Norman Steinberg (screenplay), Andrew Bergman (screenplay), Richard Pryor (screenplay), Alan Uger (screenplay), Andrew Bergman (story)","Cleavon Little, Gene Wilder, Slim Pickens, Harvey Korman","English, Yiddish, German",USA,73,7.8,113601,tt0071230,Warner Bros. Pictures,FALSE,notalk,564485269,564485269,12281688,0.920634921,777777777767677777777677735524776777777757774
Blood Diamond,2006,12/8/2006,2.383333333,Drama,"Adventure, Drama, Thriller",R,Edward Zwick,"Charles Leavitt (screenplay), Charles Leavitt (story), C. Gaby Mitchell (story)","Leonardo DiCaprio, Djimon Hounsou, Jennifer Connelly, Kagiso Kuypers","English, Mende, Afrikaans","Germany, USA",64,8,453979,tt0450259,Warner Bros. Pictures,FALSE,notalk,66317186,198077969,115579635,0.775075988,77777501777770477165455665663734777777777614645
Blow,2001,4/6/2001,2.066666667,Drama,"Biography, Crime, Drama",R,Ted Demme,"Bruce Porter (book), David McKenna (screenplay), Nick Cassavetes (screenplay)",NA,English,USA,52,7.6,220173,tt0221027,New Line Cinema,FALSE,notalk,69727697,109586673,39475379,0.836414566,755467756644775777675676577624343526367457777777777777777676777677777777777775476336777767762677763763765757734334576343653677777446774376644776665457757776657765775243443363772777777777777777767767767777777777777745753377777677437777547547567576343346753
Blue Jasmine,2013,8/23/2013,1.633333333,Drama,Drama,PG-13,Woody Allen,Woody Allen,"Cate Blanchett, Joy Carlin, Richard Conti, Glen Caspillo",English,USA,78,7.3,176059,tt2334873,Sony Pictures Classics,TRUE,ok,33345833,68447831,18000000,0.319727891,034211213223240324242
Blue Valentine,2010,1/28/2011,1.866666667,Drama,"Drama, Romance",R,Derek Cianfrance,"Derek Cianfrance, Joey Curtis, Cami Delavigne","Ryan Gosling, Michelle Williams, Faith Wladyka, John Doman",English,USA,81,7.4,166518,tt1120985,Weinstein Company,FALSE,men,10402326,17696585,1068232,0.563843236,35234314414342777777774544443343444111235445344777653443444443445524553443144273323342343434563534644344633434442
Boiler Room,2000,2/18/2000,2,Drama,"Crime, Drama, Thriller",R,Ben Younger,Ben Younger,"Giovanni Ribisi, Vin Diesel, Nia Long, Nicky Katt","English, Russian",USA,63,7,45540,tt0181984,New Line Home Entertainment,FALSE,notalk,22950688,38928095,12176175,0.841517857,75766657777777776357755677334776543557533477777777777777775447767777756777777777753377434677777747775777774402777742676444577751
Boogie Nights,1997,10/31/1997,2.583333333,Drama,Drama,R,Paul Thomas Anderson,Paul Thomas Anderson,NA,English,USA,85,7.9,215943,tt0118749,New Line Cinema,FALSE,dubious,38328318,62565379,21768572,0.778151261,665257777777764557634564547534331467777663344357777677777777777577777765776743434457557743456433475475436777435777777634677777757344343677776677756043607776434771121137777776775666777777777332456654566525777777776455763456454753433146777766334435777767777
Bound,1996,10/4/1996,1.816666667,Horror/Thriller,"Crime, Romance, Thriller",R,"Lana Wachowski, Lilly Wachowski","Lilly Wachowski, Lana Wachowski","Jennifer Tilly, Gina Gershon, Joe Pantoliano, John P. Ryan","English, Italian",USA,61,7.4,46176,tt0115736,Republic Pictures Home Video,TRUE,ok,5646983,10412962,6683242,0.395513577,20000000000000002444510000020000055400000055000000000205100134014550044475777767776763544577557442067535454457744455723002000000000000000244451000002000005540000005500000000020510013401455004447577776777676354457755744206753545445774445572300
Braveheart,1995,5/24/1995,2.966666667,Drama,"Biography, Drama, History, War",R,Mel Gibson,Randall Wallace,"James Robinson, Sean Lawlor, Sandy Nelson, James Cosmo","English, French, Latin, Scottish Gaelic, Italian",USA,68,8.4,873573,tt0112573,Paramount Pictures,FALSE,men,115492633,319514907,110072121,0.862934363,77777774277777777777776777777606777777777777343437777777771532677775734175
Brazil,1985,12/18/1985,2.2,Drama,"Drama, Sci-Fi",R,Terry Gilliam,"Terry Gilliam (screenplay by), Tom Stoppard (screenplay by), Charles McKeown (screenplay by)","Jonathan Pryce, Robert De Niro, Katherine Helmond, Ian Holm",English,"UK, USA",88,8,171087,tt0088846,Universal Pictures,TRUE,ok,21497131,21497131,32475836,0.801724138,77557637754332532325777777777777777775777777774455467777777777777777777777655454433343344234342577637656465757777751
Brick,2005,4/14/2006,1.833333333,Action,"Action, Crime, Drama, Mystery, Thriller",R,Rian Johnson,Rian Johnson,"Joseph Gordon-Levitt, Nora Zehetner, Lukas Haas, Noah Fleiss",English,USA,72,7.4,93370,tt0393109,Focus Features,FALSE,notalk,2476430,4876515,536865,0.834586466,434777753434475334377743277777767774477744577777777677776334477777777777777777754777777777742773546777777773443447434777753434475334377743277777767774477744577777777677776334477777777777777777754777777777742773546777777773443447
Bridesmaids,2011,5/13/2011,2.083333333,Comedy,"Comedy, Romance",R,Paul Feig,"Kristen Wiig, Annie Mumolo","Kristen Wiig, Terry Crews, Maya Rudolph, Tom Yi",English,USA,75,6.8,245208,tt1478338,Universal Studios,TRUE,ok,175142277,299587165,33659951,0.174482007,33322000000161132000000000000000133300012010000000000013314354410002021000001200234334420003211000000043553400020000023430000301440
Bright Star,2009,10/9/2009,1.983333333,Drama,"Biography, Drama, Romance",PG,Jane Campion,"Jane Campion, Jane Campion (screenplay), Andrew Motion (biography ""Keats"")","Abbie Cornish, Ben Whishaw, Paul Schneider, Kerry Fox","English, French","UK, Australia, France",81,7,23598,tt0810784,Apparition Films,TRUE,ok,4825683,18740466,9228719,0.476190476,220122442144445545615254363427444357776100013003515354374322242144234363
Brokeback Mountain,2005,1/13/2006,2.233333333,Drama,"Drama, Romance",R,Ang Lee,"Annie Proulx (short story), Larry McMurtry (screenplay), Diana Ossana (screenplay)","Heath Ledger, Jake Gyllenhaal, Randy Quaid, Valerie Planche","English, Spanish","USA, Canada",87,7.7,293370,tt0388795,Focus Features,FALSE,notalk,99073958,207704444,16583160,0.829365079,774677777777777776576674566343475145
Broken Arrow,1996,2/9/1996,1.8,Action,"Action, Adventure, Thriller",R,John Woo,Graham Yost,"John Travolta, Christian Slater, Samantha Mathis, Delroy Lindo",English,USA,61,6,84557,tt0115759,Twentieth Century Fox Home Entertainment,FALSE,nowomen,104920957,220318272,96535720,0.81540931,77777777375677773445377647774344777756456554775357556776367777443556777777456663377767751
Brooklyn's Finest,2009,3/5/2010,2.2,Drama,"Crime, Drama, Thriller",R,Antoine Fuqua,Michael C. Martin,"Richard Gere, Don Cheadle, Ethan Hawke, Wesley Snipes",English,USA,43,6.7,57302,tt1210042,Overture Films,FALSE,notalk,29492371,42596761,18457437,0.842490842,777777633555567777777745366777776677773667777776425557777577777733223536777774
Brothers,2009,12/4/2009,1.75,Drama,"Drama, War",R,Jim Sheridan,NA,"Tobey Maguire, Jake Gyllenhaal, Natalie Portman, Sam Shepard",English,USA,58,7.1,100921,tt0765010,Lionsgate Films,TRUE,ok,30991293,48905553,28229022,0.616666667,710477777443313243546577774345634254430256565546322677775556477777533305014447763443217777424154331332543302025777766431
Bruce Almighty,2003,5/23/2003,1.683333333,Comedy,"Comedy, Drama, Fantasy",PG-13,Tom Shadyac,"Steve Koren (story), Mark O'Keefe (story), Steve Koren (screenplay), Mark O'Keefe (screenplay), Steve Oedekerk (screenplay)","Jim Carrey, Morgan Freeman, Jennifer Aniston, Philip Baker Hall","English, Spanish",USA,46,6.7,339033,tt0315327,Universal Pictures,TRUE,ok,307285628,612120077,102553043,0.686546463,4734346446775677710134224674477777777777204753452677777646101544765463364433345314565446556777753574472
Buffy the Vampire Slayer,1992,7/31/1992,1.433333333,Action,"Action, Comedy, Fantasy, Horror",PG-13,Fran Rubel Kuzui,Joss Whedon,"Kristy Swanson, Donald Sutherland, Paul Reubens, Rutger Hauer",English,USA,48,5.6,36153,tt0103893,20th Century Fox,TRUE,ok,23629512,23629512,11622431,0.49944629,775000034466624451323161035455720072013344334332235433433343347771344331663675575444443555345575640000000443510345054453564433441
Burlesque,2010,11/24/2010,1.983333333,Drama,"Drama, Music, Musical, Romance",PG-13,Steve Antin,Steve Antin,"Cher, Christina Aguilera, Eric Dane, Cam Gigandet","English, Ukrainian",USA,47,6.4,69451,tt1126591,Sony Pictures/Screen Gems,TRUE,ok,42131764,95774887,58752751,0.389312977,00001013205210443300134463010015363333434243300114403244323022242452443535343445343144344200233643335543345446553424342443500131000
Burn After Reading,2008,9/12/2008,1.6,Comedy,"Comedy, Crime, Drama, Thriller",R,"Ethan Coen, Joel Coen","Joel Coen, Ethan Coen","George Clooney, Frances McDormand, Brad Pitt, John Malkovich",English,"USA, UK, France",63,7,279967,tt0887883,Focus Features,FALSE,notalk,65319955,176857711,40043484,0.664640324,777734565543345567764343344024354764344334345766465344336364543343676543444535524377733445777777754342343334777774434543444133453445777777776
Capote,2005,2/3/2006,1.9,Drama,"Biography, Crime, Drama, History",R,Bennett Miller,"Dan Futterman (screenplay), Gerald Clarke (book)","Allie Mickelson, Kelci Stephenson, Philip Seymour Hoffman, Craig Archibald",English,"USA, Canada",88,7.4,115059,tt0379725,Sony Pictures Classics,FALSE,dubious,34300335,59561080,8351232,0.806349206,354377777237322324433577334366767666777777737777777777654377677777777777775424777557777733
Captain America: The First Avenger,2011,7/22/2011,2.066666667,Action,"Action, Adventure, Sci-Fi",PG-13,Joe Johnston,"Christopher Markus (screenplay), Stephen McFeely (screenplay), Joe Simon (comic books), Jack Kirby (comic books)","Chris Evans, Hayley Atwell, Sebastian Stan, Tommy Lee Jones","English, Norwegian, French",USA,66,6.9,630462,tt0458339,Paramount Pictures,FALSE,notalk,182959443,383795703,144996710,0.866666667,777777777767677777723777777777341577766777757577764466654777777764666767745433676677777753477765745357776
Captain Phillips,2013,10/11/2013,2.233333333,Drama,"Biography, Drama, Thriller",PG-13,Paul Greengrass,"Billy Ray (screenplay), Richard Phillips (based upon the book ""A Captain's Duty: Somali Pirates,  Navy SEALS,  and Dangerous Days at Sea"" by), Stephan Talty (based upon the book ""A Captain's Duty: Somali Pirates,  Navy SEALS,  and Dangerous Days at Sea"" by)","Tom Hanks, Catherine Keener, Barkhad Abdi, Barkhad Abdirahman","English, Somali",USA,83,7.8,377861,tt1535109,Sony Pictures,FALSE,notalk,107136417,218743570,55000000,0.936507937,533675577777777774777777777777777777777777777777777777777777773067777777777777777777777777777777777777777777775663511
Carrie,2013,10/18/2013,1.666666667,Drama,"Drama, Horror",R,Kimberly Peirce,"Lawrence D. Cohen (screenplay), Roberto Aguirre-Sacasa (screenplay), Stephen King (novel)",NA,English,USA,53,5.9,122893,tt1939659,Sony Pictures,TRUE,ok,35266619,85001659,30000000,0.302005013,000002000024420000023444342000002357566500133425434432100001411003560014400000035122410353413344341436535630000020
Cars 2,2011,6/24/2011,1.766666667,Comedy,"Animation, Adventure, Comedy, Family, Sport",G,"John Lasseter, Brad Lewis(co-director)","John Lasseter (original story by), Brad Lewis (original story by), Dan Fogelman (original story by), Ben Queen (screenplay by)","Larry the Cable Guy, Owen Wilson, Michael Caine, Emily Mortimer","English, Japanese, Italian, French",USA,57,6.2,131157,tt1216475,Walt Disney Pictures/PIXAR,FALSE,men,198283907,580147769,207138157,0.843984962,77777766777776767775775777777754377774675447777775676244655777777664444756764657655777435256775536765476756777777647676645457776647577747667565446652657
Case 39,2009,10/1/2010,1.816666667,Horror/Thriller,"Horror, Mystery, Thriller",R,Christian Alvart,Ray Wright,NA,English,"USA, Canada",25,6.2,69682,tt0795351,Paramount Studios,TRUE,ok,14398811,31814980,29314753,0.276691729,02432000024202441002234200003252400343332412334433300300244434444400000140010440434531000012000
Casino,1995,11/22/1995,2.966666667,Drama,"Crime, Drama",R,Martin Scorsese,"Nicholas Pileggi (book), Nicholas Pileggi (screenplay), Martin Scorsese (screenplay)","Robert De Niro, Sharon Stone, Joe Pesci, James Woods",English,"USA, France",73,8.2,400173,tt0112641,Universal Pictures,FALSE,men,64878801,168777252,79496532,0.820168067,777776677777777777677777777677651102331244446545474777757777777777755763455443133577777777777777777734377577557677777776777777777777777764457533443343777543457777466776727777777777777777777636545647777770777257377777777777577767453344666335445442434445434
Cast Away,2000,12/22/2000,2.383333333,Drama,"Adventure, Drama, Romance",PG-13,Robert Zemeckis,William Broyles Jr.,"Tom Hanks, Paul Sanchez, Lari White, Leonid Citer","English, Russian",USA,73,7.8,461299,tt0162222,20th Century Fox,FALSE,notalk,316082883,578003746,114997212,0.815018315,777677777777342334334467777433777777777777777777757744475443437777777744423774
Catch Me If You Can,2002,12/25/2002,2.35,Drama,"Biography, Crime, Drama",PG-13,Steven Spielberg,"Jeff Nathanson (screenplay), Frank Abagnale Jr. (book), Stan Redding (book)","Leonardo DiCaprio, Tom Hanks, Christopher Walken, Martin Sheen","English, French","USA, Canada",75,8.1,694690,tt0264464,DreamWorks SKG,FALSE,notalk,213195306,454746230,67349319,0.827988338,77545677545545477765777754545777777777777776355355436534345677764677776434577744477776377777777676
Catwoman,2004,7/23/2004,1.733333333,Action,"Action, Crime, Fantasy",PG-13,Pitof,"Bob Kane (characters), Theresa Rebeck (story), John Brancato (story), Michael Ferris (story), John Brancato (screenplay), Michael Ferris (screenplay), John Rogers (screenplay)","Halle Berry, Benjamin Bratt, Sharon Stone, Lambert Wilson","English, Spanish",USA,27,3.3,99784,tt0327554,Warner Bros. Pictures,TRUE,ok,49577287,101301096,123319288,0.346153846,000031135430447202420000245443377030000310020166334344200626144331454310023431
Cecil B. DeMented,2000,9/1/2000,1.45,Comedy,"Comedy, Crime, Thriller",R,John Waters,John Waters,"Melanie Griffith, Stephen Dorff, Alicia Witt, Adrian Grenier",English,"France, USA",57,6.2,12382,tt0173716,Artisan Entertainment,TRUE,ok,1727642,2643423,13529084,0.697336562,50534235565466776357657457454374455654634655756434353666665
Cellular,2004,9/10/2004,1.566666667,Action,"Action, Crime, Thriller",PG-13,David R. Ellis,"Larry Cohen (story), Chris Morgan (screenplay)","Caroline Aaron, Kim Basinger, Brenda Ballard, Will Beinbrink",English,"USA, Germany",60,6.5,86319,tt0337921,New Line Cinema,TRUE,ok,39466636,75811746,55493679,0.800664452,17765437537534334132567777777764677677774246777777777477627777064677677776677776355642
Chain Reaction,1996,8/2/1996,1.783333333,Action,"Action, Drama, Sci-Fi, Thriller",PG-13,Andrew Davis,"Arne Schmidt (story), Rick Seaman (story), Josh Friedman (story), J.F. Lawton (screenplay), Michael Bortman (screenplay)","Keanu Reeves, Morgan Freeman, Rachel Weisz, Fred Ward",English,USA,NA,5.6,44366,tt0115857,Twentieth Century Fox Home Entertainment,FALSE,notalk,31524414,89420791,81684071,0.773399015,565776777777453275746756753533746545020675002647751567677377635757777757775675676776667
Changeling,2008,10/31/2008,2.35,Drama,"Biography, Crime, Drama, History, Mystery, Thriller",R,Clint Eastwood,J. Michael Straczynski,"Angelina Jolie, Gattlin Griffith, Michelle Gunn, Jan Devereaux",English,USA,63,7.7,220228,tt0824747,Universal Pictures,TRUE,ok,38679626,123166807,59524097,0.600240096,23342324002617735354403344354104474322543500047710065435777777777043451465414777771333437772576777745764544433222777773
Charlie Bartlett,2007,2/22/2008,1.616666667,Comedy,"Comedy, Drama, Romance",R,Jon Poll,Gustin Nash,"Anton Yelchin, Robert Downey Jr., Hope Davis, Kat Dennings",English,USA,54,7,59947,tt0423977,MGM,FALSE,men,4438327,5950184,13482522,0.751984127,524364547465534677751577747774564442677755773662357777777534665235767753
Charlie's Angels,2000,11/3/2000,1.633333333,Action,"Action, Adventure, Comedy, Crime, Thriller",PG-13,McG,"Ryan Rowe, Ed Solomon, John August, Ivan Goff (TV series), Ben Roberts (TV series)","Cameron Diaz, Drew Barrymore, Lucy Liu, Bill Murray","English, German, Finnish, Japanese, Cantonese","USA, Germany",52,5.5,160557,tt0160127,Columbia Pictures,TRUE,ok,169526922,351399133,121761754,0.315398887,4124434020471000230002002110022253335225202442413312322334412331230032413244422244330215600003200110111101213443270441034423143025033434033303201234124440
Chasing Amy,1997,4/18/1997,1.883333333,Comedy,"Comedy, Drama, Romance",R,Kevin Smith,Kevin Smith,"Ethan Suplee, Ben Affleck, Scott Mosier, Jason Lee",English,USA,71,7.3,123494,tt0118842,Miramax Films,TRUE,ok,17424311,21993652,362810,0.683473389,543434367777777777434343513445457775433434344377434742331673453345777773433353477700013457777777775443343376777777777665535524434343434777777777763434344054453777743343434435763457133327544434377777534335345774000243777777777743442444767777777766753372442
Children of Men,2006,1/5/2007,1.816666667,Drama,"Drama, Sci-Fi, Thriller",R,NA,NA,"Clive Owen, Juan Gabriel Yacuzzi, Michael Caine, Mishal Husain","English, German, Italian, Romanian, Spanish, Arabic, Georgian, Russian, Serbian","USA, UK, Japan",84,7.9,418829,tt0206634,Universal Pictures,TRUE,ok,41091314,80270290,87840522,0.659546061,27777777621336436727777772474333545534532335556656365542346635554336665762245442245444473647654553666652251
Chocolat,2000,1/19/2001,2.016666667,Drama,"Drama, Romance",PG-13,NA,"Joanne Harris (novel), Robert Nelson Jacobs (screenplay)","Alfred Molina, Carrie-Anne Moss, Aurelien Parent Koenig, Antonio Gil","English, French","UK, USA",64,7.3,165489,tt0241303,Miramax,TRUE,ok,96475572,206318992,33822710,0.49271137,11042444301576411574772013523530000773443565477711344444553310137337745106423444324003377003776212
Chronicle,2012,2/3/2012,1.4,Drama,"Drama, Sci-Fi, Thriller",PG-13,Josh Trank,"Max Landis (screenplay), Max Landis (story), Josh Trank (story)","Dane DeHaan, Alex Russell, Michael B. Jordan, Michael Kelly",English,USA,69,7.1,225892,tt1706593,20th Century Fox,FALSE,notalk,65520463,128935373,12175663,0.899159664,7777657777657777777777777677777777777777777777777777777773546777777763323577775334362
Clash of the Titans,2010,4/2/2010,1.766666667,Action,"Action, Adventure, Fantasy",PG-13,Louis Leterrier,"Travis Beacham (screenplay), Phil Hay (screenplay), Matt Manfredi (screenplay), Beverley Cross","Sam Worthington, Liam Neeson, Ralph Fiennes, Jason Flemyng",English,"USA, UK, Australia",39,5.8,251726,tt0800320,Warner Bros.,FALSE,dubious,174351340,526867848,133528980,0.641369048,733375656753444334301246757644343311202777777003656144774647626777777236777533675433055304554773
Clerks,1994,11/9/1994,1.533333333,Comedy,Comedy,R,Kevin Smith,Kevin Smith,"Brian O'Halloran, Jeff Anderson, Marilyn Ghigliotti, Lisa Spoonauer",English,USA,70,7.8,198628,tt0109445,Miramax Films,FALSE,notalk,4830398,6120440,42435,0.799439776,777775014345443434434332434343477777777777777777777777777743437777777777745346777777777777777777777777777777776777777775546547545667363434343434334777777643434644444453457777777777777744443777777777777203344543434434341434334457777777777777777777777777772
Cliffhanger,1993,5/28/1993,1.883333333,Action,"Action, Adventure, Thriller",R,Renny Harlin,"John Long (premise), Michael France (screen story), Michael France (screenplay), Sylvester Stallone (screenplay)","Sylvester Stallone, John Lithgow, Michael Rooker, Janine Turner",English,"USA, Italy, France",60,6.4,108940,tt0106582,Sony Pictures Home Entertainment,FALSE,notalk,135525899,411177020,104809829,0.774774775,444564433354577776343434677664577735336777777776777546535675577335777575653757554665454465654425777776777676564
Cloud Atlas,2012,10/26/2012,2.866666667,Action,"Action, Drama, Mystery, Sci-Fi",R,"Tom Tykwer, Lana Wachowski, Lilly Wachowski","David Mitchell (novel), Lana Wachowski (written for the screen by), Tom Tykwer (written for the screen by), Lilly Wachowski (written for the screen by), Chris Lindsay (additional material)","Tom Hanks, Halle Berry, Jim Broadbent, Hugo Weaving","English, Spanish, Ukrainian","Germany, USA, Hong Kong, Singapore",55,7.5,321195,tt1371111,Warner Bros. Pictures,TRUE,ok,27505098,127863295,103493134,0.664886515,74774277413443153552677763445744357437444361376210367575764343756765777655437645346552444455456562563244743
Cloudy with a Chance of Meatballs,2009,9/18/2009,1.5,Action,"Animation, Action, Adventure, Comedy, Family, Fantasy, Sci-Fi",PG,"Phil Lord, Christopher Miller","Phil Lord (written for the screen by), Christopher Miller (written for the screen by), Judi Barrett (book), Ron Barrett (book), Rob Greenberg (additional screenplay material)","Bill Hader, Anna Faris, James Caan, Andy Samberg","English, French, Russian",USA,66,7,181421,tt0844471,Sony Pictures,FALSE,notalk,135575603,257131292,108573160,0.787087912,74677777777777777467674426355774343263457776536444443364777777646776477573777557457575776567744445655541
Cloudy with a Chance of Meatballs 2,2013,9/27/2013,1.583333333,Action,"Animation, Action, Adventure, Comedy, Family, Fantasy, Sci-Fi",PG,"Cody Cameron, Kris Pearn","Erica Rivinoja (screenplay by), John Francis Daley (screenplay), Jonathan Goldstein (screenplay by), Phil Lord (story by), Christopher Miller (story by), Erica Rivinoja (story by), Judi Barrett (inspired by the book ""Cloudy with a Chance of Meatballs"" written by), Ron Barrett (inspired by the book ""Cloudy with a Chance of Meatballs"" illustrated by)","Bill Hader, Anna Faris, James Caan, Will Forte",English,USA,59,6.4,78236,tt1985966,Sony Pictures,FALSE,nowomen,119640264,271725448,78000000,0.820622986,7444677776674577777766477547775745757767646576666475756566674254765557766367677777647776574254567654344777667622777777566667767575240
Cloverfield,2008,1/18/2008,1.416666667,Action,"Action, Horror, Sci-Fi, Thriller",PG-13,Matt Reeves,Drew Goddard,"Lizzy Caplan, Jessica Lucas, T.J. Miller, Michael Stahl-David","English, Russian",USA,64,7,344197,tt1060277,Paramount,TRUE,ok,86632922,184810452,27056408,0.701726845,4443236772335753475343457777665755665565552763343776754566345356457753774676555664232564452
Clueless,1995,7/19/1995,1.616666667,Comedy,"Comedy, Romance",PG-13,Amy Heckerling,Amy Heckerling,"Alicia Silverstone, Stacey Dash, Brittany Murphy, Paul Rudd","English, Spanish",USA,68,6.8,150510,tt0112697,N/A,TRUE,ok,86526587,86526587,20944279,0.555256065,520335067731663052101234202630073322264163657755777723475737635454321672554277244023424775056503410023430074005532126325464775577773346665564454541157444607732
Cold Mountain,2003,12/25/2003,2.566666667,Drama,"Adventure, Drama, History, Romance, War",R,Anthony Minghella,"Charles Frazier (book), Anthony Minghella (screenplay)",NA,English,"UK, Italy, Romania, USA",73,7.2,130321,tt0159365,Miramax Films,TRUE,ok,121079205,204640944,101286957,0.504761905,777724457223455434300334475331000100277600375100067777644761100375223057603314313343302423354450136277777777776000320134234342577237776334660345536052004436724300010005773024550002777775367320006544121773142232234332043324634303363777777777730013102432344
Collateral,2004,8/6/2004,2,Drama,"Crime, Drama, Thriller",R,Michael Mann,Stuart Beattie,"Tom Cruise, Jamie Foxx, Jada Pinkett Smith, Mark Ruffalo","English, Spanish, French, Korean",USA,71,7.5,330373,tt0369339,Paramount Pictures,FALSE,nowomen,123529118,268429281,73991573,0.849721707,5100005777777777777777777775676577777777775333467777776777777767677777777006651000057777777777777777777756765777777777753334677777767777777676777777770066
Colombiana,2011,8/26/2011,1.8,Action,"Action, Drama, Thriller",PG-13,Olivier Megaton,"Luc Besson (screenplay), Robert Mark Kamen (screenplay)",NA,"English, Spanish",France,45,6.4,85992,tt1657507,Sony Pictures,FALSE,notalk,37974487,74257040,41427631,0.714285714,4775767776765536644435514665744737777753455332243444736777744344542567546445462142577637775576
Conan the Barbarian,2011,8/19/2011,1.883333333,Action,"Action, Adventure, Fantasy",R,Marcus Nispel,"Thomas Dean Donnelly, Joshua Oppenheimer, Sean Hood, Robert E. Howard (character of Conan)","Jason Momoa, Stephen Lang, Rachel Nichols, Ron Perlman",English,USA,36,5.2,89416,tt0816462,Lionsgate,FALSE,dubious,39629760,81937729,20713816,0.777365492,77777777777777774447755354577634447777657446366347676534225753656234675676741
Conspiracy Theory,1997,8/8/1997,2.25,Action,"Action, Mystery, Thriller",R,Richard Donner,Brian Helgeland,"Mel Gibson, Julia Roberts, Patrick Stewart, Cylk Cozart",English,USA,49,6.7,86054,tt0118883,Warner Home Video,FALSE,men,110466780,207213175,116099050,0.975855131,77777777777777777777777777777777777777677775777677775777777776777777772
Constantine,2005,2/18/2005,2.016666667,Action,"Action, Fantasy, Horror, Mystery",R,Francis Lawrence,"Jamie Delano (comic book ""Hellblazer""), Garth Ennis (comic book ""Hellblazer""), Kevin Brodbin (story), Kevin Brodbin (screenplay), Frank A. Cappello (screenplay)","Keanu Reeves, Rachel Weisz, Shia LaBeouf, Djimon Hounsou","English, Filipino, Tagalog","USA, Germany",50,7,271326,tt0360486,Warner Bros. Pictures,FALSE,notalk,90642097,275453129,89477485,0.68716094,7777777557777737777777734533434446743334654445575635444441200017335577771167650
Contact,1997,7/11/1997,2.5,Drama,"Drama, Mystery, Sci-Fi, Thriller",PG,Robert Zemeckis,"James V. Hart (screenplay by), Michael Goldenberg (screenplay by), Carl Sagan (based on the novel by), Carl Sagan (based on the story by), Ann Druyan (based on the story by)","Jena Malone, David Morse, Jodie Foster, Geoffrey Blake","English, Spanish, German, Russian",USA,62,7.4,231267,tt0118884,Warner Home Video,TRUE,ok,146459429,240760405,130611431,0.523809524,233314433433434437543463442544447365444343534345335443334733433433542654344555433340004343563444253433443331
Conviction,2010,11/5/2010,1.783333333,Drama,"Biography, Crime, Drama",R,Tony Goldwyn,Pamela Gray,"Hilary Swank, Sam Rockwell, Thomas D. Mahard, Owen Campbell",English,USA,61,7.2,39055,tt1244754,Fox Searchlight,TRUE,ok,7261515,10824983,13352898,0.335338346,54421242105253336430003204543533143145230003733000022146410000004035002743223500001036400243433
Cop Out,2010,2/26/2010,1.783333333,Action,"Action, Comedy, Crime, Thriller",R,Kevin Smith,"Robb Cullen, Mark Cullen",NA,"English, Spanish",USA,31,5.6,80760,tt1385867,Warner Bros. Pictures,FALSE,notalk,47937418,59724746,39524578,0.957763975,7777777777777764757777777777777777647547777777777777777775577777777776765777777677677777777777777775477777777767774
Copycat,1995,10/27/1995,2.05,Drama,"Drama, Mystery, Thriller",R,Jon Amiel,"Ann Biderman, David Madsen","Sigourney Weaver, Holly Hunter, Dermot Mulroney, William McNamara",English,USA,54,6.6,48809,tt0112722,Warner Home Video,FALSE,dubious,49000312,49000312,30575589,0.281273131,1000432143311344210143344435300033300311101320035310100001006503100140112344523000125103432453421000332224320334410043343535400023400220201230016410100001004702200131102344434000115202433353340
Coraline,2009,2/6/2009,1.666666667,Drama,"Animation, Drama, Fantasy, Thriller",PG,Henry Selick,"Henry Selick (screenplay), Neil Gaiman (book)","Dakota Fanning, Teri Hatcher, Jennifer Saunders, Dawn French","English, Russian",USA,80,7.7,174996,tt0327597,Focus Features,TRUE,ok,81740638,136842415,65143896,0.244618395,2254302430210001304542000223510241001241103301231420002000542002110432310
Coriolanus,2011,1/20/2012,2.05,Drama,"Drama, Thriller, War",R,Ralph Fiennes,"John Logan (screenplay), William Shakespeare (play)","Gerard Butler, Ralph Fiennes, Lubna Azabal, Ashraf Barhom",English,UK,79,6.1,29250,tt1372686,The Weinstein Company,FALSE,men,776396,1087104,10356908,0.788497217,52572033467777255577776655655577777776767362556777656533677777777774230177777
Cowboys & Aliens,2011,7/29/2011,1.983333333,Action,"Action, Sci-Fi, Thriller, Western",PG-13,Jon Favreau,"Roberto Orci (screenplay), Alex Kurtzman (screenplay), Damon Lindelof (screenplay), Mark Fergus (screenplay), Hawk Ostby (screenplay), Mark Fergus (screen story), Hawk Ostby (screen story), Steve Oedekerk (screen story), Scott Mitchell Rosenberg (Platinum Studios comic book)","Daniel Craig, Abigail Spencer, Buck Taylor, Matthew Taylor","English, Apache languages",USA,50,6,192655,tt0409847,Universal Pictures,FALSE,notalk,103818215,182188693,168817598,0.790017212,77777777743625767777466777554366646755735467757767475776332456557627744366564674444
Cradle 2 the Grave,2003,2/28/2003,1.683333333,Action,"Action, Crime, Drama, Thriller",R,Andrzej Bartkowiak,"John O'Brien (story), John O'Brien (screenplay), Channing Gibson (screenplay)","Jet Li, DMX, Anthony Anderson, Kelly Hu","English, Mandarin, Korean",USA,36,5.8,38500,tt0306685,Warner Bros.,FALSE,notalk,43879701,71451544,31652174,0.863422292,7742477755775546557777777777767775677677777774344357737777677657777645456766764456766777676
Crank,2006,9/1/2006,1.466666667,Action,"Action, Crime, Thriller",R,"Mark Neveldine, Brian Taylor","Mark Neveldine, Brian Taylor","Jason Statham, Amy Smart, Jose Pablo Cantillo, Efren Ramirez","English, Spanish, Korean",USA,57,7,218211,tt0479884,Lionsgate,FALSE,nowomen,32175530,50768266,13869556,0.842532468,7545777777777777777777777777777764777777532434342357443225567777644445776777567777777774
Crash,2004,5/6/2005,1.866666667,Drama,"Crime, Drama, Thriller",R,Paul Haggis,"Paul Haggis (story), Paul Haggis (screenplay), Bobby Moresco (screenplay)","Karina Arroyave, Dato Bakhtadze, Sandra Bullock, Don Cheadle","English, Persian, Spanish, Mandarin, Korean","USA, Germany",69,7.8,396026,tt0375679,Lions Gate Films,TRUE,ok,68238010,124765870,9006109,0.738875878,53345527576634456636467637777543232435634443657777554463577567777334425336577355456677777777777777755442377777771356734254
Cruel Intentions,1999,3/5/1999,1.616666667,Drama,"Drama, Romance",R,Roger Kumble,"Choderlos de Laclos (novel), Roger Kumble (screenplay)","Sarah Michelle Gellar, Ryan Phillippe, Reese Witherspoon, Selma Blair","English, Vietnamese, French",USA,56,6.8,165228,tt0139134,Columbia Pictures,TRUE,ok,53463308,106008618,15383082,0.500840336,434411053353333433056344364577600000033424443477775443434457434343345015633343444254441000013445434333453467626243432334334533475454777630000043441105335333343305634436457760000003342444347777544343445743434334501563334344425444100001344543433345346762624
Cursed,2005,2/25/2005,1.616666667,Comedy,"Comedy, Horror",PG-13,Wes Craven,Kevin Williamson,"Portia de Rossi, Mya, Shannon Elizabeth, Kristina Anapau",English,"Germany, USA",31,5,28444,tt0257516,N/A,TRUE,ok,23019456,29962909,41756160,0.585895118,4344325422352553444677243356433553332245246727343632447723676673454344645236532
Cyrus,2010,7/16/2010,1.516666667,Comedy,"Comedy, Drama, Romance",R,"Jay Duplass, Mark Duplass","Mark Duplass, Jay Duplass","John C. Reilly, Jonah Hill, Marisa Tomei, Catherine Keener",English,USA,74,6.3,31938,tt1336617,Fox Searchlight,FALSE,notalk,7978555,10724926,7477623,0.600688468,14543656456457454254674674525534434533145704433475555433274037454543443651510656752
Dark City,1998,2/27/1998,1.666666667,Horror/Thriller,"Mystery, Sci-Fi, Thriller",R,Alex Proyas,"Alex Proyas (story), Alex Proyas (screenplay), Lem Dobbs (screenplay), David S. Goyer (screenplay)","Rufus Sewell, William Hurt, Kiefer Sutherland, Jennifer Connelly",English,"Australia, USA",66,7.7,174522,tt0118929,York,FALSE,notalk,20629634,38953947,38586572,0.968641115,7767777777777777777777747777777777777777577677777777777777777777477777777777777760
Date Night,2010,4/9/2010,1.466666667,Comedy,"Comedy, Crime, Romance, Thriller",PG-13,Shawn Levy,Josh Klausner,"Steve Carell, Tina Fey, Mark Wahlberg, Taraji P. Henson","English, Hebrew",USA,56,6.3,142204,tt1279935,20th Century Fox,TRUE,ok,105446665,162658630,58752751,0.610500611,434365340057501644444443544342446575444556544635333446643766476654343434454437546574356734434435345422464443467566540
Daybreakers,2009,1/8/2010,1.633333333,Action,"Action, Fantasy, Horror, Sci-Fi, Thriller",R,"Michael Spierig, Peter Spierig","Michael Spierig, Peter Spierig","Harriet Minto-Day, Jay Laga'aia, Damien Garvey, Sahaj Dumpleton",English,"Australia, USA",57,6.5,115292,tt0433362,Lionsgate,FALSE,notalk,32682233,55808316,21714632,0.800539084,77777454777776247677566344777743336436654326677776777
Days of Heaven,1978,10/6/1978,1.566666667,Drama,"Drama, Romance",PG,Terrence Malick,Terrence Malick,"Richard Gere, Brooke Adams, Sam Shepard, Linda Manz","English, Italian",USA,93,7.9,44581,tt0077405,Paramount Pictures,TRUE,ok,12307327,13071926,10712118,0.615611193,7545654645743446753552434342443453556456635653456675434524334337775334372335242344537654337544410
Dazed and Confused,1993,2/10/1994,1.7,Comedy,Comedy,R,Richard Linklater,Richard Linklater,"Jason London, Joey Lauren Adams, Milla Jovovich, Shawn Andrews",English,USA,78,7.7,143924,tt0106677,Gramercy Pictures,TRUE,ok,12820482,12820482,11125966,0.728715729,767757702377747643731647657105776773777477677664014477777777537764564777732457436247713157500677450
Dead Poets Society,1989,6/9/1989,2.133333333,Comedy,"Comedy, Drama",PG,Peter Weir,Tom Schulman,"Robin Williams, Robert Sean Leonard, Ethan Hawke, Josh Charles","English, Latin",USA,79,8.1,355389,tt0097165,Buena Vista Pictures,FALSE,notalk,180177604,450161527,30825257,0.909803922,457477777777777777633677777777777777777777777777777777777777777777777774447777772555774643566777777777777637777443457673477777776777775656577777777777777434777777777777777777777777777777777777777777777777763467777753637764634576777777777777547776434467654
Death Becomes Her,1992,7/31/1992,1.733333333,Comedy,"Comedy, Fantasy, Horror",PG-13,Robert Zemeckis,"Martin Donovan, David Koepp","Meryl Streep, Bruce Willis, Goldie Hawn, Isabella Rossellini",English,USA,56,6.5,92035,tt0104070,N/A,TRUE,ok,97001885,247429345,91319098,0.25,2.21034E+11
Death to Smoochy,2002,3/29/2002,1.816666667,Comedy,"Comedy, Crime, Drama, Thriller",R,Danny DeVito,Adam Resnick,"Robin Williams, Edward Norton, Catherine Keener, Danny DeVito",English,"UK, Germany, USA",38,6.4,36771,tt0266452,Warner Bros. Pictures,FALSE,men,10822278,10845911,64758961,0.753799392,7434344367733577746766776777534364766774434477763654432577766777776444477524355567476777436342
Defiance,2008,1/16/2009,2.283333333,Action,"Action, Drama, History, Thriller, War",R,Edward Zwick,"Clayton Frohman (screenplay), Edward Zwick (screenplay), Nechama Tec (book)","Daniel Craig, Liev Schreiber, Jamie Bell, Alexa Davalos","English, German, Russian",USA,58,7.2,128485,tt1034303,Paramount Vantage,TRUE,ok,31001030,45745616,54112816,0.867032967,7777777777777777777777777577777777777777477747777744744347777777746777757301457773635777777777775347102752467634777777756577767675
Despicable Me,2010,7/9/2010,1.583333333,Comedy,"Animation, Comedy, Family, Fantasy",PG,"Pierre Coffin, Chris Renaud","Cinco Paul (screenplay by), Ken Daurio (screenplay by), Sergio Pablos (based on a story by)","Steve Carell, Jason Segel, Russell Brand, Julie Andrews",English,"USA, France",72,7.7,453285,tt1323594,Universal Pictures,TRUE,ok,268675247,580578700,73707997,0.660714286,43777740267777335341157433444642654344445464314755564717635463753775366764464653
Despicable Me 2,2013,7/3/2013,1.633333333,Comedy,"Animation, Adventure, Comedy, Family, Fantasy, Sci-Fi",PG,"Pierre Coffin, Chris Renaud","Cinco Paul, Ken Daurio","Steve Carell, Kristen Wiig, Benjamin Bratt, Miranda Cosgrove","English, Ukrainian","USA, France, Japan",62,7.4,334262,tt1690953,Universal Pictures,TRUE,ok,368065385,970766005,76000000,0.602040816,343346275564546771243424365553454435755433326564477551033222773436567537643504754330
Die Hard,1988,7/20/1988,2.2,Action,"Action, Thriller",R,John McTiernan,"Roderick Thorp (novel), Jeb Stuart (screenplay), Steven E. de Souza (screenplay)","Bruce Willis, Bonnie Bedelia, Reginald VelJohnson, Paul Gleason","English, German, Italian, Japanese",USA,72,8.2,705602,tt0095016,20th Century Fox,TRUE,ok,160231261,273996307,55150116,0.895883777,651167777777543337777777776445777666777777646777777773777777777677777775777777776667677575205777777755333677777777743577775677777773677777777467777777767777777577777777675776754
Die Hard 2,1990,7/3/1990,2.066666667,Action,"Action, Thriller",R,Renny Harlin,"Walter Wager (novel), Steven E. de Souza (screenplay), Doug Richardson (screenplay)","Bruce Willis, Bonnie Bedelia, William Atherton, Reginald VelJohnson","English, Spanish",USA,67,7.1,306906,tt0099423,20th Century Fox,FALSE,dubious,209185588,427582507,124808278,0.871794872,753366563477767647467777777645777777367767775577777777777467447777776765676761
Die Hard with a Vengeance,1995,5/19/1995,2.133333333,Action,"Action, Adventure, Thriller",R,John McTiernan,"Jonathan Hensleigh, Roderick Thorp (certain original characters)","Bruce Willis, Jeremy Irons, Samuel L. Jackson, Graham Greene","English, German, Romanian",USA,58,7.6,334281,tt0112864,Twentieth Century Fox Home Entertainment,FALSE,notalk,152897054,557210677,137590151,0.985948478,7775777777777777777777777777777777777777777777777777777777773
Diner,1982,5/21/1982,1.833333333,Comedy,"Comedy, Drama",R,Barry Levinson,Barry Levinson,"Steve Guttenberg, Daniel Stern, Mickey Rourke, Kevin Bacon",English,USA,82,7.2,16977,tt0083833,MGM Home Entertainment,FALSE,notalk,30390060,30390060,12066340,0.82518797,7774367777777777777777777563345664657777746743357777556362266656377777456742
Dinner for Schmucks,2010,7/30/2010,1.9,Comedy,Comedy,PG-13,Jay Roach,"David Guion (screenplay), Michael Handelman (screenplay), Francis Veber (film ""Le Diner de Cons"")","Steve Carell, Paul Rudd, Zach Galifianakis, Jemaine Clement",English,USA,56,5.9,89869,tt0427152,Paramount Studios,FALSE,notalk,78009058,92718787,73707997,0.841836735,7777774254451777777733357767775577777777777777764434543367777777777777774663644564545776655677777677767776766441
Disturbia,2007,4/13/2007,1.75,Drama,"Crime, Drama, Mystery, Thriller",PG-13,D.J. Caruso,"Christopher Landon (screenplay), Carl Ellsworth (screenplay), Christopher Landon (story)","Shia LaBeouf, Sarah Roemer, Carrie-Anne Moss, David Morse","English, Spanish",USA,62,6.9,204719,tt0486822,Dreamworks,TRUE,ok,90119077,132098426,22470870,0.721288515,767712343675677774436467777443544434323244567775545557534435443434465776775754347777777447777773534541
Dogma,1999,11/12/1999,2.166666667,Comedy,"Adventure, Comedy, Drama, Fantasy",R,Kevin Smith,Kevin Smith,"Bud Cort, Barret Hackney, Jared Pfennigwerth, Kitao Sakurai",English,USA,62,7.3,196052,tt0120655,Lions Gate,FALSE,dubious,42864850,61460819,13984620,0.621288515,577777740100045644443434332437643434346777776455557455554554277677777322221021132126422433365371677634455354434567777754555546657655644453644744364642535645345577777740100045644443434332437643434346777776455557455554554277677777322221021132126422433365371
Domino,2005,10/14/2005,2.116666667,Action,"Action, Biography, Crime, Drama, Thriller",R,Tony Scott,"Richard Kelly (screenplay), Richard Kelly (story), Steve Barancik (story)",NA,English,"France, USA, UK",36,6,61843,tt0421054,Maverick Entertainment,TRUE,ok,12132195,27403019,59651656,0.440233236,34410010531400000463437433323556232212663002021022777742212532631115535557644512332264263036737301
Donnie Darko,2001,10/26/2001,1.883333333,Drama,"Drama, Sci-Fi, Thriller",R,Richard Kelly,Richard Kelly,"Jake Gyllenhaal, Holmes Osborne, Maggie Gyllenhaal, Daveigh Chase",English,USA,88,8.1,683214,tt0246578,Newmarket Film Group,FALSE,dubious,1671811,10127447,5921307,0.6873706,321574345566747535454573777534546565431337755477765743256765225766641
Doom,2005,10/21/2005,1.75,Action,"Action, Adventure, Horror, Sci-Fi",R,Andrzej Bartkowiak,"Dave Callaham (screenplay), Wesley Strick (screenplay), Dave Callaham (story)","Karl Urban, Rosamund Pike, Deobia Oparei, Ben Daniels","English, Japanese","UK, Czech Republic, Germany, USA",34,5.2,97591,tt0419706,Universal Pictures,FALSE,notalk,33658253,65154327,83512319,0.773987207,6777777777346425745657747577777545772156744734476634646765433557763
Doomsday,2008,3/14/2008,1.75,Action,"Action, Sci-Fi, Thriller",R,Neil Marshall,Neil Marshall,"Caryn Peterson, Adeola Ariyo, Emma Cleasby, Christine Tomlinson",English,"UK, USA, South Africa, Germany",51,6,67818,tt0483607,Universal Pictures,TRUE,ok,11914311,23399667,35714458,0.623742455,74555577546775553535246343431223446610023577422455744477565376534455352
Doubt,2008,12/25/2008,1.733333333,Drama,"Drama, Mystery",PG-13,John Patrick Shanley,"John Patrick Shanley (screenplay), John Patrick Shanley (play)","Meryl Streep, Philip Seymour Hoffman, Amy Adams, Viola Davis",English,USA,68,7.5,111550,tt0918927,Miramax,TRUE,ok,36197653,55137666,21645126,0.340023613,7776767572221100000003000773210016200025432122333433323333323320067533444334220002502000000000000243343343434343424000000
Drag Me to Hell,2009,5/29/2009,1.65,Horror/Thriller,"Horror, Thriller",PG-13,Sam Raimi,"Sam Raimi, Ivan Raimi","Alison Lohman, Justin Long, Lorna Raver, Dileep Rao","English, Spanish, Hungarian, Czech",USA,83,6.6,174301,tt1127180,Universal Pictures,TRUE,ok,45709979,99223368,32571948,0.32535095,00011435454402101031445654434304634412013220014001111121220004200334321232434453132134100023445444112001304456544434036434220132200140011111113200033003252311424334541231242
Dreamcatcher,2003,3/21/2003,2.233333333,Drama,"Drama, Horror, Sci-Fi, Thriller",R,Lawrence Kasdan,"Stephen King (novel), William Goldman (screenplay), Lawrence Kasdan (screenplay)","Morgan Freeman, Thomas Jane, Jason Lee, Damian Lewis",English,USA,35,5.5,83679,tt0285531,Warner Bros. Pictures,FALSE,nowomen,42648478,95824131,86093913,0.93956044,74777777777777777777776374
Dredd,2012,9/21/2012,1.583333333,Action,"Action, Crime, Sci-Fi",R,Pete Travis,"John Wagner (characters), Carlos Ezquerra (characters), Alex Garland (screenplay)","Karl Urban, Rachel Wood, Andile Mngadi, Porteus Xandau",English,"UK, South Africa, USA, India",60,7.1,230691,tt1343727,Lionsgate Films,TRUE,ok,13611086,41467257,45658735,0.653395785,4612432446654274454467657330553545364455764752767466676663321
Drive,2011,9/16/2011,1.666666667,Drama,"Crime, Drama",R,Nicolas Winding Refn,"Hossein Amini (screenplay), James Sallis (book)","Ryan Gosling, Carey Mulligan, Bryan Cranston, Albert Brooks","English, Spanish",USA,78,7.8,508349,tt0780504,FilmDistrict,FALSE,dubious,36312033,80840663,15535362,0.763546798,7777774710264343445777771677663350777774107777777777777740
Drop Dead Gorgeous,1999,7/23/1999,1.616666667,Comedy,"Comedy, Romance, Thriller",PG-13,Michael Patrick Jann,Lona Williams,"Kirsten Dunst, Ellen Barkin, Allison Janney, Denise Richards",English,"Germany, USA",28,6.6,29461,tt0157503,New Line Cinema.,TRUE,ok,14783713,14783713,13984620,0.199424736,62130223110000025574324110011012200001244100001010000001400372330000111011530311232010000055745232010110122000012252000001100000005002632500000210101
Dumb and Dumber,1994,12/16/1994,1.783333333,Comedy,Comedy,PG-13,"Peter Farrelly, Bobby Farrelly","Peter Farrelly, Bennett Yellin, Bobby Farrelly","Jim Carrey, Jeff Daniels, Lauren Holly, Mike Starr","English, Swedish, German",USA,41,7.3,323590,tt0109686,Warner Bros,FALSE,men,199877046,387258182,25146635,0.853399875,7543465777767777777776577467777567745667777777777654527777777557777777750477777777734377774345774433444567677674677644445777776777777777477647777747764567777777777755444777777647777777771177777777754357775425776343444466677765576
Dune,1984,12/14/1984,2.283333333,Action,"Action, Adventure, Sci-Fi",PG-13,David Lynch,"Frank Herbert (novel), David Lynch (screenplay)",NA,English,"USA, Mexico",40,6.6,108786,tt0087182,MCA Universal Home Video,FALSE,dubious,61521969,61521969,100864980,0.731428571,455677777762033243476467101777677777776742755647544455752557776225645774761
Eagle Eye,2008,9/26/2008,1.966666667,Action,"Action, Mystery, Thriller",PG-13,D.J. Caruso,"John Glenn (screenplay), Travis Wright (screenplay), Hillary Seitz (screenplay), Dan McDermott (screenplay), Dan McDermott (story)","Shia LaBeouf, Michelle Monaghan, Rosario Dawson, Michael Chiklis",English,"USA, Germany",43,6.6,164967,tt1059786,Paramount Studios,FALSE,notalk,109784884,192713668,86580505,0.518095238,775334332257446777544223642343447342430021022024315215342064455432667543622
Eastern Promises,2007,9/21/2007,1.666666667,Drama,"Crime, Drama, Thriller",R,David Cronenberg,Steven Knight (screenplay),"Josef Altin, Mina E. Mina, Aleksandar Mikic, Sarah-Jeanne Labrosse","English, Russian, Turkish, Ukrainian, Urdu","UK, Canada, USA",82,7.7,211028,tt0765443,Focus Features,TRUE,ok,19303898,62207616,56177174,0.653061224,53500255564410475425776255107764651027777434777557134777772215477745477735561
Easy A,2010,9/17/2010,1.533333333,Comedy,"Comedy, Drama, Romance",PG-13,Will Gluck,Bert V. Royal,"Emma Stone, Penn Badgley, Amanda Bynes, Dan Byrd",English,USA,72,7.1,323199,tt1282140,Sony Pictures/Screen Gems,TRUE,ok,62386303,81400037,8545855,0.182215743,00011002000100001133420000121333133433420222233321110000034532001000000001111333334230000100000001
Ed Wood,1994,10/7/1994,2.116666667,Comedy,"Biography, Comedy, Drama",R,Tim Burton,"Rudolph Grey (book), Scott Alexander, Larry Karaszewski","Johnny Depp, Martin Landau, Sarah Jessica Parker, Patricia Arquette",English,USA,70,7.9,155334,tt0109707,Buena Vista Pictures,TRUE,ok,9160394,9160394,28289965,0.850931677,46647367777777734667777777336777777567574777777776777775677777777543447677775475353677774227777777777635754457777777436647776243465557656777734336676777777777764
Edge of Darkness,2010,1/29/2010,1.95,Drama,"Crime, Drama, Mystery, Thriller",R,Martin Campbell,"William Monahan (screenplay), Andrew Bovell (screenplay), Troy Kennedy-Martin (television series)","Mel Gibson, Ray Winstone, Danny Huston, Bojana Novakovic",English,"UK, USA",55,6.6,83489,tt1226273,Warner Bros. Pictures,FALSE,notalk,46269276,86749716,64093910,0.910714286,534456767777774777464677776677544777777777777777777777777577777777747777777733577776577757777774
Edward Scissorhands,1990,12/14/1990,1.75,Drama,"Drama, Fantasy, Romance",PG-13,Tim Burton,"Tim Burton (story), Caroline Thompson (story), Caroline Thompson (screenplay)","Johnny Depp, Winona Ryder, Dianne Wiest, Anthony Michael Hall",English,USA,74,7.9,407210,tt0099487,20th Century Fox,TRUE,ok,96239640,96239640,35659508,0.410714286,0000420233463103164330344312423445334534351533425205243222357340
El Mariachi,1992,2/26/1993,1.35,Action,"Action, Crime, Thriller",R,Robert Rodriguez,Robert Rodriguez,NA,Spanish,"Mexico, USA",73,6.9,58020,tt0104815,Sony Pictures Home Entertainment,FALSE,nowomen,3388636,3390310,11622,0.698412698,777777443133344775756744343334555675
Election,1999,5/7/1999,1.716666667,Comedy,"Comedy, Drama, Romance",R,Alexander Payne,"Tom Perrotta (novel), Alexander Payne (screenplay), Jim Taylor (screenplay)","Matthew Broderick, Reese Witherspoon, Chris Klein, Jessica Campbell","English, Spanish",USA,83,7.3,81590,tt0126886,Paramount Pictures,TRUE,ok,20898032,24057538,11886927,0.619305019,44764237343777124355777643131000353474433554443475453343434774426324776756755667773045643433437744164436774044447777532220001542754434537242764534343436754256136767657556677760247443433
Elizabeth,1998,2/19/1999,2.066666667,Drama,"Biography, Drama, History",R,Shekhar Kapur,Michael Hirst,"Cate Blanchett, Geoffrey Rush, Christopher Eccleston, Joseph Fiennes","English, French",UK,75,7.5,83930,tt0127536,Gramercy,TRUE,ok,42992157,117404137,35728308,0.551724138,2224533343023223546524533735436352366556772343133464547633
Elysium,2013,8/9/2013,1.816666667,Action,"Action, Drama, Sci-Fi",R,Neill Blomkamp,Neill Blomkamp,"Matt Damon, Jodie Foster, Sharlto Copley, Alice Braga","English, Spanish, French, Afrikaans, Ukrainian",USA,61,6.6,388256,tt1535108,TriStar Pictures,TRUE,ok,93050117,286192091,120000000,0.686813187,223504424677724777777777433777774646757545325334223577734347463153525275477555
Emma,1996,8/30/1996,2,Comedy,"Comedy, Drama, Romance",PG,Douglas McGrath,"Jane Austen (novel), Douglas McGrath (screenplay)","Gwyneth Paltrow, James Cosmo, Greta Scacchi, Alan Cumming",English,"UK, USA",66,6.7,32042,tt0116191,A&amp;E Television Networks,TRUE,ok,33017679,56186252,8762473,0.24702381,234635122400210020143431000024422320000000000402033133403441000023334214120113531000001034343200
Enemy of the State,1998,11/20/1998,2.2,Action,"Action, Crime, Mystery, Thriller",R,Tony Scott,David Marconi,"Will Smith, Gene Hackman, Jon Voight, Lisa Bonet",English,USA,67,7.3,210112,tt0120660,Buena Vista Pictures,FALSE,notalk,159419475,358211780,121476247,0.917647059,777344357777773437656777777777777777777777647777755745777434342477777777777777777777777777777777777777777777777777775777777777763777777434447777774346746777777777777777777777647777764754777443432477777777777777777777777777777777777777777777777777775777777
Equilibrium,2002,12/6/2002,1.783333333,Action,"Action, Drama, Sci-Fi, Thriller",R,Kurt Wimmer,Kurt Wimmer,"Christian Bale, Dominic Purcell, Sean Bean, Christian Kahrmann",English,USA,33,7.5,291851,tt0238380,Miramax Films,FALSE,notalk,1541287,6923858,25903584,0.894409938,77777736653677477776777
Erin Brockovich,2000,3/17/2000,2.183333333,Drama,"Biography, Drama",R,Steven Soderbergh,Susannah Grant,"Julia Roberts, David Brisbin, Dawn Didawick, Albert Finney",English,USA,73,7.3,154230,tt0195685,Universal Pictures,TRUE,ok,169855868,348786874,67645419,0.393627955,3423244310012442244434314443441000344213032432443434421224532223455321014443422334432134344231341011343420033134354344157431243443344222001
Escape from L.A.,1996,8/9/1996,1.683333333,Action,"Action, Adventure, Sci-Fi, Thriller",R,John Carpenter,"John Carpenter (characters), Nick Castle (characters), John Carpenter, Debra Hill, Kurt Russell","Kurt Russell, Steve Buscemi, Peter Fonda, Cliff Robertson",English,USA,54,5.7,62688,tt0116225,Paramount Pictures,FALSE,notalk,37763082,37763082,74258246,0.769230769,10434777637777677777433545552277773567457477777666544565556565567
Escape from New York,1981,7/10/1981,1.65,Action,"Action, Sci-Fi",R,John Carpenter,"John Carpenter, Nick Castle","Kurt Russell, Lee Van Cleef, Ernest Borgnine, Donald Pleasence",English,"UK, USA",76,7.2,109378,tt0082340,MGM Home Entertainment,FALSE,nowomen,64674049,64674049,15371317,0.926020408,7777777777777767777777773556754745577777767767766776677777777777777777677777777645477546465777776777677667766775
Eternal Sunshine of the Spotless Mind,2004,3/19/2004,1.8,Drama,"Drama, Romance, Sci-Fi",R,Michel Gondry,"Charlie Kaufman (story), Michel Gondry (story), Pierre Bismuth (story), Charlie Kaufman (screenplay)","Jim Carrey, Kate Winslet, Gerry Robert Byrne, Elijah Wood",English,USA,89,8.3,803938,tt0338013,Focus Features,FALSE,men,42380545,90014995,24663858,0.559103641,334134234343433414343332432243333346745577647652665477443244344364435653445472433654443533432343542654346444434433234364336474434332446434314332333343433432343343233332343334476447773775347546763342435434544366354446524264536344333243444257343653534434233
Event Horizon,1997,8/15/1997,1.6,Horror/Thriller,"Horror, Sci-Fi, Thriller",R,Paul W.S. Anderson,Philip Eisner,"Laurence Fishburne, Sam Neill, Kathleen Quinlan, Joely Richardson","English, Latin","UK, USA",35,6.7,140485,tt0119081,Paramount Home Video,TRUE,ok,38709226,38709226,87074287,0.742857143,7656455574675566676676457366563465244377345556764446647766655655654467634323441353375546777776366625367777745364467776755554665575567666676466457564356334277445636765445647776564655754457734323442243466546677777276545257777754463557773
Everything Must Go,2010,10/14/2011,1.616666667,Comedy,"Comedy, Drama",R,Dan Rush,"Dan Rush, Raymond Carver (short story ""Why Don't You Dance"")",NA,English,USA,65,6.4,45265,tt1531663,Roadside Attractions,FALSE,notalk,2897185,2897185,5341159,0.93877551,77777777776677777777777776577777777777777777777777777777777657777772242435777777777777777777777761
Eyes Wide Shut,1999,7/16/1999,2.65,Drama,"Drama, Mystery, Thriller",R,Stanley Kubrick,"Stanley Kubrick (screenplay), Frederic Raphael (screenplay), Arthur Schnitzler (inspired by ""Traumnovelle"" by)","Tom Cruise, Nicole Kidman, Madison Eginton, Jackie Sawiris",English,"UK, USA",68,7.4,266587,tt0120663,Warner Bros. Pictures,TRUE,ok,77882040,120627912,90900032,0.744047619,364773320365774244343433524423542444344367777777777777777777642477465447777776635645777777777761
Family Plot,1976,4/9/1976,2,Comedy,"Comedy, Thriller",PG,Alfred Hitchcock,"Ernest Lehman (screenplay), Victor Canning (novel)","Karen Black, Bruce Dern, Barbara Harris, William Devane",English,USA,NA,6.8,18131,tt0074512,Universal Pictures,TRUE,ok,54012120,54012120,12275482,0.551428571,00000443465351475377774776724531246346344420452444
Fantastic Four,2005,7/8/2005,1.766666667,Action,"Action, Adventure, Fantasy, Sci-Fi",PG-13,Tim Story,"Mark Frost, Michael France, Stan Lee (Marvel comic book), Jack Kirby (Marvel comic book)","Ioan Gruffudd, Jessica Alba, Chris Evans, Michael Chiklis",English,"USA, Germany",40,5.7,291804,tt0120667,20th Century Fox,FALSE,notalk,184557548,394556433,104390399,0.761904762,775477546747756676667457776477647654455546377437676767456765663445676444733457346665467753427432677633667755425655377646764575675667765755677656773766445465536744676676746576657344467744465244744566555777332654157764365776542556443
Fantastic Mr. Fox,2009,11/25/2009,1.45,Comedy,"Animation, Adventure, Comedy, Crime, Drama, Family",PG,Wes Anderson,"Roald Dahl (novel), Wes Anderson (screenplay), Noah Baumbach (screenplay)","George Clooney, Meryl Streep, Jason Schwartzman, Bill Murray","English, French",USA,83,7.8,172262,tt0432283,20th Century Fox,FALSE,notalk,22803533,50485349,43429264,0.888123924,45444477777777477777775677776574453367777777767777764677777775666777777776767775563
Far from Heaven,2002,1/10/2003,1.783333333,Drama,Drama,PG-13,Todd Haynes,Todd Haynes,"Julianne Moore, Dennis Quaid, Dennis Haysbert, Patricia Clarkson",English,"USA, France",84,7.4,40624,tt0297884,USA Films,TRUE,ok,20595744,37596351,17484919,0.343045113,21110100013243431232013355452420000133440303322576343577002242221244343100332000433001414342434441000000024236663234334441231535104251000000534454430230
Fargo,1996,4/5/1996,1.633333333,Drama,"Crime, Drama, Thriller",R,"Joel Coen, Ethan Coen","Ethan Coen, Joel Coen",NA,English,"USA, UK",85,8.1,547125,tt0116282,MGM,TRUE,ok,36487162,76047227,10396154,0.67281106,5777776657776741377777767777777773333333434677676442001243777773571774233434434467744677777213433004710002433777777557777661267777767777777774433333334577677444000324577776274475333343443457763577777503343101740001342
Fast Times at Ridgemont High,1982,8/13/1982,1.5,Comedy,"Comedy, Drama",R,Amy Heckerling,"Cameron Crowe (screenplay), Cameron Crowe (book)","Sean Penn, Jennifer Jason Leigh, Judge Reinhold, Robert Romanus",English,USA,67,7.2,82860,tt0083929,Universal Pictures,FALSE,men,65382380,65382380,10859706,0.608091024,02776000564777760003443236776434333773066457777774257443656443467750023435775333334437620044200577733777730463475
Fear and Loathing in Las Vegas,1998,5/22/1998,1.966666667,Comedy,"Adventure, Comedy, Drama",R,Terry Gilliam,"Hunter S. Thompson (book), Terry Gilliam (screenplay), Tony Grisoni (screenplay), Tod Davies (screenplay), Alex Cox (screenplay)","Johnny Depp, Benicio Del Toro, Tobey Maguire, Michael Lee Gogin",English,USA,41,7.7,238512,tt0120669,Universal Pictures,FALSE,notalk,15263526,19596124,26438948,0.915178571,777777777777777777777577777777767776677777777743577776366677777777775753557777763445567775667777777777777777777777776677777777677775777777777634677774475777777777757643667777744445667774677771
Fight Club,1999,10/15/1999,2.316666667,Drama,Drama,R,David Fincher,"Chuck Palahniuk (novel), Jim Uhls (screenplay)","Edward Norton, Brad Pitt, Meat Loaf, Zach Grenier",English,"USA, Germany",66,8.8,1625105,tt0137523,20th Century Fox,FALSE,notalk,51785192,141040144,90900032,0.731203008,6200000177777777777740126777357740277777777777777776044667606771003776777774
Final Destination,2000,3/17/2000,1.633333333,Horror/Thriller,"Horror, Thriller",R,James Wong,"Glen Morgan (screenplay), James Wong (screenplay), Jeffrey Reddick (screenplay), Jeffrey Reddick (story)","Devon Sawa, Ali Larter, Kerr Smith, Kristen Cloke","English, French",USA,36,6.7,206221,tt0195714,New Line Cinema,FALSE,notalk,72113147,151575620,31116893,0.703296703,771457444637757530045613447622777777776
Final Destination 2,2003,1/31/2003,1.5,Horror/Thriller,"Horror, Thriller",R,David R. Ellis,"J. Mackye Gruber (screenplay), Eric Bress (screenplay), J. Mackye Gruber (story), Eric Bress (story), Jeffrey Reddick (story), Jeffrey Reddick (characters)","Ali Larter, A.J. Cook, Michael Landes, David Paetkau",English,"USA, Canada",38,6.2,136989,tt0309593,New Line Cinema,TRUE,ok,59375255,114450037,32918261,0.394148021,03224363424333435545530000012466321212245332432136434543242432432221221111321134351
Final Destination 3,2006,2/10/2006,1.55,Horror/Thriller,"Horror, Thriller",R,James Wong,"Glen Morgan, James Wong, Jeffrey Reddick (characters)","Mary Elizabeth Winstead, Ryan Merriman, Kris Lemche, Alexz Johnson",English,"USA, Germany",41,5.8,117705,tt0414982,New Line Cinema,TRUE,ok,62526330,130371575,28894909,0.454545455,40233022423545216233522433310006545642244774443332766723100041333752114254550
Finding Nemo,2003,5/30/2003,1.666666667,Comedy,"Animation, Adventure, Comedy, Family",G,"Andrew Stanton, Lee Unkrich(co-director)","Andrew Stanton (original story by), Andrew Stanton (screenplay by), Bob Peterson (screenplay by), David Reynolds (screenplay by)","Albert Brooks, Ellen DeGeneres, Alexander Gould, Willem Dafoe",English,USA,90,8.1,842448,tt0266543,Walt Disney Pictures,FALSE,notalk,481783272,1147664217,119012174,0.736694678,434347777777766777765677743434557673676636656665565436465665334344335375766543334324334434344667757667775775566767664776654433436444474334434346767556644467363464443367557566577766655434347777777766777765677743434557673676636656665565436465665334344335375
Flash Gordon,1980,12/5/1980,1.85,Action,"Action, Adventure, Sci-Fi",PG,Mike Hodges,"Lorenzo Semple Jr. (screenplay), Michael Allin (adaptation), Alex Raymond (based on the characters created by)","Sam J. Jones, Melody Anderson, Max von Sydow, Topol",English,"UK, USA, Netherlands",58,6.5,44682,tt0080745,MCA Universal Home Video,FALSE,dubious,76655018,76655018,98971875,0.699134199,647566565646674344263551333434145436557536665646666377237777776642
Flight,2012,11/2/2012,2.3,Drama,"Drama, Thriller",R,Robert Zemeckis,John Gatins,"Nadine Velazquez, Denzel Washington, Carter Cabassa, Adam C. Edwards",English,USA,76,7.3,296121,tt1907668,Paramount Pictures,FALSE,dubious,95145068,164140491,31453796,0.795081967,55754466767777745366777666567777777777765766444347777774774446536777744323443366765434344677754777777777777774421423435777
Flightplan,2005,9/23/2005,1.633333333,Action,"Action, Drama, Mystery, Thriller",PG-13,Robert Schwentke,"Peter A. Dowling, Billy Ray","Jodie Foster, Peter Sarsgaard, Sean Bean, Kate Beahan","English, French, German, Arabic, Italian, Japanese",USA,53,6.3,140836,tt0408790,Touchstone Pictures,TRUE,ok,107023409,269275914,65616822,0.43040293,350000202445303100510124342224335433522465245424453442510005513455464443456560
For Colored Girls,2010,11/5/2010,2.216666667,Drama,Drama,R,Tyler Perry,"Tyler Perry (screenplay), Ntozake Shange (play)","Kimberly Elise, Janet Jackson, Loretta Devine, Thandie Newton",English,USA,50,6,6579,tt1405500,Lionsgate,TRUE,ok,40304065,40611902,22432869,0.203174603,011000011003520434000035201240101420001334322014520311423004000035300000242000111431000000
Forgetting Sarah Marshall,2008,4/18/2008,1.85,Comedy,"Comedy, Drama, Romance",R,Nicholas Stoller,Jason Segel,"Jason Segel, Kristen Bell, Mila Kunis, Russell Brand","English, Hawaiian, German, Japanese",USA,67,7.2,243987,tt0800039,Universal Pictures,TRUE,ok,68368797,113824188,32467689,0.630662021,745434777774354457776677742442543367635566754557623233423537534434463427777653434334343235334366444343235134347435554343542
Forrest Gump,1994,7/6/1994,2.366666667,Drama,"Drama, Romance",PG-13,Robert Zemeckis,"Winston Groom (novel), Eric Roth (screenplay)","Tom Hanks, Rebecca Williams, Sally Field, Michael Conner Humphreys",English,USA,82,8.8,1550175,tt0109830,Paramount Pictures,FALSE,notalk,518169206,1067789822,86441558,0.764976959,7624542575745664446277612235776777761324677777777777777777775375445244545777777332427774677777657535766535757775341324745776
Four Rooms,1995,12/25/1995,1.633333333,Comedy,Comedy,R,"Allison Anders, Alexandre Rockwell, Robert Rodriguez, Quentin Tarantino","Allison Anders, Alexandre Rockwell, Robert Rodriguez, Quentin Tarantino","Sammi Davis, Amanda De Cadenet, Valeria Golino, Madonna",English,USA,NA,6.7,88670,tt0113101,Miramax Films,FALSE,notalk,6575280,6575280,6115118,0.607287449,7143434343223210000034111000011243454310027776577777777777777777777300122334153433245644364573434134477777777777777777777767234343433233210000033202000002143544410017776577777777777777777777400032333243443236643455474343143477777777777777777777771
Frankenweenie,2012,10/5/2012,1.45,Comedy,"Animation, Comedy, Family, Horror, Sci-Fi",PG,Tim Burton,"Leonard Ripps, Tim Burton (original idea), John August (screenplay)","Catherine O'Hara, Martin Short, Martin Landau, Charlie Tahan",English,USA,74,7,87024,tt1142977,Walt Disney Pictures,FALSE,nowomen,35804351,82338719,39570904,0.654761905,335455747543634443334650477653277446545765536354
Friday the 13th,1980,5/9/1980,1.583333333,Horror/Thriller,"Horror, Mystery, Thriller",R,Sean S. Cunningham,Victor Miller,"Betsy Palmer, Adrienne King, Jeannine Taylor, Robbi Morgan",English,USA,22,6.5,101740,tt0080761,Paramount Pictures,FALSE,men,183810620,259308493,48072054,0.463054187,3420055536545444343332245775256333433213223324734410001142
Friday the 13th,2009,2/13/2009,1.616666667,Horror/Thriller,Horror,R,Marcus Nispel,"Damian Shannon (screenplay), Mark Swift (screenplay), Damian Shannon (story), Mark Swift (story), Mark Wheaton (story), Victor Miller (characters)","Jared Padalecki, Danielle Panabaker, Amanda Righetti, Travis Van Winkle","English, Ukrainian",USA,34,5.6,86952,tt0758746,Warner Bros. Pictures/New Line/Paramount,FALSE,men,70574746,99562425,18457437,0.580952381,574646233556454653534332325342364246455556321
Friday the 13th Part III,1982,8/13/1982,1.583333333,Horror/Thriller,"Horror, Thriller",R,Steve Miner,"Martin Kitrosser (screenplay), Carol Watson (screenplay), Victor Miller (character creator), Ron Kurz (character creator)","Terry Ballard, Richard Brooker, Gloria Charles, Rachel Howard",English,USA,30,5.7,40342,tt0083972,Paramount Home Video,FALSE,dubious,88542965,88542965,5429853,0.436363636,0222226143353437710133143343242424344754155323424224400
Fright Night,2011,8/19/2011,1.766666667,Comedy,"Comedy, Horror",R,Craig Gillespie,"Marti Noxon (screenplay), Tom Holland (story), Tom Holland (film ""Fright Night"")","Anton Yelchin, Colin Farrell, Toni Collette, David Tennant",English,USA,64,6.4,93321,tt1438176,Walt Disney Pictures,FALSE,dubious,18951742,41966863,31070724,0.793650794,143322373253357777735575477774443424547744777667766776766754667567677777477776777777777733
From Dusk Till Dawn,1996,1/19/1996,1.8,Action,"Action, Crime, Horror",R,Robert Rodriguez,"Robert Kurtzman (story), Quentin Tarantino (screenplay)","George Clooney, Quentin Tarantino, Harvey Keitel, Juliette Lewis","English, Spanish",USA,48,7.3,252894,tt0116367,Dimension Films,FALSE,notalk,38211750,38211750,29703299,0.861516035,7777777745447667640035777753677666674777777565777777747677767777777767766657667677477666675654376477777777453576667200467777446776657747777775567777777476776777777776776676575767756767576657435751
Frost/Nixon,2008,1/23/2009,2.033333333,Drama,"Biography, Drama, History",R,Ron Howard,"Peter Morgan (screenplay), Peter Morgan (play)","Frank Langella, Michael Sheen, Sam Rockwell, Kevin Bacon",English,"USA, UK, France",80,7.7,95979,tt0870111,Universal Pictures,FALSE,notalk,20153811,30459656,31385433,0.933130699,7777777777777777342334257757777777777767777757777777777777777757777777775777477777777777777775
Frozen,2013,11/27/2013,1.7,Comedy,"Animation, Adventure, Comedy, Family, Fantasy, Musical",PG,"Chris Buck, Jennifer Lee","Jennifer Lee (screenplay by), Hans Christian Andersen (story inspired by ""The Snow Queen"" by), Chris Buck (story by), Jennifer Lee (story by), Shane Morris (story by)","Kristen Bell, Idina Menzel, Jonathan Groff, Josh Gad","English, Norwegian",USA,74,7.5,503447,tt2294629,Walt Disney Pictures,TRUE,ok,393050114,1004550114,150000000,0.524652339,00247345243432341134311012245421546643443443443546344465664442542030114634637455545442544374634437754547452135342
Frozen River,2008,9/5/2008,1.616666667,Drama,"Crime, Drama",R,Courtney Hunt,Courtney Hunt,"Melissa Leo, Misty Upham, Charlie McDermott, Michael O'Keefe","English, French, Chinese, Urdu, Mohawk",USA,82,7.2,23221,tt0978759,Sony Pictures Classics,TRUE,ok,2718061,6526145,1082256,0.276029056,45434434343323000000000014000000443402434000211101013334333443110120003513000000014302334310015315332100214345433221164543443434332300000000001400000044340243400021110101333433344311012000351300000001430233431001531533210021434543322116
Fun with Dick and Jane,2005,12/21/2005,1.5,Comedy,"Comedy, Crime",PG-13,Dean Parisot,"Judd Apatow (screenplay), Nicholas Stoller (screenplay), Gerald Gaiser (story), Judd Apatow (story), Nicholas Stoller (story), Gerald Gaiser (novel), David Giler, Jerry Belson, Mordecai Richler",NA,"English, Spanish",USA,47,6.1,123343,tt0369441,Columbia Pictures,TRUE,ok,131889812,240751838,167024638,0.505494505,6.63445E+12
Funny People,2009,7/31/2009,2.433333333,Comedy,"Comedy, Drama",R,Judd Apatow,Judd Apatow,"Adam Sandler, Seth Rogen, Leslie Mann, Eric Bana",English,USA,60,6.3,107983,tt1201167,Universal Pictures,FALSE,notalk,56300661,78042718,78715541,0.836414566,667777757777777777777345777777777777777777467777777743457436777745767765547777777547774463433776433211435333243566445563567733361377664566556774656777767777775777776677777777777753477777777777777777764777777775435654477775566776654677777764677546434357743
G.I. Jane,1997,8/22/1997,2.083333333,Action,"Action, Drama, War",R,Ridley Scott,"Danielle Alexandra (story), David Twohy (screenplay), Danielle Alexandra (screenplay)","Demi Moore, Viggo Mortensen, Anne Bancroft, Jason Beghe",English,"USA, UK",62,5.9,67877,tt0119173,Hollywood Pictures,TRUE,ok,69904916,69904916,72561906,0.421516755,330543410243213654543004357440146722034364555334457302352521543310300000032333233
G.I. Joe: The Rise of Cobra,2009,8/7/2009,1.966666667,Action,"Action, Adventure, Sci-Fi, Thriller",PG-13,Stephen Sommers,"Stuart Beattie (screenplay), David Elliot (screenplay), Paul Lovett (screenplay), Michael B. Gordon (story), Stuart Beattie (story), Stephen Sommers (story)",NA,"English, French, Scottish Gaelic","USA, Czech Republic",32,5.8,189241,tt1046173,Paramount Pictures,FALSE,notalk,163078512,328400169,190003029,0.79423329,7777777777775567756577667777446777777743453574443557464467643636577534646555674634355775446477765763777645551
Galaxy Quest,1999,12/25/1999,1.7,Comedy,"Adventure, Comedy, Sci-Fi",PG,Dean Parisot,"David Howard (story), David Howard (screenplay), Robert Gordon (screenplay)","Tim Allen, Sigourney Weaver, Alan Rickman, Tony Shalhoub",English,USA,70,7.3,136157,tt0177789,DreamWorks SKG,FALSE,notalk,99883369,126593993,62930791,0.825630252,4556556776766565475577767643475666777754336776667656666566476544657776756754566674674535664677777767776547776777675547577642767467666661
Gamer,2009,9/4/2009,1.583333333,Action,"Action, Sci-Fi, Thriller",R,"Mark Neveldine, Brian Taylor","Mark Neveldine, Brian Taylor","Gerard Butler, Amber Valletta, Michael C. Hall, Kyra Sedgwick",English,USA,27,5.8,123397,tt1034032,Lionsgate Films,FALSE,notalk,22295397,38068663,54286580,0.826330532,765444547677744777777547777775276655755466565377775
Gangs of New York,2002,12/20/2002,2.783333333,Drama,"Crime, Drama",R,Martin Scorsese,"Jay Cocks (story), Jay Cocks (screenplay), Steven Zaillian (screenplay), Kenneth Lonergan (screenplay)","Leonardo DiCaprio, Daniel Day-Lewis, Cameron Diaz, Jim Broadbent","English, Irish, Chinese, Latin","USA, Italy",72,7.5,363275,tt0217505,Miramax Films,FALSE,notalk,100674928,246602123,125632384,0.844866071,77777777777727777777777677764434677743434777777754677577477777776646777777774244434433324674347637777777777344556776776776777774
Gangster Squad,2013,1/11/2013,1.883333333,Action,"Action, Crime, Drama, Thriller",R,Ruben Fleischer,"Will Beall, Paul Lieberman (book)",NA,English,USA,40,6.7,192689,tt1321870,Warner Bros.,FALSE,notalk,46000903,104100903,60000000,0.904761905,777777764477637776426775757777777777767777776737467777777733777676777477777774
Garden State,2004,8/20/2004,1.7,Comedy,"Comedy, Drama, Romance",R,Zach Braff,Zach Braff,"Zach Braff, Kenneth Graymez, George C. Wolfe, Austin Lysy","English, Klingon",USA,67,7.5,199873,tt0333766,Fox Searchlight,TRUE,ok,33027761,44430462,3082982,0.721854305,4677777346777777777777777774645554646443433144343477434344322334334234343437777777773223144464345555456367777777767677677467576466655466575342234775533
Gattaca,1997,10/24/1997,1.766666667,Drama,"Drama, Sci-Fi, Thriller",PG-13,Andrew Niccol,Andrew Niccol,"Ethan Hawke, Uma Thurman, Gore Vidal, Xander Berkeley","English, Esperanto",USA,64,7.8,254736,tt0119177,Columbia Pictures,FALSE,notalk,18188044,18188044,52244573,0.811320755,76167777777777777764467776346764255766344544477747573
Get Him to the Greek,2010,6/4/2010,1.816666667,Comedy,"Adventure, Comedy, Music",R,Nicholas Stoller,"Nicholas Stoller, Jason Segel (characters)","Russell Brand, Rose Byrne, Tyler McKinney, Zoe Salmon",English,USA,65,6.4,159817,tt1226229,Universal Pictures,FALSE,notalk,65326144,97696078,42729274,0.875,7566744677777744774775363764777777777775653347777777777777675477677777775777767667567777777777777774566534555674455654576777777777754447
Get Low,2009,8/27/2010,1.716666667,Drama,"Drama, Mystery",PG-13,Aaron Schneider,"Chris Provenzano (screenplay), C. Gaby Mitchell (screenplay), Chris Provenzano (story), Scott Seeke (story)","Robert Duvall, Sissy Spacek, Bill Murray, Lucas Black",English,"USA, Germany, Poland",77,7.1,20317,tt1194263,Sony Pictures Classics,FALSE,notalk,9963686,10528267,7600121,0.861148198,77777765677777777777777646417777765456552577773344435777763473677777777764426775675477777777776777777676771
Ghost,1990,7/13/1990,2.116666667,Drama,"Drama, Fantasy, Romance, Thriller",PG-13,Jerry Zucker,Bruce Joel Rubin,"Patrick Swayze, Demi Moore, Whoopi Goldberg, Tony Goldwyn",English,USA,52,7,175167,tt0099653,Paramount Pictures,FALSE,men,388031265,922868068,39225459,0.55393586,44377474335353434676343546772644651223434123141131333334447720654456777451242443343242454454444346344754544246402321425545344675643444443445773344467735546502243432132321222343245467305644467775422423443333325454453444454347554533373114213345451
Ghost Town,2008,9/19/2008,1.7,Comedy,"Comedy, Drama, Fantasy, Romance",PG-13,David Koepp,"David Koepp, John Kamps","Greg Kinnear, Jordan Carlos, Dequina Moore, Joseph Badalucco Jr.",English,USA,72,6.7,65247,tt0995039,DreamWorks/Paramount Distribution,FALSE,notalk,14342754,28801384,21645126,0.80952381,777473547567763557777777775476772277755744777766547244425577435463535777665777777777745447777776746557567540
Ghost World,2001,9/21/2001,1.85,Comedy,"Comedy, Drama",R,Terry Zwigoff,"Daniel Clowes (comic book), Daniel Clowes, Terry Zwigoff","Thora Birch, Scarlett Johansson, Steve Buscemi, Brad Renfro",English,"USA, UK, Germany",88,7.4,105595,tt0162346,United Artists,TRUE,ok,8181731,11528926,7237153,0.285154062,000033201310000000110135422111113000144000110210032320453534342333241201341000355443442003332110334344000023420334332430343431002233343433334112450243456021000233003200000000200353411112121000432000200300232301554434333332331103330002454435340014322011434
Ghostbusters,1984,6/8/1984,1.75,Action,"Action, Comedy, Fantasy",PG,Ivan Reitman,"Dan Aykroyd, Harold Ramis","Bill Murray, Dan Aykroyd, Sigourney Weaver, Harold Ramis",English,USA,71,7.8,315050,tt0087332,Columbia Pictures,FALSE,notalk,534880544,653677077,67243320,0.822102426,4777775677777776362543544435435677747777777775764344445777776437753467775674656776777777764776456677777541
Girl with a Pearl Earring,2003,1/30/2004,1.666666667,Drama,"Biography, Drama, Romance",PG-13,Peter Webber,"Tracy Chevalier (novel), Olivia Hetreed (screenplay)","Colin Firth, Scarlett Johansson, Tom Wilkinson, Judy Parfitt",English,"UK, Luxembourg",72,6.9,67187,tt0335119,Exhibition On Screen,TRUE,ok,14730114,54798208,15193043,0.424603175,000000000146353564556141323440254545214465002013554633565546422631511310
Gladiator,2000,5/5/2000,2.583333333,Action,"Action, Adventure, Drama",R,Ridley Scott,"David Franzoni (story), David Franzoni (screenplay), John Logan (screenplay), William Nicholson (screenplay)","Russell Crowe, Joaquin Phoenix, Connie Nielsen, Oliver Reed",English,"USA, UK",67,8.5,1174472,tt0172495,Dreamworks Distribution LLC,FALSE,nowomen,253918993,619204256,139349563,0.840722496,546777777777777765777433477677777777777776777734423567777546333554566446777775346777676556777777777777756777234576777777777777776777544324577776545333744575447777773447777671
Glengarry Glen Ross,1992,10/2/1992,1.666666667,Drama,"Crime, Drama, Mystery",R,James Foley,"David Mamet (based on the play by), David Mamet (screenplay by)","Al Pacino, Jack Lemmon, Alec Baldwin, Alan Arkin",English,USA,80,7.8,87332,tt0104348,Artisan Home Entertainment,FALSE,nowomen,17807603,17807603,20754340,1,777777777777777777777777777777777777777777777777777777777777777777777777777777777777777777777777777777777777777777777777777777777777777777777777777777777777777777777777777777777777777777777777777777777777777777777777777777777777777777777777777777777777777
Go,1999,4/9/1999,1.7,Comedy,"Comedy, Crime",R,Doug Liman,John August,"Katie Holmes, Sarah Polley, Suzanne Krull, Desmond Askew",English,USA,72,7.3,63138,tt0139239,Columbia Pictures,TRUE,ok,23599429,39693164,9090003,0.675202156,00345423234321544420356433323445520224447777777777732777777755667777766777776767757735472577777513362021250135523323432164332054633333344551033426777777777762477777766476777775777776776766755456267777732337002233
Gone in Sixty Seconds,2000,6/9/2000,1.966666667,Action,"Action, Crime, Thriller",PG-13,Dominic Sena,"H.B. Halicki, Scott Rosenberg (screenplay)","Nicolas Cage, Giovanni Ribisi, Angelina Jolie, T.J. Cross",English,USA,35,6.5,241254,tt0187078,Buena Vista Pictures,FALSE,notalk,137513677,314744675,139755436,0.875132275,777777777773343777777777777777777777777777777677777777433434577775467777337767562243677777777746575776434343766777777777467777777777743
"Good Night, and Good Luck.",2005,11/4/2005,1.55,Drama,"Biography, Drama, History",PG,George Clooney,"George Clooney, Grant Heslov","Jeff Daniels, David Strathairn, Alex Borstein, Rose Abdoo",English,"USA, France, UK, Japan",80,7.5,89225,tt0433383,Warner Independent Pictures,FALSE,notalk,37581997,67510048,8351232,0.785714286,3057677756676525732665575625776776467556777677776433377771
Good Will Hunting,1997,1/9/1998,2.1,Drama,"Drama, Romance",R,Gus Van Sant,"Matt Damon, Ben Affleck",NA,English,USA,70,8.3,741594,tt0119217,Miramax Films,FALSE,nowomen,200899879,327883215,14512381,0.814965986,777777777777367406737777777775331777777773026757742776074567777777777700234467000277777777777777777777777777777777775477127557777777772604777777770056667715773364577777777777400433574002377777777777777777777771
Goodfellas,1990,9/21/1990,2.433333333,Drama,"Crime, Drama",R,Martin Scorsese,"Nicholas Pileggi (book), Nicholas Pileggi (screenplay), Martin Scorsese (screenplay)","Robert De Niro, Ray Liotta, Joe Pesci, Lorraine Bracco","English, Italian",USA,89,8.7,879224,tt0099685,Warner Bros.,FALSE,men,83343062,83343062,44574385,0.74912892,7777577767777776253436420000216776767267574244775561777777677777755545354634576555
Gosford Park,2001,1/18/2002,2.183333333,Comedy,"Comedy, Drama, Mystery",R,Robert Altman,"Julian Fellowes, Robert Altman (based upon an idea by), Bob Balaban (based upon an idea by)","Maggie Smith, Michael Gambon, Kristin Scott Thomas, Camilla Rutherford",English,"UK, USA, Italy",90,7.3,72311,tt0280707,USA Films,TRUE,ok,54344576,54344576,23685227,0.496487119,4201233162443454345640175672066441466204342273554630452624130
Gran Torino,2008,1/9/2009,1.933333333,Drama,Drama,R,Clint Eastwood,"Nick Schenk (screenplay), Dave Johannson (story), Nick Schenk (story)","Clint Eastwood, Christopher Carley, Bee Vang, Ahney Her","English, Hmong","Germany, USA",72,8.1,656163,tt1205489,Warner Bros. Pictures/Village Roadshow,FALSE,men,160277075,297125986,27056408,0.860504202,777346774367776567777777776556653577773643474534434344435777746777772777777775777777743446777777777777777777777774557777777777777777767577547777445775276777557777777777546753477773743465453433443535677755777773677777776677777753445777777777777777777777775
Gravity,2013,10/4/2013,1.516666667,Drama,"Drama, Sci-Fi, Thriller",PG-13,NA,NA,"Sandra Bullock, George Clooney, Ed Harris, Orto Ignatiussen","English, Greenlandic","UK, USA",96,7.7,685873,tt1454468,Warner Bros. Pictures,FALSE,nowomen,271814796,708714796,110000000,0.453781513,45644273344566475626445024354543555443643334345400000000002444100000
Green Lantern,2011,6/17/2011,1.9,Action,"Action, Adventure, Sci-Fi",PG-13,Martin Campbell,"Greg Berlanti (screenplay), Michael Green (screenplay), Marc Guggenheim (screenplay), Michael Goldenberg (screenplay), Greg Berlanti (screen story), Michael Green (screen story), Marc Guggenheim (screen story)","Ryan Reynolds, Blake Lively, Peter Sarsgaard, Mark Strong",English,USA,39,5.5,247550,tt1133985,Warner Bros. Pictures,FALSE,notalk,120762760,239452924,207138157,0.837251356,7767663526454334777777777757733477777777777773565647770777457777777757477777125
Green Zone,2010,3/12/2010,1.916666667,Action,"Action, Drama, Thriller, War",R,Paul Greengrass,"Brian Helgeland, Rajiv Chandrasekaran (book)","Igal Naor, Said Faraj, Faycal Attougui, Aymen Hamdouchi","English, Arabic","UK, France, Spain, USA",63,6.8,120751,tt0947810,Universal Pictures,FALSE,nowomen,37919386,104177195,106823184,0.914285714,77777777777754774777777777777777777777777777774347777777743236777775777776775467677556675576767
Gremlins,1984,6/8/1984,1.766666667,Comedy,"Comedy, Fantasy, Horror",PG,Joe Dante,Chris Columbus,"Hoyt Axton, John Louie, Keye Luke, Don Steele","English, Spanish",USA,70,7.2,173424,tt0087363,Warner Bros. Pictures,FALSE,notalk,332111304,332111304,24655884,0.827664399,775455667744357565467777777755357267777774674767766566656675563
Grosse Pointe Blank,1997,4/11/1997,1.783333333,Action,"Action, Comedy, Crime, Romance, Thriller",R,George Armitage,"Tom Jankiewicz (story), Tom Jankiewicz (screenplay), D.V. DeVincentis (screenplay), Steve Pink (screenplay), John Cusack (screenplay)","John Cusack, Minnie Driver, Alan Arkin, Dan Aykroyd",English,USA,76,7.4,80788,tt0119229,Buena Vista Internationa,TRUE,ok,40757090,45090566,21768572,0.717391304,77776732343337777776344334342436312777777754342426777547567635777753336325776774534367777721
Groundhog Day,1993,2/12/1993,1.683333333,Comedy,"Comedy, Fantasy, Romance",PG,Harold Ramis,"Danny Rubin (screenplay), Harold Ramis (screenplay), Danny Rubin (story)","Bill Murray, Andie MacDowell, Chris Elliott, Stephen Tobolowsky","English, French, Italian",USA,72,8,526000,tt0107048,Columbia Pictures,FALSE,men,114334580,114334580,23541900,0.589635854,744474444676355466474574543555334467777563443534335744343444434343467646444545334643444432012210241003
Hall Pass,2011,2/25/2011,1.75,Comedy,"Comedy, Romance",R,"Bobby Farrelly, Peter Farrelly","Pete Jones (screenplay), Peter Farrelly (screenplay), Kevin Barnett (screenplay), Bobby Farrelly (screenplay), Pete Jones (story)","Owen Wilson, Jason Sudeikis, Jenna Fischer, Christina Applegate",English,USA,45,5.9,112221,tt0480687,Warner Bros. Pictures,FALSE,men,46668987,86680344,37284868,0.712511091,76456315625343345676777777763556420016457244377775477776005777777777774530777777644777777544453335753777715775334457663555443534453543336764764344457545775533441
Halloween,1978,10/27/1978,1.516666667,Horror/Thriller,"Horror, Thriller",R,John Carpenter,"John Carpenter (screenplay), Debra Hill (screenplay)","Donald Pleasence, Jamie Lee Curtis, Nancy Kyes, P.J. Soles",English,USA,81,7.8,199623,tt0077651,Compass International Pictures,FALSE,dubious,208062006,276781136,53560590,0.332298137,5334353752000000200774101411300102473460011421
Halloween,2007,8/31/2007,1.816666667,Horror/Thriller,"Fantasy, Horror",R,Rob Zombie,"Rob Zombie (screenplay), John Carpenter, Debra Hill","Malcolm McDowell, Brad Dourif, Tyler Mane, Daeg Faerch",English,USA,47,6.1,100851,tt0373883,MGM,TRUE,ok,65467925,87090800,16853152,0.354910714,7744324410000000300370024677753011243212001014673300435200035312
Halloween H20: 20 Years Later,1998,8/5/1998,1.433333333,Horror/Thriller,"Horror, Thriller",R,Steve Miner,"Debra Hill (characters), John Carpenter (characters), Robert Zappia (story), Robert Zappia (screenplay), Matt Greenberg (screenplay)","Jamie Lee Curtis, Adam Arkin, Michelle Williams, Adam Hann-Byrd",English,USA,52,5.7,59110,tt0120694,Miramax,TRUE,ok,78661926,78661926,24295249,0.424710425,34541333322334201324343444545633433214534110134222414434700124232442166341
Halloween II,1981,10/30/1981,1.533333333,Horror/Thriller,Horror,R,Rick Rosenthal,"John Carpenter, Debra Hill","Jamie Lee Curtis, Donald Pleasence, Charles Cyphers, Jeffrey Kramer",English,USA,40,6.6,64553,tt0082495,Universal Pictures,TRUE,ok,65414737,65414737,6404716,0.473867596,45316733724261330234302545723241223235273
Hanna,2011,4/8/2011,1.85,Action,"Action, Drama, Thriller",PG-13,Joe Wright,"Seth Lochhead (screenplay), David Farr (screenplay), Seth Lochhead (story)","Saoirse Ronan, Eric Bana, Vicky Krieps, Cate Blanchett","English, French, German, Italian, Arabic, Spanish","USA, UK, Germany",65,6.8,174830,tt0993842,Focus Features,TRUE,ok,41695999,67675862,31070724,0.423469388,345543444353644744424623164343750223330201521002300000006243023436453474544544400000
Hannibal,2001,2/9/2001,2.183333333,Drama,"Crime, Drama, Thriller",R,Ridley Scott,"Thomas Harris (novel), David Mamet (screenplay), Steven Zaillian (screenplay)","Anthony Hopkins, Julianne Moore, Gary Oldman, Ray Liotta","English, Italian, Japanese","USA, UK",57,6.8,232498,tt0212985,MGM,TRUE,ok,217235991,460678038,114478598,0.688940092,21446521303443567777355347777567611577647735247556553675657771
Hannibal Rising,2007,2/9/2007,2.016666667,Drama,"Adventure, Crime, Drama, Thriller, War",R,Peter Webber,"Thomas Harris (screenplay), Thomas Harris (novel)",NA,"English, German, Russian","UK, Czech Republic, France, Italy, USA",35,6.2,95923,tt0367959,MGM,FALSE,notalk,31088139,90538854,56177174,0.852747253,77775037477777457746277577777777777777765743475777736777777665532
Harold & Kumar Go to White Castle,2004,7/30/2004,1.466666667,Comedy,"Adventure, Comedy",R,Danny Leiner,"Jon Hurwitz, Hayden Schlossberg","John Cho, Ethan Embry, Rob Tinkler, Fred Willard","English, Hindi","USA, Canada, Germany",64,7.1,169475,tt0366551,New Line Cinema,TRUE,ok,22475144,22475144,11098736,0.923308271,77776457777777777777777777777756646712477777777777777777743357777777777777777747777777777457775
Harry Potter and the Chamber of Secrets,2002,11/15/2002,2.683333333,Other,"Adventure, Family, Fantasy, Mystery",PG,Chris Columbus,"J.K. Rowling (novel), Steve Kloves (screenplay)","Daniel Radcliffe, Rupert Grint, Emma Watson, Richard Griffiths",English,"UK, USA, Germany",63,7.4,473979,tt0295297,Warner Bros. Pictures,TRUE,ok,339321257,1138436153,129517922,0.842044135,777777777764357771666477777777576765665765676552344653776356775567773226757773444563575667777777777577777556777776656777763
Harry Potter and the Goblet of Fire,2005,11/18/2005,2.616666667,Other,"Adventure, Family, Fantasy, Mystery",PG-13,Mike Newell,"Steve Kloves (screenplay), J.K. Rowling (novel)","Eric Sykes, Timothy Spall, David Tennant, Daniel Radcliffe","English, French","UK, USA",81,7.7,474003,tt0330373,Warner Bros. Pictures,FALSE,notalk,345995160,1070044630,178954969,0.815506102,5477677676644667576556766473456777367776565476775333654337733344464337775477777777777777777777777546367767767653576667465767374446777457777556466775522745336743344456236777367777777777777777777777732
Harry Potter and the Half-Blood Prince,2009,7/15/2009,2.55,Other,"Adventure, Family, Fantasy, Mystery",PG,David Yates,"Steve Kloves (screenplay), J.K. Rowling (novel)","Daniel Radcliffe, Michael Gambon, Dave Legeno, Elarica Johnson",English,"UK, USA",78,7.6,402648,tt0417741,Warner Bros. Pictures,TRUE,ok,327846641,1014525504,271432899,0.774818402,1333377777515676452546347745467457776744256366367774575332445776551457777477777772432547777777777775677777777774557542
Harry Potter and the Prisoner of Azkaban,2004,6/4/2004,2.366666667,Other,"Adventure, Family, Fantasy, Mystery",PG,NA,"J.K. Rowling (novel), Steve Kloves (screenplay)","Daniel Radcliffe, Richard Griffiths, Pam Ferris, Fiona Shaw",English,"UK, USA",82,7.9,469783,tt0304141,Warner Bros. Pictures,TRUE,ok,307729658,982470644,160315074,0.777777778,443236777775677745465542247776557777757776665777776554525777776447777235656544457777677767564464443267534433266677761
Harry Potter and the Sorcerer's Stone,2001,11/16/2001,2.533333333,Other,"Adventure, Family, Fantasy",PG,Chris Columbus,"J.K. Rowling (novel), Steve Kloves (screenplay)","Richard Harris, Maggie Smith, Robbie Coltrane, Saunders Triplets",English,"UK, USA",64,7.6,553775,tt0241527,Warner Bros. Pictures,TRUE,ok,417880504,1282627914,164480745,0.792063492,453576777677777777776453447566564644467575525475665467776376654777645744646434564557777564
He's Just Not That Into You,2009,2/6/2009,2.15,Comedy,"Comedy, Drama, Romance",PG-13,Ken Kwapis,"Abby Kohn, Marc Silverstein, Greg Behrendt (book), Liz Tuccillo (book)","Morgan Lily, Trenton Rogers, Michelle Carmichael, Jasmine Woods",English,"Germany, USA",47,6.4,147207,tt1001508,Warner Bros. Pictures/New Line Cinema,TRUE,ok,102008450,193683923,43429264,0.444257703,034230367455440000002412334410033353334352242200125335354676343443447776344343333357744300134000053434445434311333242000144363341215552345345333434300343203774554300000025032443100433442434422431002244352637754344343577754434333432677433001430000543444444
Hellboy,2004,4/2/2004,2.033333333,Action,"Action, Fantasy, Horror, Sci-Fi",PG-13,Guillermo del Toro,"Guillermo del Toro (screenplay), Guillermo del Toro (screen story), Peter Briggs (screen story), Mike Mignola (comic books)","Ron Perlman, John Hurt, Selma Blair, Rupert Evans","English, Russian",USA,72,6.9,279776,tt0167190,Sony Pictures,FALSE,notalk,73527840,123102194,73991573,0.857142857,77766775477777763733777777774577777776746775674665756447666754476752
Hellraiser,1987,9/18/1987,1.566666667,Horror/Thriller,"Horror, Thriller",R,Clive Barker,Clive Barker,"Andrew Robinson, Clare Higgins, Ashley Laurence, Sean Chapman",English,UK,57,7,90235,tt0093177,New World Video,TRUE,ok,29861988,29861988,2050397,0.509837468,45544463436236440545331654333444343420047334634454435444334443323243333401353445442446435453354346322653324544244433443400175344544444453444335343133334324203535254522
Her,2013,1/10/2014,2.1,Drama,"Drama, Romance, Sci-Fi",R,Spike Jonze,Spike Jonze,"Joaquin Phoenix, Lynn Adrianna, Lisa Renee Pitts, Gabe Gomez",English,USA,90,8,447802,tt1798709,Warner Bros. Pictures,FALSE,men,25000178,33029713,23000000,0.526024363,577744445773424334365536624273554343424434333343443433443334473444333200433434443422434565334223324344333442323343364443443344342
Hercules,1997,6/27/1997,1.55,Comedy,"Animation, Adventure, Comedy, Family, Fantasy, Musical, Romance",G,"Ron Clements, John Musker","Ron Clements (animation screenplay by), John Musker (animation screenplay by), Don McEnery (animation screenplay by), Bob Shaw (animation screenplay by), Irene Mecchi (animation screenplay by), Kaan Kalyon (story), Kelly Wightman (story), Randy Cartwright (story), John Ramirez (story), Jeff Snow (story), Vance Gerry (story), Kirk Hanson (story), Tamara Lusher Stocker (story), Francis Glebas (story), Mark Kennedy (story), Bruce Morris (story), Don Dougherty (story), Thom Enriquez (story)","Tate Donovan, Josh Keaton, Roger Bart, Danny DeVito","English, Spanish, Greek",USA,74,7.3,176531,tt0119282,Buena Vista Internationa,TRUE,ok,143835260,363825398,101586669,0.773291925,65346761534575777776777777777555535457764645677644577763543435200254577777675775467467775654
Hero,1992,10/2/1992,1.983333333,Comedy,"Comedy, Drama, Romance",PG-13,Stephen Frears,"Laura Ziskin (story), Alvin Sargent (story), David Webb Peoples (story), David Webb Peoples (screenplay)","Dustin Hoffman, Geena Davis, Andy Garcia, Joan Cusack",English,USA,NA,6.5,19516,tt0104412,Sony Pictures Home Entertainment,FALSE,notalk,32355474,110889898,69734584,0.693009119,5343777777743346232457463566556443777334144677462544632354575634764345444534324777776547767366
Hesher,2010,6/25/2011,1.766666667,Comedy,"Comedy, Drama",R,Spencer Susser,NA,"Joseph Gordon-Levitt, Devin Brochu, Rainn Wilson, Piper Laurie",English,USA,45,7,47842,tt1403177,Newmarket Films,FALSE,notalk,396614,396614,7249836,0.669642857,7775417777642132743122577245434663154751277776535777777767753345453333334424455334477765456677776014423462576732
High Fidelity,2000,3/31/2000,1.883333333,Comedy,"Comedy, Drama, Music, Romance",R,Stephen Frears,"Nick Hornby (book), D.V. DeVincentis (screenplay), Steve Pink (screenplay), John Cusack (screenplay), Scott Rosenberg (screenplay)","John Cusack, Iben Hjejle, Todd Louiso, Jack Black","English, Danish","UK, USA",79,7.5,156637,tt0146882,Buena Vista,FALSE,men,36903356,64779503,27058168,0.732212885,577777777777777776645347754554676676577777764433444434344345335474777777443634344665777534777344344477653444343353443433777644624674534343443434366777777777777777764444675555367667747777777443344434434344443456477777754363434456577763467744434446775345334
Highlander,1986,3/7/1986,1.933333333,Action,"Action, Adventure, Fantasy",R,Russell Mulcahy,"Gregory Widen (story), Gregory Widen (screenplay), Peter Bellwood (screenplay), Larry Ferguson (screenplay)","Christopher Lambert, Roxanne Hart, Clancy Brown, Sean Connery",English,UK,24,7.2,110898,tt0091203,20th Century Fox,TRUE,ok,12530212,27396565,33980236,0.683890578,7675467762124346676456547634477776667777777776444334324347532456577777643435233332141665534320
Hitch,2005,2/11/2005,1.966666667,Comedy,"Comedy, Romance",PG-13,Andy Tennant,Kevin Bisch,"Will Smith, Eva Mendes, Kevin James, Amber Valletta",English,USA,58,6.6,272607,tt0386588,Sony Pictures,FALSE,men,212102508,437585770,65616822,0.622767857,7777621736741263375352356264577606526635334324231377744361443754
Holes,2003,4/18/2003,1.95,Comedy,"Adventure, Comedy, Drama, Family, Mystery",PG,Andrew Davis,"Louis Sachar (novel), Louis Sachar (screenplay)","Sigourney Weaver, Jon Voight, Tim Blake Nelson, Shia LaBeouf",English,USA,71,7,68442,tt0311289,Buena Vista Pictures,FALSE,men,85313907,91644342,25321739,0.8891258,7777777777771777777777765346677777777763467745777424567777777777762
Hollow Man,2000,8/4/2000,1.866666667,Action,"Action, Horror, Sci-Fi, Thriller",R,Paul Verhoeven,"Gary Scott Thompson (story), Andrew W. Marlowe (story), Andrew W. Marlowe (screenplay)","Elisabeth Shue, Kevin Bacon, Josh Brolin, Kim Dickens",English,"USA, Germany",24,5.7,113136,tt0164052,Columbia Pictures,TRUE,ok,99045530,258676083,121761754,0.589665653,5357766446344753536342444654463230276342514444577523443453656557777463444235323453323454476443473333335335243323443353546766546343763535434335644473330167343332535567542443453557547777563444315432364322453477524464423325344424422353342
Home Alone,1990,11/16/1990,1.716666667,Comedy,"Comedy, Family",PG,Chris Columbus,John Hughes,"Macaulay Culkin, Joe Pesci, Daniel Stern, John Heard",English,USA,63,7.5,393574,tt0099785,Twentieth Century Fox,FALSE,men,509505267,849917050,26744631,0.74829932,552157556475757677752
Hook,1991,12/11/1991,2.366666667,Comedy,"Adventure, Comedy, Family, Fantasy",PG,Steven Spielberg,"J.M. Barrie (books), J.M. Barrie (play), James V. Hart (screen story), Nick Castle (screen story), James V. Hart (screenplay), Malia Scotch Marmo (screenplay)","Dustin Hoffman, Robin Williams, Julia Roberts, Bob Hoskins",English,USA,52,6.7,209120,tt0102057,TriStar Pictures,FALSE,men,204710301,514714575,119758826,0.716589862,25465264761174336655531575763436477767646747653466662377676754
Horrible Bosses,2011,7/8/2011,1.633333333,Comedy,"Comedy, Crime",R,Seth Gordon,"Michael Markowitz (screenplay), John Francis Daley (screenplay), Jonathan Goldstein (screenplay), Michael Markowitz (story)","Jason Bateman, Steve Wiebe, Kevin Spacey, Charlie Day",English,USA,57,6.9,392853,tt1499658,Warner Bros. Pictures,TRUE,ok,121733603,222195609,36249178,0.910447761,77777773433377757777777777623577777777723435777777777777777777777777777777777777777777777777777777777777777777777777776454577775432571
Hot Fuzz,2007,4/20/2007,2.016666667,Action,"Action, Comedy, Mystery",R,Edgar Wright,"Edgar Wright, Simon Pegg","Simon Pegg, Martin Freeman, Bill Nighy, Robert Popper",English,"UK, France",81,7.9,415620,tt0425112,Rogue Pictures/Focus Features,FALSE,notalk,26536733,91841386,17976696,0.924876847,77777775433255677777777777777777767476777777777677767777776777777677777777777777544766777777776675647776677676777671
Hot Rod,2007,8/3/2007,1.466666667,Comedy,Comedy,PG-13,Akiva Schaffer,Pam Brady,"Andy Samberg, Jorma Taccone, Bill Hader, Danny McBride",English,USA,43,6.7,68347,tt0787475,Paramount Pictures,FALSE,notalk,15660322,16105323,28088587,0.834951456,7644456353357777777777467734676777773567677654277477767775767677677567755466353774777254567755776767673
Hot Tub Time Machine,2010,3/26/2010,1.683333333,Comedy,"Comedy, Sci-Fi",R,Steve Pink,"Josh Heald (screenplay), Sean Anders (screenplay), John Morris (screenplay), Josh Heald (story)","John Cusack, Clark Duke, Craig Robinson, Rob Corddry","English, Russian",USA,63,6.4,151853,tt1231587,MGM,FALSE,notalk,53699864,67522890,38456346,0.90437788,4443524375477777777777777777777777777777757777777777477777777777777444775434567777777777776776777777777773677777777777654642
How to Train Your Dragon,2010,3/26/2010,1.633333333,Action,"Animation, Action, Adventure, Comedy, Family, Fantasy",PG,"Dean DeBlois, Chris Sanders","William Davies (screenplay by), Dean DeBlois (screenplay by), Chris Sanders (screenplay by), Cressida Cowell (based on the book by)","Jay Baruchel, Gerard Butler, Craig Ferguson, America Ferrera",English,USA,74,8.1,589339,tt0892769,Paramount/DWA,TRUE,ok,232427199,528636950,176258254,0.860088365,7677777777776777777765775576646577655576774776747777777456454535335575677734365677776676557777764
Hudson Hawk,1991,5/24/1991,1.666666667,Action,"Action, Adventure, Comedy",R,Michael Lehmann,"Bruce Willis (story), Robert Kraft (story), Steven E. de Souza (screenplay), Daniel Waters (screenplay)","Bruce Willis, Danny Aiello, Andie MacDowell, James Coburn","English, Italian",USA,17,5.8,47771,tt0102070,TriStar Pictures,TRUE,ok,29458817,29458817,111204624,0.818059299,7777777777777777777777777777777774567577773552425766544645355645445564656665674455575566667667563543655463
Hulk,2003,6/20/2003,2.3,Action,"Action, Sci-Fi",PG-13,Ang Lee,"Stan Lee (Marvel comic book character), Jack Kirby (Marvel comic book character), James Schamus (story), John Turman (screenplay), Michael France (screenplay), James Schamus (screenplay)","Eric Bana, Jennifer Connelly, Sam Elliott, Josh Lucas","English, Spanish",USA,54,5.7,235449,tt0286716,Universal Pictures,FALSE,notalk,167347872,310481535,173453913,0.90529695,77775777756777726447777777677767777777756643466767677777755475726777776766777777776777774
The Hunchback of Notre Dame,1996,6/21/1996,1.516666667,Drama,"Animation, Drama, Family, Musical, Romance",G,"Gary Trousdale, Kirk Wise",NA,"Jason Alexander, Mary Kay Bergman, Corey Burton, Jim Cummings","English, Latin",USA,74,6.9,122287,tt0116583,Walt Disney Feature Animation,FALSE,notalk,148722709,483421183,148516493,0.779541446,777777637575677775777646444443654553343434434476667765644545777777777257567667651
I Am Legend,2007,12/14/2007,1.683333333,Drama,"Drama, Horror, Sci-Fi, Thriller",PG-13,Francis Lawrence,"Mark Protosevich (screenplay), Akiva Goldsman (screenplay), Richard Matheson (novel), John William Corrington, Joyce Hooper Corrington","Will Smith, Alice Braga, Charlie Tahan, Salli Richardson-Whitfield",English,USA,65,7.2,618508,tt0480249,Warner Bros. Pictures,TRUE,ok,288068696,657733649,168531522,0.683673469,77777357777777774773342632433434344455546773234632436172
I Am Number Four,2011,2/18/2011,1.85,Action,"Action, Adventure, Sci-Fi, Thriller",PG-13,D.J. Caruso,"Alfred Gough (screenplay), Miles Millar (screenplay), Marti Noxon (screenplay), Jobie Hughes (novel), James Frey (novel)","Alex Pettyfer, Timothy Olyphant, Teresa Palmer, Dianna Agron","English, French",USA,36,6.1,214691,tt1464540,DreamWorks Studios,FALSE,notalk,57067015,151193038,51784539,0.75931677,77777736772467777777753713445763477773423362137777775367625777777777744536447553346625762354
I Know What You Did Last Summer,1997,10/17/1997,1.683333333,Horror/Thriller,"Horror, Mystery, Thriller",R,Jim Gillespie,"Lois Duncan (novel), Kevin Williamson (screenplay)","Jennifer Love Hewitt, Sarah Michelle Gellar, Ryan Phillippe, Freddie Prinze Jr.",English,USA,52,5.7,119574,tt0119345,Sony Pictures Home Entertainment,TRUE,ok,104852087,181767707,24671048,0.176020408,44024132112302210000012020000000000003102200012543221040
I Love You Phillip Morris,2009,1/7/2011,1.633333333,Comedy,"Biography, Comedy, Crime, Drama, Romance",R,"Glenn Ficarra, John Requa","John Requa, Glenn Ficarra, Steve McVicker (book)","Jim Carrey, Ewan McGregor, Leslie Mann, Rodrigo Santoro",English,"France, USA",65,6.6,86260,tt1045772,Roadside Attractions,FALSE,notalk,2212134,16443063,14114511,0.85309973,2333433746556776574346037677777777777777777777777764645577777777545777577774367777667777744777777477777771
"I, Robot",2004,7/16/2004,1.916666667,Action,"Action, Crime, Drama, Mystery, Sci-Fi, Thriller",PG-13,Alex Proyas,"Jeff Vintar (screenplay), Akiva Goldsman (screenplay), Jeff Vintar (screen story), Isaac Asimov (suggested by book)","Will Smith, Bridget Moynahan, Alan Tudyk, James Cromwell",English,"USA, Germany",59,7.1,453262,tt0343818,N/A,FALSE,notalk,178567590,429892298,129485252,0.743545611,77775574344434532347577734343255777777747777744433567755535666777754453465764537752
Identity,2003,4/25/2003,1.5,Horror/Thriller,"Mystery, Thriller",R,James Mangold,Michael Cooney,"John Cusack, Ray Liotta, Amanda Peet, John Hawkes",English,USA,64,7.3,205666,tt0309698,Columbia Pictures,FALSE,notalk,66002713,104051689,35450435,0.725,4455665377764367756145546677545565633751
Identity Thief,2013,2/8/2013,1.85,Comedy,"Adventure, Comedy, Crime, Drama",R,Seth Gordon,"Craig Mazin (screenplay), Jerry Eeten (story), Craig Mazin (story)","Jason Bateman, Melissa McCarthy, Jon Favreau, Amanda Peet","English, Spanish",USA,35,5.7,111610,tt2024432,Universal Pictures,FALSE,men,134506920,176269721,35000000,0.649350649,222456677777607777637776543446452452354335255756733764634753426676766443216774636244632645103243421
In Bruges,2008,2/29/2008,1.783333333,Comedy,"Comedy, Crime, Drama, Thriller",R,Martin McDonagh,Martin McDonagh,"Elizabeth Berrington, Rudy Blomme, Olivier Bonjour, Mark Donovan",English,"UK, USA",67,7.9,354031,tt0780536,Focus Features,FALSE,notalk,8442492,37374405,16233845,0.913043478,77477777777646777777777776677775645766777777776657777777777647777777754677755777757646773743
In Good Company,2004,1/14/2005,1.816666667,Comedy,"Comedy, Drama, Romance",PG-13,Paul Weitz,Paul Weitz,"Dennis Quaid, Topher Grace, Scarlett Johansson, Marg Helgenberger",English,USA,66,6.5,51432,tt0385267,Universal Pictures,FALSE,notalk,56097638,78295110,32063015,0.777614138,7777645567637436777742367677777776633443556677777763334376776765455666332432434047777777757777554
In Time,2011,10/28/2011,1.816666667,Action,"Action, Sci-Fi, Thriller",PG-13,Andrew Niccol,Andrew Niccol,"Justin Timberlake, Olivia Wilde, Shyloh Oostwald, Johnny Galecki",English,USA,53,6.7,340270,tt1637688,20th Century Fox,FALSE,notalk,38894261,176134406,36249178,0.786618445,4457777136777777777777754377777347735546377446546642664554457475576774346666762
Inception,2010,7/16/2010,2.466666667,Action,"Action, Adventure, Sci-Fi, Thriller",PG-13,Christopher Nolan,Christopher Nolan,"Leonardo DiCaprio, Joseph Gordon-Levitt, Ellen Page, Tom Hardy","English, Japanese, French","USA, UK",74,8.8,1779523,tt1375666,Warner Bros. Pictures,FALSE,dubious,312539208,889393184,170917095,0.794850498,7775345677777777777777777777774655445434444356777777755337777777755335777777776575335513576776577477777777562444422547777677436776777567777664775436646354444442345622454474
Independence Day,1996,7/3/1996,2.416666667,Action,"Action, Adventure, Sci-Fi",PG-13,Roland Emmerich,"Dean Devlin, Roland Emmerich","Will Smith, Bill Pullman, Jeff Goldblum, Mary McDonnell",English,USA,59,7,484537,tt0116629,20th Century Fox,TRUE,ok,454711839,1213975115,111387369,0.802721088,467763777767542567454367517637454666656775556377777770476476667776776426776667677732
Indiana Jones and the Kingdom of the Crystal Skull,2008,5/22/2008,2.033333333,Action,"Action, Adventure, Fantasy",PG-13,Steven Spielberg,"David Koepp (screenplay), George Lucas (story), Jeff Nathanson (story), George Lucas (characters), Philip Kaufman (characters)","Harrison Ford, Cate Blanchett, Karen Allen, Shia LaBeouf","English, German, Russian",USA,65,6.2,383032,tt0367882,Paramount Pictures,FALSE,notalk,343101064,851257517,200217418,0.830687831,774246645477777777777777777777777777777777777777776325314546366567747456753453562566547767457775774356757672
Indiana Jones and the Last Crusade,1989,5/24/1989,2.116666667,Action,"Action, Adventure, Fantasy",PG-13,Steven Spielberg,"Jeffrey Boam (screenplay), George Lucas (story), Menno Meyjes (story), George Lucas (characters), Philip Kaufman (characters)","Harrison Ford, Sean Connery, Denholm Elliott, Alison Doody","English, German, Greek, Arabic",USA,65,8.2,615595,tt0097576,Paramount Pictures,FALSE,nowomen,370601926,891248035,90220264,0.902255639,777777777777757767777734435574474545777444575777777775566677754677777777774577777777777676777777776767777776646777777777777777757767777734435574474545777444575777777775566677754677777777774577777777777676777777776767777776646777
Indiana Jones and the Temple of Doom,1984,5/23/1984,1.966666667,Action,"Action, Adventure",PG,Steven Spielberg,"Willard Huyck (screenplay by), Gloria Katz (screenplay by), George Lucas (story by)","Harrison Ford, Kate Capshaw, Jonathan Ke Quan, Amrish Puri","English, Sinhalese",USA,57,7.6,391784,tt0087469,Paramount Pictures,FALSE,nowomen,403191555,746580777,62760432,0.677310924,7655544544543376766544334344344435445744666577643553575434453577434755755554656357450
Inglourious Basterds,2009,8/21/2009,2.55,Drama,"Adventure, Drama, War",R,"Quentin Tarantino, Eli Roth",Quentin Tarantino,NA,"English, German, French, Italian","Germany, USA",69,8.3,1086100,tt0361748,The Weinstein Company,FALSE,dubious,131190089,344146212,76001212,0.650793651,367767777777777702453243333645657555744064216447743264245322264123773365
Inside Man,2006,3/24/2006,2.15,Drama,"Crime, Drama, Mystery, Thriller",R,Spike Lee,Russell Gewirtz,"Denzel Washington, Clive Owen, Jodie Foster, Christopher Plummer","English, Albanian, Spanish",USA,76,7.6,308579,tt0454848,Universal Pictures,FALSE,dubious,102443127,213399577,57789817,0.846292948,77777676777777777776045777753434574643577646776773575775435647777777777737347544344343334345777777777777767777777777567667776667777767777777777777456345375575
Insidious,2010,4/1/2011,1.716666667,Horror/Thriller,"Horror, Mystery, Thriller",PG-13,James Wan,Leigh Whannell,"Patrick Wilson, Rose Byrne, Ty Simpkins, Lin Shaye",English,"USA, Canada, UK",52,6.8,246265,tt1591095,FilmDistrict,TRUE,ok,57694294,106685260,1602348,0.505102041,332333444447435443476123344503444116441311556457722352000244343254221217577325364346
Insidious: Chapter 2,2013,9/13/2013,1.766666667,Horror/Thriller,"Horror, Mystery, Thriller",PG-13,James Wan,"Leigh Whannell (based on characters created by), James Wan (story), Leigh Whannell (story), Leigh Whannell (screenplay)","Patrick Wilson, Rose Byrne, Ty Simpkins, Lin Shaye",English,"USA, Canada",40,6.6,136193,tt2226417,FilmDistrict,FALSE,men,83586447,161911222,5000000,0.581280788,113331457102534546347753666373355245464467743324104464354466357777630063656342433345261
Insomnia,2002,5/24/2002,1.966666667,Drama,"Drama, Mystery, Thriller",R,Christopher Nolan,NA,"Al Pacino, Martin Donovan, Oliver 'Ole' Zemen, Hilary Swank",English,USA,78,7.2,249390,tt0278504,Warner Bros. Pictures,FALSE,notalk,87117875,147161499,59578244,0.740834387,7225574365467774237677764674776656777247467763575432344641564331633777677777623633436777766777764447777760276534443266724744777723467777547657756667752674677437743334265236533244447767777773345343567777667777543677777305763430
Into the Wild,2007,10/19/2007,2.466666667,Drama,"Adventure, Biography, Drama",R,Sean Penn,"Sean Penn (screenplay), Jon Krakauer (book)","Emile Hirsch, Marcia Gay Harden, William Hurt, Jena Malone","English, Danish",USA,73,8.1,514068,tt0758758,Paramount Vantage,FALSE,notalk,20621917,63362472,22470870,0.760667904,7455667147635357663433777776765575765527337440353444375353777777777777777626774556671476353576634337777767655757655273374403534443753537777777777777776267
Invictus,2009,12/11/2009,2.233333333,Drama,"Biography, Drama, History, Sport",PG-13,Clint Eastwood,"Anthony Peckham (screenplay), John Carlin (book)","Morgan Freeman, Matt Damon, Tony Kgoroge, Patrick Mofokeng","English, Afrikaans, Maori, Zulu, Xhosa, Southern Sotho",USA,74,7.3,138818,tt1057500,Warner Bros. Pictures,FALSE,notalk,40705558,135164207,53200848,0.855537721,77657777776777776467641353576577764744477747577764447777776756777743775654556677667767777
It's Complicated,2009,12/25/2009,2,Comedy,"Comedy, Drama, Romance",R,Nancy Meyers,Nancy Meyers,"Meryl Streep, Steve Martin, Alec Baldwin, John Krasinski","English, French","USA, Japan",57,6.6,79104,tt1230414,Universal Pictures,TRUE,ok,122400359,243871325,92287186,0.469026549,44412123333332000242533542524353444434341000356433444344342343365634432352344433334453353433334434544445333344331
It's Kind of a Funny Story,2010,10/8/2010,1.683333333,Comedy,"Comedy, Drama, Romance",PG-13,"Anna Boden, Ryan Fleck","Anna Boden (screenplay), Ryan Fleck (screenplay), Ned Vizzini (novel)","Keir Gilchrist, Dana DeVestern, Lauren Graham, Jim Gaffigan",English,USA,63,7.1,122953,tt0804497,Focus Features,FALSE,notalk,6797830,7080589,8545855,0.789835165,36775574167767764344267767777757375535367777323343447677677675776754577777765435446777333267777767777362
Jack Reacher,2012,12/21/2012,2.166666667,Action,"Action, Crime, Thriller",PG-13,Christopher McQuarrie,"Lee Child (based on the book ""One Shot"" by), Christopher McQuarrie (written for the screen by)","Tom Cruise, Rosamund Pike, Richard Jenkins, David Oyelowo",English,USA,50,7,277230,tt0790724,Paramount Pictures,FALSE,notalk,81242857,220552732,60878314,0.540983607,6727776321003545457037777740000571603500400347653574264553233
Jackie Brown,1997,12/25/1997,2.566666667,Drama,"Crime, Drama, Thriller",R,Quentin Tarantino,"Quentin Tarantino (written for the screen by), Elmore Leonard (novel)","Pam Grier, Samuel L. Jackson, Robert Forster, Bridget Fonda",English,USA,64,7.5,274589,tt0119396,Miramax Films,TRUE,ok,57575205,108447385,17414858,0.675070028,553337677777777777777777777754465444146777777534534434443344443554333344343334456743445345433434444334434353443444344454355420057764354443200000354333423434740003341455777777767775345467763435777777676723334235533376777777777777777777777544654441467777775
Jason X,2001,4/26/2002,1.516666667,Action,"Action, Horror, Sci-Fi, Thriller",R,James Isaac,"Victor Miller (characters), Todd Farmer","Kane Hodder, Jeff Geddis, Lexa Doig, David Cronenberg",English,"USA, Canada",25,4.4,45520,tt0211443,New Line Cinema,TRUE,ok,17265945,22305955,18421843,0.583424209,73445235463747665534644755732245543544453437753336776343347657765533545764442615371121024410343132125546543345325545446443435323332
Jaws,1975,6/20/1975,2.066666667,Drama,"Adventure, Drama, Thriller",PG,Steven Spielberg,"Peter Benchley (screenplay), Carl Gottlieb (screenplay), Peter Benchley (based on the novel by)","Roy Scheider, Robert Shaw, Richard Dreyfuss, Lorraine Gary",English,USA,87,8,497486,tt0073195,Universal Pictures,FALSE,notalk,1125306085,2037236823,51937204,0.896656535,3435477457777724675356777777777757545466777777777777775777777775477777777477777777777777777772
Jay and Silent Bob Strike Back,2001,8/24/2001,1.733333333,Comedy,Comedy,R,Kevin Smith,"Kevin Smith (characters), Kevin Smith","Jason Mewes, Kevin Smith, Ben Affleck, Jeff Anderson",English,USA,51,6.9,138972,tt0261392,Dimension Films,TRUE,ok,39553522,44426118,28948611,0.733944954,35777777777777777777774345457412154753445100003343231407777777700477777777774277777777777777773321753435567543777777777777777777777334555631224674344500000443322142777777750157777777777247777777777777776322374343647752
Jeepers Creepers II,2003,8/29/2003,1.733333333,Horror/Thriller,Horror,R,Victor Salva,"Victor Salva (characters), Victor Salva","Ray Wise, Jonathan Breck, Garikayi Mutambirwa, Eric Nenninger",English,USA,36,5.6,52960,tt0301470,MGM/UA,TRUE,ok,45102830,45102830,31652174,0.775510204,77704776747577642345656735436453677667532777741577777676777677557553456565552
Jennifer's Body,2009,9/18/2009,1.7,Comedy,"Comedy, Horror",R,Karyn Kusama,Diablo Cody,"Megan Fox, Amanda Seyfried, Johnny Simmons, Adam Brody","English, Spanish",USA,47,5.2,104359,tt1131734,20th Century Fox,TRUE,ok,17594056,35646920,17371706,0.308510638,0000120013421203136133221001525434443002233321133163240004756100241322424132222330421000455200
Jumper,2008,2/14/2008,1.466666667,Action,"Action, Adventure, Sci-Fi, Thriller",PG-13,Doug Liman,"David S. Goyer (screenplay), Jim Uhls (screenplay), Simon Kinberg (screenplay), Steven Gould (novel)","Hayden Christensen, Jamie Bell, Rachel Bilson, Diane Lane","English, Italian, Japanese, Mandarin","USA, Canada",35,6.1,267788,tt0489099,20th Century Fox,FALSE,notalk,87844867,241465674,89286146,0.824829932,777557777777777777776444563335334577777633375534457776263563777167777777777777777763
Juno,2007,12/25/2007,1.6,Comedy,"Comedy, Drama",PG-13,Jason Reitman,Diablo Cody,"Ellen Page, Michael Cera, Jennifer Garner, Jason Bateman",English,USA,81,7.5,458406,tt0467406,Fox Searchlight,TRUE,ok,161223170,260044254,7864804,0.268983269,133000043424100000000130000002201212334321167200004333443344011210024434200000330003343442443412343320334202012232000234423000000000220000003102212343320376000023424344342012200043443100001410014334424434304334301344002030
Jurassic Park,1993,6/11/1993,2.116666667,Horror/Thriller,"Adventure, Sci-Fi, Thriller",PG-13,Steven Spielberg,"Michael Crichton (novel), Michael Crichton (screenplay), David Koepp (screenplay)","Sam Neill, Laura Dern, Jeff Goldblum, Richard Attenborough","English, Spanish",USA,68,8.1,761823,tt0107290,Universal City Studios,TRUE,ok,638063379,1669905770,101584911,0.773109244,7774556634545667776735557677677767446667776566675675654564433666344477777777575656664467757775544353563654375565565676453444642555662337
Kate & Leopold,2001,12/25/2001,1.966666667,Comedy,"Comedy, Fantasy, Romance",PG-13,James Mangold,"Steven Rogers (story), James Mangold (screenplay), Steven Rogers (screenplay)","Meg Ryan, Hugh Jackman, Liev Schreiber, Breckin Meyer","English, French",USA,44,6.4,73065,tt0035423,Miramax Films,FALSE,men,61970361,93343188,63160606,0.876623377,7734342753444666424346777777777777777777777777777777765777777667777777777777777777767502
Kick-Ass,2010,4/16/2010,1.95,Action,"Action, Comedy",R,Matthew Vaughn,"Jane Goldman (screenplay), Matthew Vaughn (screenplay), Mark Millar (comic book), John Romita Jr. (comic book)","Aaron Taylor-Johnson, Garrett M. Brown, Evan Peters, Deborah Twiss",English,"UK, USA",66,7.6,488235,tt1250777,Lionsgate,FALSE,notalk,51351297,104182018,29910492,0.833613445,7774777777777545773477777667757547733645763777775677477777777567755654565764444335464
Kill Bill: Vol. 1,2003,10/10/2003,1.85,Action,"Action, Crime, Thriller",R,Quentin Tarantino,"Quentin Tarantino, Quentin Tarantino (character The Bride), Uma Thurman (character The Bride)","Uma Thurman, Lucy Liu, Vivica A. Fox, Daryl Hannah","English, Japanese, French",USA,69,8.1,878133,tt0266697,Miramax Films,TRUE,ok,88750338,228019903,69634783,0.389212828,30000000000000044742100000000000023000047777677777644434634420002344100007343433447377776432033453
Killing Them Softly,2012,11/30/2012,1.616666667,Horror/Thriller,"Crime, Thriller",R,Andrew Dominik,"Andrew Dominik (screenplay), George V. Higgins (based on the novel ""Cogan's Trade"" by)","Brad Pitt, Scoot McNairy, Ben Mendelsohn, James Gandolfini",English,USA,64,6.2,122668,tt1764234,The Weinstein Co.,FALSE,nowomen,15164322,37783896,15219578,0.992610837,77777777777777777777777777777777777777777777777777777777777777777777777777777777777777777777777777777777777777777771
King Kong,2005,12/14/2005,3.116666667,Action,"Action, Adventure, Drama, Romance",PG-13,Peter Jackson,"Fran Walsh (screenplay), Philippa Boyens (screenplay), Peter Jackson (screenplay), Merian C. Cooper (based on a story by), Edgar Wallace (based on a story by)","Naomi Watts, Jack Black, Adrien Brody, Thomas Kretschmann",English,"New Zealand, USA, Germany",81,7.2,360021,tt0360717,Universal Pictures,FALSE,nowomen,260176695,656785445,246957858,0.844720497,41337777776544367477777667774447764763775477777777667777777777757743755546477773621457777775543475677777577763557746745764677777776677777777777757527737364677745
Kingdom of Heaven,2005,5/6/2005,2.4,Action,"Action, Adventure, Drama, History, War",R,Ridley Scott,William Monahan,"Martin Hancock, Michael Sheen, Nathalie Cox, Eriq Ebouaney","English, Arabic, Latin, Italian","UK, Germany, Spain, Morocco, USA",63,7.2,246491,tt0320661,20th Century Fox,FALSE,nowomen,56547877,261099301,131233644,0.604651163,77777755565777745667442440347765320044400000173773647675437421344357745427534110433532
Knight and Day,2010,6/23/2010,1.816666667,Action,"Action, Adventure, Comedy",PG-13,James Mangold,Patrick O'Neill,NA,"English, German, Spanish",USA,46,6.3,167192,tt1013743,20th Century Fox,FALSE,men,81637519,280028482,124983125,0.548340548,440354226343555445424202544454365365156665454542544365555413456377515114453342020143534541434677431
Knocked Up,2007,6/1/2007,2.15,Comedy,"Comedy, Drama, Romance",R,Judd Apatow,Judd Apatow,"Seth Rogen, Katherine Heigl, Paul Rudd, Leslie Mann",English,USA,85,7,327005,tt0478311,Universal,TRUE,ok,167140312,246229599,30897446,0.56022409,242000077753342233131037730234357764234144544443544434343441433401000007764434343434457727643444304544343433313157777655634400234424203477774400154464434343467454366433744433444434343325057777754346307777623445643603723334776453345343657675747744424445446
Kung Fu Panda,2008,6/6/2008,1.533333333,Action,"Animation, Action, Adventure, Comedy, Family",PG,"Mark Osborne, John Stevenson","Jonathan Aibel (screenplay), Glenn Berger (screenplay), Ethan Reiff (story), Cyrus Voris (story)","Jack Black, Dustin Hoffman, Angelina Jolie, Ian McShane",English,USA,73,7.6,367999,tt0441773,Paramount Pictures,FALSE,notalk,233155446,683889160,140693320,0.906757913,57777777577777667777777777777766776677767665754316777776677575377775476777665777767577777775777776677777777777777667766777676657643067777775775762777763767777557777672
L.A. Confidential,1997,9/19/1997,2.3,Drama,"Crime, Drama, Mystery, Thriller",R,Curtis Hanson,"James Ellroy (novel), Brian Helgeland (screenplay), Curtis Hanson (screenplay)","Kevin Spacey, Russell Crowe, Guy Pearce, James Cromwell",English,USA,90,8.3,483077,tt0119488,Warner Bros. Pictures,FALSE,notalk,93757206,160514159,50793334,0.885044643,77777754577777777777776777777777777777467777767634343437777777777777777537744777533645777777777777536333677764367777777776577755
Law Abiding Citizen,2009,10/16/2009,1.816666667,Drama,"Crime, Drama, Thriller",R,F. Gary Gray,Kurt Wimmer,"Jamie Foxx, Gerard Butler, Colm Meaney, Bruce McGill",English,USA,34,7.4,247132,tt1197624,Overture Films,FALSE,notalk,79646802,142404318,57543775,0.838935574,777566777634225666775477772246776777713677777777774477767754577764247667777774424577777776377765777772
Lee Daniels' The Butler,2013,8/16/2013,2.2,Drama,"Biography, Drama",PG-13,Lee Daniels,"Danny Strong, Wil Haygood (article)","Forest Whitaker, David Banner, Michael Rainey Jr., LaJessie Smith",English,USA,66,7.2,100773,tt1327773,The Weinstein Company,TRUE,ok,116632095,151513429,30000000,0.76984127,764777777553567713533677777777656467773554723753477547443565463546645777353464777777643437777474364677733474
Legally Blonde,2001,7/13/2001,1.6,Comedy,"Comedy, Romance",PG-13,Robert Luketic,"Amanda Brown (novel), Karen McCullah (screenplay), Kirsten Smith (screenplay)","Reese Witherspoon, Luke Wilson, Selma Blair, Matthew Davis",English,USA,59,6.3,159038,tt0250494,MGM,TRUE,ok,126970485,186599109,23685227,0.250759878,0001333530000000000114331144330102100014411223202130210021000133233443352300032337201415112027
Legend,1985,4/18/1986,1.566666667,Other,"Adventure, Fantasy, Romance",PG,Ridley Scott,William Hjortsberg,"Tom Cruise, Mia Sara, Tim Curry, David Bennent","English, Italian","USA, UK",30,6.5,53823,tt0089469,Universal Pictures,FALSE,dubious,33562937,33562937,54126394,0.806722689,33434343443435777777777767777777677666656573677777777777777775343400146654677777604777777777777134347777777777777754340
Legion,2010,1/22/2010,1.666666667,Action,"Action, Fantasy, Horror",R,Scott Stewart,"Peter Schink, Scott Stewart","Paul Bettany, Lucas Black, Tyrese Gibson, Adrianne Palicki",English,USA,32,5.2,90552,tt1038686,Screen Gems,TRUE,ok,42908822,73552139,27774028,0.675630252,7763354535677765573611401155767767656677770376635477756324344532555443622767544542442
NA,2012,12/25/2012,2.633333333,Drama,"Drama, History, Musical, Romance, War",PG-13,Tom Hooper,NA,"Hugh Jackman, Russell Crowe, Anne Hathaway, Amanda Seyfried",English,"UK, USA, France",63,7.6,278614,tt1707386,Universal Pictures,TRUE,ok,150988132,448493475,65951507,0.751803752,777777514575112201366357744473575365444777735754777773443275641366776677544777777777777775476665354
Let Me In,2010,10/1/2010,1.933333333,Drama,"Drama, Fantasy, Horror, Mystery, Thriller",R,Matt Reeves,NA,NA,English,"UK, USA",79,7.1,104966,tt1228987,Overture Films,FALSE,notalk,12962924,30199340,21364637,0.672527473,55177745214454445755445743543750043443743676467734776533364777773
Lethal Weapon,1987,3/6/1987,1.816666667,Action,"Action, Crime, Thriller",R,Richard Donner,Shane Black,"Mel Gibson, Danny Glover, Gary Busey, Mitchell Ryan",English,USA,68,7.6,215245,tt0093409,Warner Bros. Pictures,FALSE,notalk,133670224,246442080,30755961,0.891100703,3775375354567775334675777777777777777777757777545336774467443477677777777777777777777776577776477777777777776777777777773547744744454777743437757777777777777777777577774543467735674335776777777777777777777777756777764777777777777767777777777635
Letters from Iwo Jima,2006,2/2/2007,2.35,Drama,"Drama, History, War",R,Clint Eastwood,"Iris Yamashita (screenplay), Iris Yamashita (story), Paul Haggis (story), Tadamichi Kuribayashi (book), Tsuyoko Yoshido (book)","Ken Watanabe, Kazunari Ninomiya, Tsuyoshi Ihara, Ryo Kase","Japanese, English",USA,89,7.9,144558,tt0498380,Warner Bros. Pictures,FALSE,notalk,15899229,79468028,15025353,0.96952381,777777777777777777777774357777777777777777777777777776677775477777777777777
Letters to Juliet,2010,5/14/2010,1.75,Comedy,"Adventure, Comedy, Drama, Romance",PG,Gary Winick,"Jose Rivera, Tim Sullivan",NA,"English, Italian, Spanish",USA,50,6.6,84787,tt0892318,Summit Entertainment,FALSE,dubious,56650955,84535576,32046955,0.41221374,35443453454540000002243200153344334211211343331214332222241110334433344443444424532343023122344334413442233243344543444454236153432
Liar Liar,1997,3/21/1997,1.433333333,Comedy,"Comedy, Fantasy",PG-13,Tom Shadyac,"Paul Guay, Stephen Mazur","Jim Carrey, Maura Tierney, Justin Cooper, Cary Elwes",English,USA,70,6.9,253529,tt0119528,Universal Pictures,FALSE,notalk,263270001,439305185,65305716,0.707671958,574545477545433457364433344337635764645634343432577354445777776754455336443567657664554546734557776775564666
Life of Pi,2012,11/21/2012,2.116666667,Drama,"Adventure, Drama, Fantasy",PG,Ang Lee,"Yann Martel (novel), David Magee (screenplay)","Suraj Sharma, Irrfan Khan, Ayush Tandon, Gautam Belur","English, Tamil, French, Japanese, Hindi, Chinese","USA, Taiwan, UK, Canada",79,7.9,521300,tt0454876,20th Century Fox,FALSE,notalk,126816653,616887080,121756628,0.915451895,7777777777746775677743566277777777777777777777771
Limitless,2011,3/18/2011,1.75,Horror/Thriller,"Mystery, Sci-Fi, Thriller",PG-13,Neil Burger,"Leslie Dixon (screenplay), Alan Glynn (novel)","Bradley Cooper, Robert De Niro, Abbie Cornish, Andrew Howard","English, Russian, Italian, Mandarin, French",USA,59,7.4,482119,tt1219289,Relativity Media,FALSE,notalk,82077930,175797590,27963651,0.821768707,775443577777766354677777435477777777753443777777777777773574332477644334234344777777667766755777777777773
Lincoln,2012,11/16/2012,2.5,Drama,"Biography, Drama, History, War",PG-13,Steven Spielberg,"Tony Kushner (screenplay by), Doris Kearns Goodwin (based in part on the book ""Team of Rivals: The Political Genius of Abraham Lincoln"" by)","Daniel Day-Lewis, Sally Field, David Strathairn, Joseph Gordon-Levitt",English,"USA, India",86,7.4,224409,tt0443272,Dreamworks Pictures,TRUE,ok,184875236,276997302,65951507,0.873343152,7777772317777534676463777777777774377777775343475577777777777776777434777777777777777777647773672
Little Children,2006,2/9/2007,2.266666667,Drama,"Drama, Romance",R,Todd Field,"Todd Field (screenplay), Tom Perrotta (screenplay), Tom Perrotta (based on the novel by)","Kate Winslet, Jennifer Connelly, Patrick Wilson, Jackie Earle Haley",English,USA,75,7.5,99536,tt0404203,New Line Cinema,TRUE,ok,6314137,17063043,16181149,0.485714286,0042013552443777776431024236310432300675566000372555410243233663742155
Little Miss Sunshine,2006,8/18/2006,1.683333333,Comedy,"Comedy, Drama",R,"Jonathan Dayton, Valerie Faris",Michael Arndt,"Abigail Breslin, Greg Kinnear, Paul Dano, Alan Arkin",English,USA,80,7.8,402377,tt0449059,Fox Searchlight,TRUE,ok,69221912,116216452,9246371,0.607489598,5101434734563446452224334467653422524457657647444344467333435575354763276345453443425334467776543044554
Little Nicky,2000,11/10/2000,1.5,Comedy,"Comedy, Fantasy",PG-13,Steven Brill,"Tim Herlihy, Adam Sandler, Steven Brill","Adam Sandler, Patricia Arquette, Harvey Keitel, Rhys Ifans",English,USA,38,5.3,89383,tt0185431,New Line Cinema,FALSE,notalk,53362591,78834500,108232671,0.84148728,767777777777777777777777777777777744434447745677776777777777733432677777777756777623247732225646237676754656567677777777777777777777777777777776434433776457777677777777775334247777777777477764232776221456451667766455673
"Lock, Stock and Two Smoking Barrels",1998,8/28/1998,1.783333333,Comedy,"Comedy, Crime",R,Guy Ritchie,Guy Ritchie,"Jason Flemyng, Dexter Fletcher, Nick Moran, Jason Statham",English,UK,66,8.2,482258,tt0120735,Gramercy Pictures,FALSE,notalk,5570142,40524745,1929329,0.997732426,777777777777777777777777777777777777777777777777777777777777777777777777777777777777777777777777777777777777777777777777777777777777777777777777777777777777777777777777777777777777777777774
Logan's Run,1976,6/23/1976,1.983333333,Action,"Action, Sci-Fi",PG,Michael Anderson,"David Zelag Goodman (screenplay by), William F. Nolan (based on the novel ""Logan's Run""), George Clayton Johnson (based on the novel ""Logan's Run"")","Michael York, Richard Jordan, Jenny Agutter, Roscoe Lee Browne",English,USA,53,6.8,46209,tt0074812,MGM,FALSE,men,102295681,102295681,28642791,0.880597015,7777563777677777777775467647756756557567344557777677577777667777771
Lord of War,2005,9/16/2005,2.033333333,Drama,"Crime, Drama, Thriller",R,Andrew Niccol,Andrew Niccol,"Nicolas Cage, Bridget Moynahan, Jared Leto, Shake Tukhmanyan","English, Ukrainian, German, Spanish, Russian, French, Arabic, Turkish","USA, Germany, France",62,7.6,273636,tt0399295,Lions Gate,FALSE,men,28811311,74138215,50107391,0.880466472,7675773767777777777777777774554473477677777777777777434734775575677777777777543337654467777776777776667647677777777777777777736544635767777777777777774257257746666777777777774442466644677777767775
Lost in Space,1998,4/3/1998,2.166666667,Action,"Action, Adventure, Family, Sci-Fi, Thriller",PG-13,Stephen Hopkins,"Irwin Allen (television series), Akiva Goldsman","William Hurt, Mimi Rogers, Heather Graham, Lacey Chabert",English,USA,42,5.1,65551,tt0120738,New Line Home Entertainment,TRUE,ok,98778237,194429617,114330585,0.765133172,7777634477777556257777424576355647536766537756645665464666475677647474045534443766547447537705777775773777456554677252
Lost in Translation,2003,10/3/2003,1.7,Drama,Drama,R,Sofia Coppola,Sofia Coppola,"Scarlett Johansson, Bill Murray, Akiko Takeshita, Kazuyoshi Minamimagoe","English, Japanese, German, French","USA, Japan",89,7.8,365884,tt0335266,Focus Features,FALSE,dubious,56449060,142498954,5064348,0.504761905,753255334323432343245243215334343433437346734332443342345441
Love & Basketball,2000,4/21/2000,2.066666667,Drama,"Drama, Romance, Sport",PG-13,Gina Prince-Bythewood,Gina Prince-Bythewood,"Glenndon Chatman, Jess Willard, Chris Warren, Kyla Pratt","English, Spanish",USA,70,7.2,16302,tt0199725,New Line Cinema,TRUE,ok,37125324,37488584,20293626,0.44015444,7765545552033431033454332132067443334344320000003024445433444500441025453777764444325001344103257754301434430000457743434322000000433434434013434251
Love & Other Drugs,2010,11/24/2010,1.866666667,Comedy,"Comedy, Drama, Romance",R,Edward Zwick,"Charles Randolph (screenplay), Edward Zwick (screenplay), Marshall Herskovitz (screenplay), Jamie Reidy (book)","Jake Gyllenhaal, Anne Hathaway, Oliver Platt, Hank Azaria",English,USA,55,6.7,164270,tt0758752,20th Century Fox,FALSE,men,34575465,109728398,32046955,0.632218845,6443372357734575734364764424673133523331412357777643324634644343335565674557144456375377745363
Lucky Number Slevin,2006,4/7/2006,1.833333333,Drama,"Crime, Drama, Mystery, Thriller",R,Paul McGuigan,Jason Smilovic,"Josh Hartnett, Bruce Willis, Lucy Liu, Morgan Freeman",English,"Germany, UK, USA, Canada",53,7.8,285091,tt0425210,N/A,FALSE,notalk,26000177,64141457,31206501,0.832653061,334777777577775677773225347757777777777777777775357776337777777777777753577753445777577547754567776423231
Machete,2010,9/3/2010,1.75,Action,"Action, Crime, Thriller",R,"Ethan Maniquis, Robert Rodriguez",NA,"Danny Trejo, Robert De Niro, Jessica Alba, Steven Seagal","English, Spanish, Hungarian",USA,60,6.6,179732,tt0985694,20th Century Fox,TRUE,ok,28408179,47356808,13352898,0.64484127,524102677577567734777534223123504774777357535233014737753311657677477642
Made in Dagenham,2010,9/20/2010,1.883333333,Comedy,"Biography, Comedy, Drama, History",R,Nigel Cole,William Ivory,"Sally Hawkins, Andrea Riseborough, Jaime Winstone, Lorraine Stanley",English,UK,65,7.2,12847,tt1371155,Sony Pictures Classics,TRUE,ok,1170108,16711628,8545855,0.352380952,143223410440023565141033013453014410137627431115653421172005125524343000003300236100364303244142234010110
Magnolia,1999,1/7/2000,3.133333333,Drama,Drama,R,Paul Thomas Anderson,Paul Thomas Anderson,"Pat Healy, Genevieve Zweig, Mark Flanagan, Neil Flynn","English, German, French",USA,77,8,265792,tt0175880,New Line Cinema,FALSE,notalk,31396836,67751013,51743095,0.750140056,777777677675534434344677777756565535674345577773777777646434421343544454434775453434576537777776676734444254777766434344634434636776334335535777545546544677666777776343433644433643455343577777776777777767767553443434467777775656553567434557777377777764643
Major League,1989,4/7/1989,1.783333333,Comedy,"Comedy, Sport",R,David S. Ward,David S. Ward,"Tom Berenger, Charlie Sheen, Corbin Bernsen, Margaret Whitton","English, Spanish, Japanese",USA,62,7.2,55270,tt0097815,Paramount Home Video,FALSE,notalk,93590469,93590469,20675477,0.817245817,523433677777777777777777777767733377577776534344577743676665577777776564474344344337777777767762433447767777776533333777777777777777777777767633477577776533444577733775756577777775663573443443347777777677761443357767777775
Malcolm X,1992,11/18/1992,3.366666667,Drama,"Biography, Drama, History, Romance",PG-13,Spike Lee,"Alex Haley (book), Malcolm X (book), Arnold Perl (screenplay), Spike Lee (screenplay)","Denzel Washington, Angela Bassett, Albert Hall, Al Freeman Jr.",English,"USA, Japan",72,7.7,73456,tt0104797,Warner Bros.,FALSE,dubious,79978777,79978777,58112153,0.822916667,776535725330177777777775437777665677473777777777777777777745343437777444677776434376776577547773
Mallrats,1995,10/20/1995,1.566666667,Comedy,"Comedy, Romance",R,Kevin Smith,Kevin Smith,"Shannen Doherty, Jeremy London, Jason Lee, Claire Forlani",English,USA,41,7.2,107637,tt0113749,MCA Universal Home Video,FALSE,notalk,3223228,3223228,9325555,0.865546218,676554777746776767754767675417777777777776474637765
Margaret,2011,6/1/2012,2.5,Drama,Drama,R,Kenneth Lonergan,Kenneth Lonergan,"Anna Paquin, J. Smith-Cameron, Mark Ruffalo, Jeannie Berlin",English,USA,61,6.5,14503,tt0466893,Fox Searchlight,TRUE,ok,48869,48869,14499671,0.320754717,42254344343210032235401234135143510415241342303044240000000332432342342342433471351000000376652333300000000002000130134133331000333353233524425454343000023000000000202232252230461333333345052013021354233321132300
Margin Call,2011,9/29/2011,1.783333333,Drama,"Drama, Thriller",R,J.C. Chandor,J.C. Chandor,"Kevin Spacey, Paul Bettany, Jeremy Irons, Zachary Quinto",English,USA,76,7.1,105497,tt1615147,Roadside Attractions,FALSE,notalk,5544660,18510079,3521349,0.892354125,7332257777777677777777777777777777777777777777775576775777757567777535366777777777767777743777654577744577777777777777777777777754424677763340
Maria Full of Grace,2004,8/6/2004,1.683333333,Drama,"Crime, Drama",R,Joshua Marston,Joshua Marston,NA,"Spanish, English","Colombia, Ecuador, USA",87,7.5,32460,tt0390221,New Line Cinema,TRUE,ok,8052286,17808733,3946217,0.308035714,321003610002423143343446443420352002476633400320000000015503421023100311331242000043011011465332
Mars Attacks!,1996,12/13/1996,1.766666667,Comedy,"Comedy, Sci-Fi",PG-13,Tim Burton,"Len Brown (trading card series), Woody Gelman (trading card series), Wally Wood (trading card series), Bob Powell (trading card series), Norman Saunders (trading card series), Jonathan Gems (screen story), Jonathan Gems (screenplay)","Jack Nicholson, Glenn Close, Annette Bening, Pierce Brosnan","English, French",USA,52,6.3,192594,tt0116996,Warner Home Video,TRUE,ok,56096190,150552679,118813194,0.754098361,7732437663647443565456754566645575677476774636757676575545254
Martha Marcy May Marlene,2011,12/21/2011,1.7,Drama,"Drama, Mystery, Thriller",R,Sean Durkin,Sean Durkin,"Elizabeth Olsen, Christopher Abbott, Brady Corbet, Hugh Dancy",English,USA,75,6.9,45226,tt1441326,Fox Searchlight,TRUE,ok,3087434,3657064,1035691,0.273584906,0005520000242221024410351241002200130344344310232000000033000020000004431456534355223016760422202234000002
Master and Commander: The Far Side of the World,2003,11/14/2003,2.3,Action,"Action, Adventure, Drama, History, War",PG-13,Peter Weir,"Patrick O'Brian (novels), Peter Weir (screenplay), John Collee (screenplay)","Russell Crowe, Paul Bettany, James D'Arcy, Edward Woodall","English, French, Portuguese",USA,81,7.4,186992,tt0311113,20th Century Fox,FALSE,nowomen,118918972,269565280,170921739,1,77777777777777777777777777777777777777777777777777777777777777777777777777777777777
Match Point,2005,1/20/2006,2.066666667,Drama,"Drama, Romance, Thriller",R,Woody Allen,Woody Allen,"Jonathan Rhys Meyers, Alexander Armstrong, Paul Kaye, Matthew Goode",English,"UK, Ireland, Luxembourg",72,7.6,187997,tt0416320,Dreamworks,TRUE,ok,27547047,104974897,17895497,0.568552253,77777756455435355512343444434345753452322234356514334677612644763016344103333233255554334443235242434774233234433342323524754567742201232777774774452
Max Payne,2008,10/17/2008,1.666666667,Action,"Action, Crime, Drama, Mystery, Thriller",PG-13,John Moore,"Beau Thorne (screenplay), Sam Lake (video game by Remedy Entertainment and 3-D Realms Entertainment)","Mark Wahlberg, Mila Kunis, Beau Bridges, Ludacris","English, Russian, Spanish","Canada, USA",31,5.4,116422,tt0467197,20th Century Fox,TRUE,ok,44034081,92816237,37878971,0.814536341,771754357777457775434534677247777777777777537777776644364
Mean Girls,2004,4/30/2004,1.616666667,Comedy,Comedy,PG-13,Mark Waters,"Rosalind Wiseman (book), Tina Fey (screenplay)","Lindsay Lohan, Rachel McAdams, Tina Fey, Tim Meadows","English, German, Vietnamese, Swahili","USA, Canada",66,7,292241,tt0377092,Paramount Pictures,TRUE,ok,106112827,161490339,22197472,0.170395869,00223222101020000000000112112242100011201310012533000000010102134350230000224211230
Memento,2000,5/25/2001,1.883333333,Horror/Thriller,"Mystery, Thriller",R,Christopher Nolan,"Christopher Nolan (screenplay), Jonathan Nolan (short story ""Memento Mori"")","Guy Pearce, Carrie-Anne Moss, Joe Pantoliano, Mark Boone Junior",English,USA,80,8.5,1007888,tt0209144,Newmarket Films,FALSE,notalk,34559865,53741710,6764542,0.80260818,7777777777777743233367777677777643763341437777777777774775655777777774344435543433115563434341465667777777777777667777777777777777777753233357777677777743673342336777777777775675745777777775344434643433124464434341456567777777777777757777774
Memoirs of a Geisha,2005,12/23/2005,2.416666667,Drama,"Drama, Romance",PG-13,Rob Marshall,"Robin Swicord (screenplay), Arthur Golden (book)","Suzuka Ohgo, Togo Igawa, Mako, Samantha Futerman","English, Japanese",USA,54,7.4,130025,tt0397535,Sony Pictures,TRUE,ok,68015836,192687798,101407816,0.332361516,7350000000075200022333310254101455144343540133330
Men in Black,1997,7/2/1997,1.633333333,Comedy,"Adventure, Comedy, Mystery, Sci-Fi",PG-13,Barry Sonnenfeld,"Lowell Cunningham (comic), Ed Solomon (screen story), Ed Solomon (screenplay)","Tommy Lee Jones, Will Smith, Linda Fiorentino, Vincent D'Onofrio","English, Spanish",USA,71,7.3,465696,tt0119654,Columbia TriStar International,FALSE,notalk,363811668,853024040,130611431,0.888736264,77777777777377777777777647777777777777777777776357777512334725567777777777777377633447667776775777777661
Men in Black 3,2012,5/25/2012,1.766666667,Action,"Action, Adventure, Comedy, Sci-Fi",PG-13,Barry Sonnenfeld,"Etan Cohen, Lowell Cunningham (based on the Malibu comic by)","Will Smith, Tommy Lee Jones, Josh Brolin, Jemaine Clement","English, Ukrainian",USA,58,6.8,301820,tt1409024,Sony Pictures,FALSE,notalk,181641463,633967639,218147292,0.982507289,77777777777777777777777777776677777777777777777777777777557777777777777777777777777777777777777771
Michael Clayton,2007,10/12/2007,1.983333333,Drama,"Crime, Drama, Mystery, Thriller",R,Tony Gilroy,Tony Gilroy,"Tom Wilkinson, Michael O'Keefe, Sydney Pollack, Danielle Skraastad",English,USA,82,7.3,147251,tt0465538,Warner Bros. Pictures,FALSE,men,55091699,104475669,24156185,0.814449918,777777777777775612773305574345266677773466777777733577747777765677537777777777153344573
Midnight in Paris,2011,6/10/2011,1.566666667,Comedy,"Comedy, Fantasy, Romance",PG-13,Woody Allen,Woody Allen,"Owen Wilson, Rachel McAdams, Kurt Fuller, Mimi Kennedy","English, French, Spanish, German","Spain, USA, France",81,7.7,349394,tt1605783,Sony Pictures Classics,TRUE,ok,58844493,160342190,31070724,0.573957016,44444533433334036346335565576457777773323357633243433244523454432424567737742336244222335236642255554343434334441
Milk,2008,1/30/2009,2.133333333,Drama,"Biography, Drama",R,Gus Van Sant,Dustin Lance Black,"Sean Penn, Emile Hirsch, Josh Brolin, Diego Luna",English,USA,84,7.6,152876,tt1013753,Focus Features,FALSE,notalk,34460447,62006112,21645126,0.965909091,6677777777777777777777777777777777777777764567777766777776777766776776767776677777776776
Million Dollar Baby,2004,1/28/2005,2.2,Drama,"Drama, Sport",PG-13,Clint Eastwood,"Paul Haggis (screenplay), F.X. Toole (stories)","Clint Eastwood, Hilary Swank, Morgan Freeman, Jay Baruchel","English, Irish",USA,86,8.1,574434,tt0405159,Warner Bros. Pictures,TRUE,ok,123926269,286120974,36995786,0.793197279,775677777777765765476757477767777545667734767667446757664775664635547520006777567665464665345563224677773
Minority Report,2002,6/21/2002,2.416666667,Action,"Action, Crime, Mystery, Sci-Fi, Thriller",PG-13,Steven Spielberg,"Philip K. Dick (short story), Scott Frank (screenplay), Jon Cohen (screenplay)","Tom Cruise, Max von Sydow, Steve Harris, Neal McDonough","English, Swedish",USA,80,7.7,460299,tt0181689,Dreamworks,FALSE,notalk,170995666,464742312,132108280,0.808114962,6474777766567655667777777777777776777777774777577676777777767621424334342476773453457763537777776777326777777656323357455576766757523577775344313477776453437566774477765
Mission to Mars,2000,3/10/2000,1.9,Horror/Thriller,"Adventure, Sci-Fi, Thriller",PG,Brian De Palma,"Lowell Cannon (story), Jim Thomas (story), John Thomas (story), Jim Thomas (screenplay), John Thomas (screenplay), Graham Yost (screenplay)","Gary Sinise, Tim Robbins, Don Cheadle, Connie Nielsen",English,USA,34,5.6,66198,tt0183523,N/A,FALSE,notalk,82357777,143408288,121761754,0.841415465,7535577777777777777426666777776766757563574566656776776667766476766557554356765776676665577576776553454756462
Mission: Impossible,1996,5/22/1996,1.833333333,Action,"Action, Adventure, Thriller",PG-13,Brian De Palma,"Bruce Geller (television series), David Koepp (story), Steven Zaillian (story), David Koepp (screenplay), Robert Towne (screenplay)",NA,"English, French, Czech",USA,59,7.1,350727,tt0117060,Paramount Pictures,FALSE,notalk,268787949,679757008,118813194,0.795321637,634554677774645755765777777775443475434443647567736777777666657777775447346555564477545347357777644756566667777777644436734344454666675477777767566677777644653655556545772
Moneyball,2011,9/23/2011,2.216666667,Drama,"Biography, Drama, Sport",PG-13,Bennett Miller,"Steven Zaillian (screenplay), Aaron Sorkin (screenplay), Stan Chervin (story), Michael Lewis (book)","Brad Pitt, Jonah Hill, Philip Seymour Hoffman, Robin Wright",English,USA,87,7.6,319639,tt1210166,Sony Pictures,FALSE,notalk,78303911,115142275,51784539,0.935666982,7326674344777775677777777777777777777777777777777777776776775467777777774777777754546777777777777777777777777777777777777777767545777767364777777777775
Monkeybone,2001,2/23/2001,1.55,Comedy,"Animation, Comedy, Fantasy",PG-13,Henry Selick,"Kaja Blackley (graphic novel ""Dark Town""), Sam Hamm","Brendan Fraser, Bridget Fonda, John Turturro, Chris Kattan",English,USA,40,4.7,15607,tt0166276,20th Century Fox,FALSE,dubious,7118091,7118091,98688447,0.649769585,75677363640002247556767266577777777330245575773042444235442544
Monster House,2006,7/21/2006,1.516666667,Comedy,"Animation, Adventure, Comedy, Family, Fantasy, Mystery",PG,Gil Kenan,"Dan Harmon (screenplay), Rob Schrab (screenplay), Pamela Pettler (screenplay), Dan Harmon (story), Rob Schrab (story)","Ryan Newman, Steve Buscemi, Mitchel Musso, Catherine O'Hara",English,USA,68,6.6,87058,tt0385880,Sony Pictures Releasing,TRUE,ok,85137126,163276310,86684726,0.7125,66575777776346555467700035452364664255254443575564655455354665667767675756764543
"Monsters, Inc.",2001,11/2/2001,1.533333333,Comedy,"Animation, Adventure, Comedy, Family, Fantasy",G,"Pete Docter, David Silverman(co-director), Lee Unkrich(co-director)","Pete Docter (original story by), Jill Culton (original story by), Jeff Pidgeon (original story by), Ralph Eggleston (original story by), Andrew Stanton (screenplay by), Daniel Gerson (screenplay by), Bob Peterson (additional story material), David Silverman (additional story material), Joe Ranft (additional story material), Robert L. Baird (additional screenplay material), Rhett Reese (additional screenplay material), Jonathan Roberts (additional screenplay material)","John Goodman, Billy Crystal, Mary Gibbs, Steve Buscemi",English,USA,78,8.1,718325,tt0198781,Buena Vista Distribution Compa,FALSE,notalk,380836644,736554932,151322285,0.922206506,07777777753677677577777775744576677777777777777777746776767766777775777777757773677777777777777647655
Moon,2009,7/10/2009,1.616666667,Drama,"Drama, Mystery, Sci-Fi",R,Duncan Jones,"Duncan Jones (story), Nathan Parker","Sam Rockwell, Kevin Spacey, Dominique McElligott, Rosie Shaw","English, Spanish","UK, USA",67,7.9,305780,tt1182345,Sony Pictures Classics,FALSE,notalk,5439692,11591350,5428658,0.915178571,7777777776067777777677777777466677777777732777777767777777747660
Moonrise Kingdom,2012,6/29/2012,1.566666667,Comedy,"Adventure, Comedy, Drama, Romance",PG-13,Wes Anderson,"Wes Anderson, Roman Coppola","Bruce Willis, Edward Norton, Bill Murray, Frances McDormand",English,USA,84,7.8,284483,tt1748122,Focus Features,TRUE,ok,46178703,64949517,16234217,0.729691877,777777477777562464445544441466544455754356754543442642533440477775466443776656777775777754354546445675
Mother and Child,2009,7/2/2010,2.083333333,Drama,"Drama, Romance",R,NA,NA,"Alexandria M. Salling, Connor Kramme, Annette Bening, Eileen Ryan",English,"USA, Spain",64,7.2,10795,tt1121977,Sony Pictures Classics,TRUE,ok,1205715,5440068,7600121,0.183486239,3323100130051022443444200301000012002643324310000000000000232000024502000513300000410000000000003300000521012
Mr. & Mrs. Smith,2005,6/10/2005,2,Action,"Action, Comedy, Crime, Thriller",PG-13,Doug Liman,Simon Kinberg,"Brad Pitt, Angelina Jolie, Vince Vaughn, Adam Brody","English, Spanish",USA,55,6.5,404756,tt0356910,20th Century Fox,FALSE,men,222305354,570671028,131233644,0.528571429,4443373245125561134755464443344344012545
Mulan,1998,6/19/1998,1.466666667,Other,"Animation, Adventure, Family, Fantasy, Musical, War",G,"Tony Bancroft, Barry Cook","Robert D. San Souci (based on a story by), Rita Hsiao (screenplay by), Chris Sanders (screenplay by), Philip LaZebnik (screenplay by), Raymond Singer (screenplay by), Eugenia Bostwick-Singer (screenplay by), Dean DeBlois (story co-head), John Sanford (story), Chris Williams (story), Tim Hodge (story), Julius Aguimatang (story), Burny Mattinson (story), Lorna Cook (story), Barry Johnson (story), Thom Enriquez (story), Ed Gombert (story), Joe Grant (story), Floyd Norman (story), Linda Woolverton (additional story material), Jodi Ann Johnson (additional story material), Alan Ormsby (additional story material), David Reynolds (additional story material), Don Dougherty (additional story material), Jorgen Klubien (additional story material), Denis Rich (additional story material), Joe Ekers (additional story material), Theodore Newton (additional story material), Larry Scholl (additional story material), Daan Jippes (additional story material), Frank Nissen (additional story material), Jeff Snow (additional story material)","Miguel Ferrer, Harvey Fierstein, Freda Foh Shen, June Foray","English, Mandarin",USA,71,7.6,213920,tt0120762,Buena Vista,FALSE,dubious,172382303,433741657,128621908,0.714285714,5632000353577777344767745454677645466476666766546544355565576546474400014536777754457676445547766545565667577574465433656556755461
Mulholland Drive,2001,10/19/2001,2.45,Drama,"Drama, Mystery, Thriller",R,David Lynch,David Lynch,"Naomi Watts, Jeanne Bates, Dan Birnbaum, Laura Harring","English, Spanish","France, USA",83,8,284216,tt0166924,Universal Focus,TRUE,ok,9499853,15684329,19737689,0.423076923,777210013101777777401776460234003200021026343677772000000002446443535740000021776300013102777777302776450243003200030035434677771000000002546433536730000020
Munich,2005,1/6/2006,2.733333333,Drama,"Drama, History, Thriller",R,Steven Spielberg,"Tony Kushner (screenplay), Eric Roth (screenplay), George Jonas (book)",NA,"English, German, French, Hebrew, Arabic, Italian, Greek, Russian, Dutch","France, Canada, USA",74,7.6,195845,tt0408306,Universal Pictures,FALSE,notalk,56524824,155427270,89477485,0.9004329,765335362777777777655677777777775575433777777777777777757777777777777777777774377647777777735666776
My Best Friend's Wedding,1997,6/20/1997,1.75,Comedy,"Comedy, Drama, Romance",PG-13,P.J. Hogan,Ronald Bass,"Julia Roberts, Dermot Mulroney, Cameron Diaz, Rupert Everett","English, French, Italian",USA,50,6.3,114014,tt0119738,Sony Pictures Entertainment,FALSE,men,184036082,433809062,66756954,0.298800436,02000045451000000021000000025444431222310000000006514343220354344510000002612354744203410225644244430013101443330015142643200027510
My Big Fat Greek Wedding,2002,8/2/2002,1.583333333,Comedy,"Comedy, Drama, Romance",PG,Joel Zwick,Nia Vardalos,"Nia Vardalos, Michael Constantine, Christina Eleusiniotis, Kaylee Vieira","English, Greek","Canada, USA",62,6.6,112196,tt0259446,IFC Films,TRUE,ok,312705749,456217193,6475896,0.395989975,134022332247321123501544430421142332563425322326510156211
My Bloody Valentine,2009,1/16/2009,1.683333333,Horror/Thriller,"Horror, Mystery, Thriller",R,Patrick Lussier,"Todd Farmer (screenplay), Zane Smith (screenplay), John Beaird, Stephen A. Miller","Jensen Ackles, Jaime King, Kerr Smith, Betsy Rue",English,USA,51,5.5,50082,tt1179891,Lionsgate Films,FALSE,men,55965069,111564348,15200242,0.662131519,767541554204723674477757654457757677576650010046554475333636552
My Cousin Vinny,1992,3/13/1992,2,Comedy,"Comedy, Crime",R,Jonathan Lynn,Dale Launer,"Joe Pesci, Ralph Macchio, Marisa Tomei, Mitchell Whitfield",English,USA,68,7.6,94297,tt0104952,Twentieth Century Fox Home Entertainment,FALSE,notalk,87880798,87880798,18263820,0.875576037,7777677676657664466777767755771
Mystery Men,1999,8/6/1999,2.016666667,Action,"Action, Comedy, Fantasy, Sci-Fi",PG-13,Kinka Usher,"Neil Cuthbert, Bob Burden (comic book series)","Hank Azaria, Janeane Garofalo, William H. Macy, Kel Mitchell",English,USA,65,6.1,57956,tt0132347,Universal Pictures,FALSE,nowomen,41621042,46795352,95095418,0.806722689,777777545754677777766766777777767742465766566764366667555333476677556746635563335655444677576546766656777777446663777777757757777777677732556766557754375767455332676677466655635653336555445677566556757562
Mystic River,2003,10/15/2003,2.3,Drama,"Crime, Drama, Mystery, Thriller",R,Clint Eastwood,"Brian Helgeland (screenplay), Dennis Lehane (novel)","Sean Penn, Tim Robbins, Kevin Bacon, Laurence Fishburne",English,"USA, Australia",84,8,381106,tt0327056,WB,TRUE,ok,114118990,198566990,37982609,0.866746699,77777734675454777777457777464776667335755677754547557777777777732756777453667777777777777763477777777777777777777776400
Nebraska,2013,1/24/2014,1.916666667,Comedy,"Adventure, Comedy, Drama",R,Alexander Payne,Bob Nelson,"Bruce Dern, Will Forte, June Squibb, Bob Odenkirk","English, Spanish",USA,86,7.7,103428,tt1821549,Paramount Pictures,TRUE,ok,17482517,17482517,12000000,0.788018433,7567566476776674477777777775364665577754767777777646777632337734233323547634750776254656653246677646372637777777777754366774
Network,1976,11/27/1976,2.016666667,Drama,Drama,R,Sidney Lumet,Paddy Chayefsky,"Faye Dunaway, William Holden, Peter Finch, Robert Duvall",English,USA,88,8.1,128019,tt0074958,MGM/United Artists,TRUE,ok,96934884,96934884,15548943,0.911468813,77755653776667777775766677447777777777777777776676337777763777777777774
Never Let Me Go,2010,10/15/2010,1.716666667,Drama,"Drama, Romance, Sci-Fi",R,Mark Romanek,"Kazuo Ishiguro (novel), Alex Garland (screenplay)","Carey Mulligan, Andrew Garfield, Izzy Meikle-Small, Charlie Rowe",English,"UK, USA",69,7.2,128054,tt1334260,Fox Searchlight Pictures,TRUE,ok,2600773,12294827,16023478,0.214285714,100010240243000001210000005300000014300152445303543130000000032511431224431010
New York Minute,2004,5/7/2004,1.516666667,Comedy,"Comedy, Crime, Family, Romance",PG,Dennie Gordon,"Emily Fox (story), Emily Fox (screenplay), Adam Cooper (screenplay), Bill Collage (screenplay)","Ashley Olsen, Mary-Kate Olsen, Eugene Levy, Andy Richter",English,USA,33,4.9,20018,tt0363282,Warner Bros.,FALSE,notalk,17287347,26163275,49327715,0.329493088,03202000522234002351000001573277040054112006014323723433235313
Nick and Norah's Infinite Playlist,2008,10/3/2008,1.5,Comedy,"Comedy, Drama, Music, Romance",PG-13,Peter Sollett,"Lorene Scafaria (screenplay), Rachel Cohn (novel), David Levithan (novel)","Michael Cera, Kat Dennings, Aaron Yoo, Rafi Gavron",English,USA,64,6.7,83295,tt0981227,Sony Pictures/Screen Gems,TRUE,ok,34077322,36303849,10822563,0.726890756,66736576005666277775742671676775757651474674177213476777777512544553
Nine,2009,12/25/2009,1.966666667,Drama,"Drama, Musical, Romance",PG-13,Rob Marshall,"Michael Tolkin (screenplay), Anthony Minghella (screenplay), Arthur Kopit (Broadway musical ""Nine""), Maury Yeston (Broadway musical ""Nine""), Mario Fratti (Broadway musical ""Nine"" Italian original)","Daniel Day-Lewis, Sandro Dori, Nicole Kidman, Marion Cotillard","English, Italian, French","UK, USA",49,5.8,40369,tt0875034,The Weinstein Co.,FALSE,men,21363903,58096258,86858528,0.669535284,77776443645667753446344334346777755342753464354443344433354426774526544427777534436
Ninja Assassin,2009,11/25/2009,1.65,Action,"Action, Thriller",R,James McTeigue,"Matthew Sand (screenplay), J. Michael Straczynski (screenplay), Matthew Sand (story)","Rain, Joon Lee, Jonathan Chan-Pensley, Ill-Young Kim",English,"Germany, USA",34,6.4,63547,tt1186367,Warner Bros. Pictures/Dark Castle Ent.,FALSE,notalk,41391219,66905911,54286580,0.594417077,777764363255544734305434413543444444443446437732543443344743533344645332454434367665441
No Country for Old Men,2007,11/21/2007,2.033333333,Drama,"Crime, Drama, Thriller",R,"Ethan Coen, Joel Coen","Joel Coen (screenplay), Ethan Coen (screenplay), Cormac McCarthy (novel)","Tommy Lee Jones, Javier Bardem, Josh Brolin, Woody Harrelson","English, Spanish",USA,91,8.1,746394,tt0477348,Miramax Films,FALSE,dubious,83449513,184318713,28088587,0.834183673,7774443677777777775367546777774343677763677774444777777567777777777754467777777777754336313477434677777776346743
No Strings Attached,2011,1/21/2011,1.8,Comedy,"Comedy, Romance",R,Ivan Reitman,"Elizabeth Meriwether (screenplay), Michael Samonek (story), Elizabeth Meriwether (story)","Natalie Portman, Ashton Kutcher, Kevin Kline, Cary Elwes","English, Ukrainian",USA,50,6.2,193441,tt1411238,Paramount Pictures,TRUE,ok,73184210,154554145,25892270,0.537698413,344325776434443433301477777754543434343435544453444225646333124367453433644443343335443434341214344446443354444457744000004534221143366423335344
Notting Hill,1999,5/28/1999,2.066666667,Comedy,"Comedy, Drama, Romance",PG-13,Roger Michell,Richard Curtis,"Julia Roberts, Hugh Grant, Richard McCabe, Rhys Ifans","English, Spanish","UK, USA",66,7.1,238821,tt0125439,Universal Pictures,TRUE,ok,162347007,508660113,58735405,0.659611993,777756764476454645477777556354744435352674235252424353556513367557735553334434343447744323644544344675417634645265746741557776577446746446455777764734656443444437542353432343544744234765675446432444343433775442354445533367643474355534576476143
Now You See Me,2013,5/31/2013,1.916666667,Horror/Thriller,"Crime, Mystery, Thriller",PG-13,Louis Leterrier,"Ed Solomon (screenplay), Boaz Yakin (screenplay), Edward Ricourt (screenplay), Boaz Yakin (story), Edward Ricourt (story)","Jesse Eisenberg, Mark Ruffalo, Woody Harrelson, Isla Fisher","English, French","USA, France",50,7.3,540755,tt1670345,Lionsgate Films,FALSE,notalk,117723989,351723989,75000000,0.81092437,77777777206557673537553644565677774445775766766546676657767775277754
Nowhere Boy,2009,10/15/2010,1.633333333,Drama,"Biography, Drama, Music, Romance",R,Sam Taylor-Johnson,Matt Greenhalgh (screenplay),"Aaron Taylor-Johnson, Kristin Scott Thomas, David Threlfall, Josh Bolt",English,"UK, Canada",67,7.1,32413,tt1266029,Weinstein Company,FALSE,dubious,1569280,8452669,2062890,0.596209913,03567676646471213432443422233677546754432333444467776776763564567565444243422002244570053047753540
"O Brother, Where Art Thou?",2000,2/2/2001,1.783333333,Comedy,"Adventure, Comedy, Crime, Music",PG-13,"Joel Coen, Ethan Coen","Homer (epic poem ""The Odyssey""), Ethan Coen, Joel Coen","George Clooney, John Turturro, Tim Blake Nelson, John Goodman",English,"UK, France, USA",69,7.8,259897,tt0190590,Buena Vista,FALSE,nowomen,61566286,102501499,35175618,0.95840868,7777777777777777777777777777777777777777777777764777777777777777777546777764435
Oblivion,2013,4/19/2013,2.066666667,Action,"Action, Adventure, Mystery, Sci-Fi",PG-13,Joseph Kosinski,"Karl Gajdusek (screenplay), Michael Arndt (screenplay), Joseph Kosinski (graphic novel original story)","Tom Cruise, Morgan Freeman, Olga Kurylenko, Andrea Riseborough",English,USA,54,7,443933,tt1483013,Universal Pictures,FALSE,men,89107235,287537983,120000000,0.597585513,52635463453233443333235366230354333353477770437577753332554766527527750
Ocean's Eleven,2001,12/7/2001,1.933333333,Horror/Thriller,"Crime, Thriller",PG-13,Steven Soderbergh,"George Clayton Johnson, Jack Golden Russell, Harry Brown, Charles Lederer, Ted Griffin (screenplay)","George Clooney, Cecelia Ann Birt, Paul L. Nolan, Carol Florence","English, Italian, Cantonese",USA,74,7.8,465463,tt0240772,Warner Bros. Pictures,FALSE,notalk,241348715,593089313,111846906,0.928851541,677777767777777777777777777777777777777777777757777777777777356457543443576446557777777777777767777777775467777777777777777773777577777767366567777776777777777777777777777777777777777777766777777777777636555753443457635655777777777777776777777777447777777
Office Space,1999,2/19/1999,1.483333333,Comedy,Comedy,R,Mike Judge,"Mike Judge (Milton animated shorts), Mike Judge (screenplay)","Ron Livingston, Jennifer Aniston, David Herman, Ajay Naidu",English,USA,68,7.8,222797,tt0151804,20th Century Fox,FALSE,notalk,15142285,17939209,13984620,0.877655678,677736677777777777767764646774434454777777634777777777777777777764436677773463677577777777345777767774576777777777776776564577634444467777774367777777777777777777534476777535547757777777753477776
Out of Sight,1998,6/26/1998,2.05,Drama,"Crime, Drama, Romance, Thriller",R,Steven Soderbergh,"Elmore Leonard (novel), Scott Frank (screenplay)","George Clooney, Jennifer Lopez, Jim Robinson, Mike Malone",English,USA,85,7,78706,tt0120780,Universal Pictures,FALSE,men,53681880,110847172,68598351,0.71092437,667764343343777776544343433435676676534777777637775444343567535554444467545720000433432443373565377777777777777776027774100143477677133343334343346753434677777677677777777776775141437777577763442434777776453434333445676667525777777547775434434567445545354
Outbreak,1995,3/10/1995,2.116666667,Action,"Action, Drama, Thriller",R,Wolfgang Petersen,"Laurence Dworet, Robert Roy Pool","Dustin Hoffman, Rene Russo, Morgan Freeman, Kevin Spacey","English, Korean, French",USA,65,6.6,99297,tt0114069,Warner Home Video,TRUE,ok,103687285,103687285,76438973,0.831010453,7763137777777777736777777777776445601555777754444735415546765777777777577777467775
Pacific Rim,2013,7/12/2013,2.183333333,Action,"Action, Adventure, Sci-Fi",PG-13,Guillermo del Toro,"Travis Beacham (screenplay), Guillermo del Toro (screenplay), Travis Beacham (story)","Charlie Hunnam, Diego Klattenhoff, Idris Elba, Rinko Kikuchi","English, Japanese, Cantonese, Mandarin",USA,65,6.9,435832,tt1663662,Warner Bros. Pictures,FALSE,notalk,101802906,411002906,190000000,0.69047619,740323577737645624556342336666777756333245565653455764445764346772453324766746377772546752
Pain & Gain,2013,4/26/2013,2.15,Action,"Action, Comedy, Crime, Drama, Thriller",R,Michael Bay,"Christopher Markus (screenplay), Stephen McFeely (screenplay), Pete Collins (based on the magazine articles by)","Mark Wahlberg, Dwayne Johnson, Anthony Mackie, Tony Shalhoub",English,USA,45,6.4,184821,tt1980209,Paramount Studios,FALSE,notalk,49875291,81275291,26000000,0.902086677,77777777777776773227777777646467777777776677737774567777477777777656367655777767677777753
Pan's Labyrinth,2006,1/19/2007,1.966666667,Drama,"Drama, Fantasy, War",R,Guillermo del Toro,Guillermo del Toro,NA,Spanish,"Spain, Mexico, USA",98,8.2,557454,tt0457430,Picturehouse,TRUE,ok,43497951,100602327,18492742,0.551020408,124226200377714540000352445326303564456457746753046431766746644
Pandorum,2009,9/25/2009,1.8,Action,"Action, Horror, Mystery, Sci-Fi, Thriller",R,Christian Alvart,"Travis Milloy (screenplay), Travis Milloy (story), Christian Alvart (story)","Dennis Quaid, Ben Foster, Cam Gigandet, Antje Traue","English, Vietnamese, German","Germany, UK, USA",28,6.8,135151,tt1188729,Overture Films,FALSE,notalk,11216534,18493734,43429264,0.870249017,7777777777777777777777777777457777777777777777644433543775534453377777557767557777654376557447777757675777733
Panic Room,2002,3/29/2002,1.866666667,Drama,"Crime, Drama, Thriller",R,David Fincher,David Koepp,"Jodie Foster, Kristen Stewart, Forest Whitaker, Dwight Yoakam",English,USA,65,6.8,232906,tt0258000,Sony Pictures,TRUE,ok,123441416,254254517,62168602,0.530332681,0424433214006777777412000007760004573171242300050752777774575677520373771
ParaNorman,2012,8/17/2012,1.533333333,Comedy,"Animation, Adventure, Comedy, Family, Fantasy",PG,"Chris Butler, Sam Fell",Chris Butler,"Kodi Smit-McPhee, Tucker Albrizzi, Anna Kendrick, Casey Affleck",English,USA,72,7,85162,tt1623288,Focus Features,FALSE,notalk,56822855,109742304,60878314,0.702380952,432534765257777777756577675437773457766555355555476336553437545254455343443443444672
Paul,2011,3/18/2011,1.733333333,Comedy,"Adventure, Comedy, Sci-Fi",R,Greg Mottola,"Simon Pegg, Nick Frost","Mia Stallard, Simon Pegg, Nick Frost, Jeremy Owen","English, Klingon","USA, UK",57,7,215976,tt1092026,Universal Pictures,TRUE,ok,38748242,103755310,41427631,0.8728223,77777777777775434255477777777777777777777777777777777777777777777775344367774446537764677777743435653434456556667777777777775536777777763477667766766766566776656773
Payback,1999,2/5/1999,1.666666667,Action,"Action, Crime, Drama, Thriller",R,Brian Helgeland,"Donald E. Westlake (novel), Brian Helgeland (screenplay), Terry Hayes (screenplay)","Mel Gibson, Gregg Henry, Maria Bello, David Paymer",English,USA,46,7.1,123146,tt0120784,Paramount Pictures,FALSE,notalk,114011185,226027993,69923101,0.830252101,4552345677777777777577777536777762234327757777777776777135577677777777732577777737731
Pearl Harbor,2001,5/25/2001,3.05,Action,"Action, Drama, History, Romance, War",PG-13,Michael Bay,Randall Wallace,"Ben Affleck, Josh Hartnett, Kate Beckinsale, William Lee Scott","English, Japanese, French",USA,44,6.1,287759,tt0213149,Touchstone,FALSE,men,261247866,591130447,199350663,0.80730897,77777777775004242457167777747751344374545455777777477777747406577567777777377777777773
Peggy Sue Got Married,1986,10/10/1986,1.716666667,Comedy,"Comedy, Drama, Fantasy, Romance",PG-13,Francis Ford Coppola,"Jerry Leichtling, Arlene Sarner","Kathleen Turner, Nicolas Cage, Barry Miller, Catherine Hicks",English,USA,74,6.3,29885,tt0091738,Twentieth Century Fox Home Entertainment,TRUE,ok,87887418,87887418,38227765,0.402310924,5534202202235020430246540000003320310444253443343444320045154662411444235442333432333443340001143433443411243533344020245243334434534431
People Like Us,2012,6/29/2012,1.9,Comedy,"Comedy, Drama",PG-13,Alex Kurtzman,"Alex Kurtzman, Roberto Orci, Jody Lambert","Chris Pine, Elizabeth Banks, Michael Hall D'Addario, Michelle Pfeiffer","English, Spanish",USA,49,7.1,39097,tt1716777,Dreamworks Pictures,TRUE,ok,12613776,12613776,16234217,0.579365079,777777533512467701242041335224657777775332326354225323323413323434233334577777434234335477653234654545432344
Phone Booth,2002,4/4/2003,1.35,Horror/Thriller,"Crime, Thriller",R,Joel Schumacher,Larry Cohen,"Colin Farrell, Kiefer Sutherland, Forest Whitaker, Radha Mitchell","English, Swahili",USA,56,7.1,231990,tt0183649,20th Century Fox,FALSE,notalk,60311590,126716628,14246971,0.892063492,777777777777776575334434347777777766776675667551457676777677777777777557777777777777766777777777777777775673344343367777777667766774767523376776777677777777777467777777777777757771
Pi,1998,7/10/1998,1.4,Drama,"Drama, Horror, Mystery, Sci-Fi, Thriller",R,Darren Aronofsky,"Darren Aronofsky, Darren Aronofsky (story), Sean Gullette (story), Eric Watson (story), Darren Aronofsky (voice over written by), Sean Gullette (voice over written by)","Sean Gullette, Mark Margolis, Ben Shenkman, Pamela Hart","English, Hebrew",USA,72,7.4,158685,tt0138704,Artisan,FALSE,men,4603452,6686214,97181,0.807453416,447347776457777777774333477777777334577546767344677777543577777774532447347776457777777774333477777777334577546767344677777543577777774532
Pineapple Express,2008,8/6/2008,1.85,Action,"Action, Comedy, Crime",R,David Gordon Green,"Seth Rogen (screenplay), Evan Goldberg (screenplay), Judd Apatow (story), Seth Rogen (story), Evan Goldberg (story)","Seth Rogen, James Franco, Danny McBride, Kevin Corrigan","English, Cantonese, Korean",USA,64,7,287762,tt0910936,N/A,FALSE,men,94525760,109902346,28138664,0.873015873,774145777777777777777777777777777777777775523463724777775227727577777757567657777764137777777777777777777777777777777777774523455634777773247727577777667477657773
Pirates of the Caribbean: At World's End,2007,5/25/2007,2.816666667,Action,"Action, Adventure, Fantasy",PG-13,Gore Verbinski,"Ted Elliott, Terry Rossio, Ted Elliott (characters), Terry Rossio (characters), Stuart Beattie (characters), Jay Wolpert (characters)","Johnny Depp, Geoffrey Rush, Orlando Bloom, Keira Knightley",English,USA,50,7.1,545204,tt0449088,Buena Vista,TRUE,ok,347647302,1079721346,337063045,0.776061776,25767774146657726676577776576754465557777777773546635654364666153674567362
Pirates of the Caribbean: Dead Man's Chest,2006,7/7/2006,2.516666667,Action,"Action, Adventure, Fantasy",PG-13,Gore Verbinski,"Ted Elliott, Terry Rossio, Ted Elliott (characters), Terry Rossio (characters), Stuart Beattie (characters), Jay Wolpert (characters)","Johnny Depp, Orlando Bloom, Keira Knightley, Jack Davenport","English, Turkish, Greek, Mandarin, French",USA,53,7.3,601107,tt0383574,Buena Vista,FALSE,men,489266869,1225855881,260054178,0.857142857,77766577777777645735457777777777777767545364347777777773456667777776645777777777777752375466766755654666377551
Pirates of the Caribbean: The Curse of the Black Pearl,2003,7/9/2003,2.383333333,Action,"Action, Adventure, Fantasy",PG-13,Gore Verbinski,"Ted Elliott (screen story), Terry Rossio (screen story), Stuart Beattie (screen story), Jay Wolpert (screen story), Ted Elliott (screenplay), Terry Rossio (screenplay)","Johnny Depp, Geoffrey Rush, Orlando Bloom, Keira Knightley",English,USA,63,8,944014,tt0325980,Buena Vista Pictures,FALSE,men,386677167,803907108,158260870,0.841107872,63624377777777676557767437763357777777776576777657767777776657777735767675435343435544777777777464
Pitch Black,2000,2/18/2000,1.816666667,Horror/Thriller,"Horror, Sci-Fi",R,David Twohy,"Jim Wheat (story), Ken Wheat (story), Jim Wheat (screenplay), Ken Wheat (screenplay), David Twohy (screenplay)","Vin Diesel, Radha Mitchell, Cole Hauser, Keith David","English, Arabic",USA,49,7.1,211250,tt0134847,Gramercy Pictures/ USA Films,TRUE,ok,53081479,71950493,31116893,0.631836735,3444452345664346445545432442377644655434436343334764445354434554464557747554665533435645344355235573535545635533243357663655543345443433565444535534454455547756564575543343646
Pitch Perfect,2012,10/5/2012,1.866666667,Comedy,"Comedy, Music, Romance",PG-13,Jason Moore,"Kay Cannon (screenplay), Mickey Rapkin (based on the book by)","Anna Kendrick, Skylar Astin, Ben Platt, Brittany Snow",English,USA,66,7.2,249882,tt1981677,Universal Studios,TRUE,ok,65952616,117019460,17248856,0.353174603,323315642360000027653534200721543325100000010044466610541004623034045632344000542114333003672144000002010242
Platoon,1986,2/6/1987,2,Drama,"Drama, War",R,Oliver Stone,Oliver Stone,"Tom Berenger, Keith David, Willem Dafoe, Forest Whitaker","English, Vietnamese",USA,92,8.1,343729,tt0091763,Orion Pictures,FALSE,nowomen,293001649,293001649,12742588,0.997578692,777777777777777777777777777777777777777777777777777777777777777777777777777777777777777777777777777777777777777777777777777777777777777777777777777777777777777777777777777777774
Please Give,2010,6/18/2010,1.45,Comedy,"Comedy, Drama",R,Nicole Holofcener,Nicole Holofcener,"Rebecca Hall, Elizabeth Keener, Elise Ivy, Catherine Keener",English,USA,78,6.6,10528,tt0878835,Sony Pictures Classics,TRUE,ok,4308792,4882010,3204696,0.203548086,044000031000352244333020243434332332000000002102010010201011433025320302100211000000001121312310021132100022431143200023341000000040000011000334313521310
Pocahontas,1995,6/23/1995,1.35,Drama,"Animation, Adventure, Drama, Family, Musical, Romance",G,"Mike Gabriel, Eric Goldberg","Carl Binder, Susannah Grant, Philip LaZebnik, Glen Keane (story), Joe Grant (story), Ralph Zondag (story), Burny Mattinson (story), Ed Gombert (story), Kaan Kalyon (story), Francis Glebas (story), Rob Gibbs (story), Bruce Morris (story), Todd Kurosawa (story), Duncan Marjoribanks (story), Chris Buck (story), Andrew Chapman (additional story development), Randy Cartwright (additional story development), Will Finn (additional story development), Broose Johnson (additional story development), T. Daniel Hofstedt (additional story development), David Pruiksma (additional story development), Nik Ranieri (additional story development), Vincent DeFrances (additional story development), Tom Mazzocco (additional story development), Don Dougherty (additional story development), Jorgen Klubien (additional story development), Mike Gabriel (based on an idea by)","Joe Baker, Christian Bale, Irene Bedard, Billy Connolly","English, Algonquin",USA,58,6.7,146568,tt0114148,Buena Vista Distribution Compa,TRUE,ok,216444248,530639350,84082870,0.654761905,777777740434100077777777736774434343477743133432465043777712733434432437777022777654
NA,1998,11/10/1999,1.6,Action,"Animation, Action, Adventure, Family, Fantasy, Sci-Fi, Sport",G,"Kunihiko Yuyama, Michael Haigney","Satoshi Tajiri (creator), Takeshi Shudo, Norman J. Grossfeld (adaptation), Michael Haigney (adaptation), John Touhey (adaptation), Takeshi Shudo","Veronica Taylor, Jay Goede, Rachael Lillis, Eric Stuart",Japanese,Japan,35,6.1,34378,tt0190641,Warner Bros. Pictures,FALSE,notalk,119910654,228850846,41953861,0.424242424,437741231212142614331432464123511
Practical Magic,1998,10/16/1998,1.733333333,Comedy,"Comedy, Drama, Fantasy, Romance",PG-13,Griffin Dunne,"Alice Hoffman (novel), Robin Swicord (screenplay), Akiva Goldsman (screenplay), Adam Brooks (screenplay)","Sandra Bullock, Nicole Kidman, Stockard Channing, Dianne Wiest",English,USA,46,6.2,64965,tt0120791,Warner Bros. Pictures,TRUE,ok,66955646,97662611,85747939,0.125,0000021030000001421000000132422104200000
Precious,2009,11/20/2009,1.833333333,Drama,Drama,R,Lee Daniels,"Geoffrey Fletcher (screenplay), Sapphire (novel)","Gabourey Sidibe, Mo'Nique, Paula Patton, Mariah Carey","English, Italian",USA,79,7.3,98591,tt0929632,Lionsgate Films,TRUE,ok,51644478,74614567,10857316,0.046332046,35310100000000000000010232101100000000000000000000000002010000000000000000000000000120000000344101000000000000000101420111000000000000000000000000020100000000000000000000000001200000000
Predator,1987,6/12/1987,1.783333333,Action,"Action, Adventure, Sci-Fi, Thriller",R,John McTiernan,"Jim Thomas, John Thomas","Arnold Schwarzenegger, Carl Weathers, Elpidia Carrillo, Bill Duke","English, Spanish, Russian","USA, Mexico",45,7.8,337811,tt0093773,20th Century Fox,FALSE,nowomen,122481612,201487544,36907153,0.953917051,7777777777775776777777746677775
Predator 2,1990,11/21/1990,1.8,Action,"Action, Horror, Sci-Fi",R,Stephen Hopkins,"Jim Thomas (characters), John Thomas (characters), Jim Thomas, John Thomas",NA,English,USA,46,6.3,130218,tt0100403,Twentieth Century Fox Home Entertainment,FALSE,men,50489429,97650742,62404139,0.850174216,76766775776567765577477776655024777777745
Predators,2010,7/9/2010,1.783333333,Action,"Action, Adventure, Sci-Fi, Thriller",R,NA,"Alex Litvak, Michael Finch, Jim Thomas (characters), John Thomas (characters)","Adrien Brody, Topher Grace, Alice Braga, Walton Goggins","English, Spanish, Russian",USA,51,6.4,195592,tt1424381,20th Century Fox,FALSE,nowomen,55548791,135915826,42729274,0.79047619,765577574675756666753564654676775475645537742
Pretty Woman,1990,3/23/1990,1.983333333,Comedy,"Comedy, Romance",R,Garry Marshall,J.F. Lawton,"Richard Gere, Julia Roberts, Ralph Bellamy, Jason Alexander",English,USA,51,7,253093,tt0100405,Buena Vista,TRUE,ok,318093987,771396947,24961656,0.521791768,7777742320024434343434244434466443347535200002777004320025765444337305343533447764335544425455437340001777645642050030
Pride & Prejudice,2005,11/23/2005,2.15,Drama,"Drama, Romance",PG,Joe Wright,"Jane Austen (novel), Deborah Moggach (screenplay)","Keira Knightley, Talulah Riley, Rosamund Pike, Jena Malone",English,"France, UK, USA",82,7.8,225369,tt0414387,Focus Features,TRUE,ok,45779857,144259786,33404928,0.275132275,122210142250201102120253113101334132214434500224323201020302000032200013324344433444372002301101233225322324131130210300221100100152452
Priest,2011,5/13/2011,1.45,Action,"Action, Adventure, Horror, Sci-Fi",PG-13,Scott Stewart,"Cory Goodman, Min-Woo Hyung (graphic novel series ""Priest"")","Paul Bettany, Karl Urban, Cam Gigandet, Maggie Q",English,USA,41,5.7,106776,tt0822847,Screen Gems/SONY PICTURES,FALSE,notalk,30176535,87157549,62141447,0.845401174,7333477777777777777777777777777776577766355433455455675334447676577776677
Prince of Persia: The Sands of Time,2010,5/28/2010,1.933333333,Action,"Action, Adventure, Fantasy",PG-13,Mike Newell,"Boaz Yakin (screenplay), Doug Miro (screenplay), Carlo Bernard (screenplay), Jordan Mechner (screen story), Jordan Mechner (video game series ""Prince of Persia"")","Jake Gyllenhaal, Gemma Arterton, Ben Kingsley, Alfred Molina",English,USA,50,6.6,249771,tt0473075,Walt Disney Pictures,FALSE,nowomen,96952376,357921415,213646368,0.803174603,777775677667777756354343764777754643466776665775463457752465534364444337677777547777767777
Prisoners,2013,9/20/2013,2.55,Drama,"Crime, Drama, Mystery, Thriller",R,Denis Villeneuve,Aaron Guzikowski,"Hugh Jackman, Jake Gyllenhaal, Viola Davis, Maria Bello",English,USA,74,8.1,506807,tt1392214,Warner Bros.,TRUE,ok,61002302,113402302,46000000,0.720496894,453424355766537777567647773363764366411577277777777237774514355575117
Private Benjamin,1980,10/10/1980,1.816666667,Comedy,"Comedy, War",R,Howard Zieff,"Nancy Meyers, Charles Shyer, Harvey Miller","Goldie Hawn, Eileen Brennan, Armand Assante, Robert Webber",English,USA,59,6.1,21253,tt0081375,Warner Bros. Pictures,TRUE,ok,197512086,197512086,42416518,0.244239631,352223263242020000000000034100000002102002113433240000000033204330142033241144541242103344140
Public Enemies,2009,7/1/2009,2.333333333,Drama,"Biography, Crime, Drama, History, Romance",R,Michael Mann,"Ronan Bennett (screenplay), Michael Mann (screenplay), Ann Biderman (screenplay), Bryan Burrough (book)","Christian Bale, Christian Stolte, Jason Clarke, Johnny Depp",English,"USA, Japan",70,7,257288,tt1152836,Universal Studios,FALSE,notalk,105429554,228416195,111287489,0.851648352,77777776777777777776433443677554543647777777545677777777774377777777777777777743454365345776544777677742
Pulp Fiction,1994,10/14/1994,2.566666667,Drama,"Crime, Drama",R,Quentin Tarantino,"Quentin Tarantino (stories), Roger Avary (stories), Quentin Tarantino","Tim Roth, Amanda Plummer, Laura Lovelace, John Travolta","English, Spanish, French",USA,94,8.9,1589700,tt0110912,Miramax Films,TRUE,ok,169627825,334652619,12573318,0.743729553,67777777777777777777777777567752363634343335343344447576457446667353534435433434133444244334444367777777444477777777776167765754672
Push,2009,2/6/2009,1.85,Action,"Action, Sci-Fi, Thriller",PG-13,Paul McGuigan,David Bourla,"Colin Ford, Joel Gretsch, Djimon Hounsou, Dakota Fanning","English, Cantonese","USA, Canada",36,6.1,99282,tt0465580,Summit Entertainment,TRUE,ok,34538780,48218998,41257801,0.385204082,77773000000000041067546100003201227540231241676602057530
Queen of the Damned,2002,2/22/2002,1.683333333,Drama,"Drama, Fantasy, Horror",R,Michael Rymer,"Anne Rice (novels), Scott Abbott (screenplay), Michael Petroni (screenplay)","Aaliyah, Stuart Townsend, Marguerite Moreau, Vincent Perez",English,"USA, Australia",30,5.3,48737,tt0238546,Warner Bros. Pictures,TRUE,ok,39254038,39254038,45331273,0.666666667,776574311225765454457777777213452477377774777777663337533244420000254677427745655635436775663302227674454557777776024432775577756777777562357332443500001265675447645737535431
Rabbit Hole,2010,1/28/2011,1.516666667,Drama,Drama,PG-13,John Cameron Mitchell,"David Lindsay-Abaire (screenplay), David Lindsay-Abaire (based on his play: ""Rabbit Hole"")","Nicole Kidman, Aaron Eckhart, Dianne Wiest, Miles Teller",English,USA,76,7,44659,tt0935075,Lionsgate Films,TRUE,ok,2381151,6238038,5341159,0.385714286,00132101510017532533430011433434304416400034342111010033433443354434343435543200134553003036454602343334343345
Rachel Getting Married,2008,11/7/2008,1.883333333,Drama,"Drama, Romance",R,Jonathan Demme,Jenny Lumet,"Sebastian Stan, Roslyn Ruff, Anne Hathaway, Bill Irwin",English,USA,82,6.7,44445,tt1084950,Sony Pictures Classics,TRUE,ok,13849484,14423083,12987076,0.384415584,322222200005314431004411230042444455410143362474571344244334343430006432602113333222222140000342244200333104102333635633003435336547423443343343434100354342120333330
Raging Bull,1980,12/19/1980,2.15,Drama,"Biography, Drama, Sport",R,Martin Scorsese,"Jake LaMotta (based on the book by), Joseph Carter (with), Peter Savage (with), Paul Schrader (screenplay), Mardik Martin (screenplay)","Robert De Niro, Cathy Moriarty, Joe Pesci, Frank Vincent",English,USA,89,8.2,281111,tt0081398,United Artists,FALSE,notalk,66113787,66113787,50899822,0.82715075,7756677777777763674344477554774645776447764577777777764577567777775434536644667774374377677765677777777773574443567644775554777347773577777777774477567777776344445734667775365367672
Raiders of the Lost Ark,1981,6/12/1981,1.916666667,Action,"Action, Adventure",PG,Steven Spielberg,"Lawrence Kasdan (screenplay by), George Lucas (story by), Philip Kaufman (story by)","Harrison Ford, Karen Allen, Paul Freeman, Ronald Lacey","English, German, Hebrew, Spanish, Arabic, Nepali",USA,85,8.5,786720,tt0082971,Paramount Pictures,FALSE,nowomen,635757611,998945973,51237724,0.785714286,7777777777777763334434433435437657777777745767553574443777755662
Ratatouille,2007,6/29/2007,1.85,Comedy,"Animation, Adventure, Comedy, Drama, Family, Fantasy",G,"Brad Bird, Jan Pinkava(co-director)","Brad Bird (screenplay), Jan Pinkava (original story by), Jim Capobianco (original story by), Brad Bird (original story by), Emily Cook (additional story material), Kathy Greenberg (additional story material), Bob Peterson (additional story material)","Patton Oswalt, Ian Holm, Lou Romano, Brian Dennehy","English, French",USA,96,8,558973,tt0382932,Disney/Pixar,FALSE,nowomen,231950669,703955827,168531522,0.88023088,777777777777777777777563777577746773112457765336777777777777773453777776776757677775767776677376764
Ravenous,1999,3/19/1999,1.683333333,Horror/Thriller,Horror,R,Antonia Bird,Ted Griffin,"Guy Pearce, Robert Carlyle, David Arquette, Jeremy Davies","English, Italian, Spanish, Washoe","Czech Republic, UK, USA, Mexico",46,7,33543,tt0129332,20th Century Fox,FALSE,notalk,2884196,2884196,16781544,0.991836735,77777777777777777777777777777777775
Red Dragon,2002,10/4/2002,2.066666667,Drama,"Crime, Drama, Thriller",R,Brett Ratner,"Thomas Harris (novel), Ted Tally (screenplay)","Anthony Hopkins, Edward Norton, Ralph Fiennes, Harvey Keitel","English, French","Germany, USA",60,7.2,227772,tt0289765,Universal Pictures,FALSE,notalk,120393928,267396769,101023979,0.725,7777577777737753411177477777762124474051
Red Planet,2000,11/10/2000,1.766666667,Action,"Action, Sci-Fi, Thriller",PG-13,Antony Hoffman,"Chuck Pfarrer (story), Chuck Pfarrer (screenplay), Jonathan Lemkin (screenplay)","Val Kilmer, Carrie-Anne Moss, Tom Sizemore, Benjamin Bratt",English,"USA, Australia",34,5.7,51895,tt0199753,Warner Bros.,FALSE,nowomen,23650043,45273684,108232671,0.808477237,7435777777645537777777776577777745745656777536776335344567777777753777774777644344576413541
Red Riding Hood,2011,3/11/2011,1.666666667,Horror/Thriller,"Fantasy, Horror, Mystery, Romance, Thriller",PG-13,Catherine Hardwicke,David Leslie Johnson-McGoldrick,"Amanda Seyfried, Gary Oldman, Billy Burke, Shiloh Fernandez",English,"USA, Canada",29,5.5,100986,tt1486185,Warner Bros.,TRUE,ok,39006354,93523336,43499013,0.420249653,4234200001322004300000435601530137774232431355047375001347443116634340001146640344035134435656765343300
Remember Me,2010,3/12/2010,1.883333333,Drama,"Drama, Romance",PG-13,Allen Coulter,Will Fetters,NA,"English, Chinese",USA,40,7.1,127165,tt1403981,Summit Entertainment,TRUE,ok,20369301,60361637,17091709,0.562953995,5235577434776662477003574477774341301324332434344333556300467332025332334720254553274577144443444245423245447444734771
Rent,2005,11/23/2005,2.25,Drama,"Drama, Musical, Romance",PG-13,Chris Columbus,"Stephen Chbosky (screenplay), Jonathan Larson (book)","Anthony Rapp, Adam Pascal, Rosario Dawson, Jesse L. Martin",English,USA,53,7,45495,tt0294870,Sony Pictures,TRUE,ok,34690477,37784099,47721325,0.678571429,777777767377743434333457777776343434357746677767647677763557353545343326234533557547455100333332452230177746776777333422
Repo Man,1984,3/2/1984,1.533333333,Comedy,"Comedy, Crime, Sci-Fi, Thriller",R,Alex Cox,Alex Cox,"Harry Dean Stanton, Emilio Estevez, Tracey Walter, Olivia Barash","English, Spanish",USA,75,6.9,29852,tt0087995,Universal Pictures,FALSE,men,5155321,5155321,3362166,0.805471125,7755773445467777776777767744434377777754377763477646762046677456476666777777677777667046445541
Requiem for a Dream,2000,12/15/2000,1.7,Drama,Drama,R,Darren Aronofsky,"Hubert Selby Jr. (based on the book by), Hubert Selby Jr. (screenplay), Darren Aronofsky (screenplay)","Ellen Burstyn, Jared Leto, Jennifer Connelly, Marlon Wayans",English,USA,68,8.3,682697,tt0180093,Artisan Entertainment,TRUE,ok,4918474,9998139,6088088,0.556171983,6567124311365004334100020017614343431344353434342247277432033745764444577754664440064746655564457777552
Reservoir Dogs,1992,9/2/1992,1.65,Drama,"Crime, Drama, Thriller",R,Quentin Tarantino,"Quentin Tarantino, Quentin Tarantino (background radio dialogue written by), Roger Avary (background radio dialogue written by)","Harvey Keitel, Tim Roth, Michael Madsen, Chris Penn",English,USA,79,8.3,800035,tt0105236,Miramax Films,FALSE,nowomen,4702152,4702152,1992417,1,7777777777777777777777777777777777777777777777777777777777777777777777777777777777777777777777777777777777777777777777777777777777777777777777
Resident Evil,2002,3/15/2002,1.666666667,Action,"Action, Horror, Sci-Fi",R,Paul W.S. Anderson,Paul W.S. Anderson,NA,English,"UK, Germany, France, USA",33,6.7,227341,tt0120804,Columbia Tristar Pictures,TRUE,ok,51962213,134423285,45331273,0.605042017,33436342445376327744426455564445655776763433756333477467444344443333522344166555755363354477342456344144226535644310430
Return to Me,2000,4/7/2000,1.916666667,Comedy,"Comedy, Drama, Romance",PG,Bonnie Hunt,"Bonnie Hunt (story), Don Lake (story), Andrew Stern (story), Samantha Goodman (story), Bonnie Hunt (screenplay), Don Lake (screenplay)","David Duchovny, Minnie Driver, Carroll O'Connor, Robert Loggia","English, Italian",USA,54,6.9,18175,tt0122459,MGM Distribution,FALSE,dubious,44189098,44189098,32469801,0.661464586,77203056624564752475675667742777777532545245335447753332467557777575434347222343375602465775566437764244310335347777307
Revolutionary Road,2008,1/23/2009,1.983333333,Drama,"Drama, Romance",R,Sam Mendes,"Justin Haythe (screenplay), Richard Yates (novel)","Kate Winslet, Leonardo DiCaprio, Christopher Fitzgerald, Jonathan Roumie",English,"USA, UK",69,7.3,174174,tt0959337,Paramount Vantage,TRUE,ok,24796094,86109680,48701534,0.556776557,424443453467530013452423433665243336246543246475544647520333664434243574143344432576653443444374233434354453764100244433334346723343444546233565564554672114347534333455532523452346665535335417532
Riddick,2013,9/6/2013,1.983333333,Action,"Action, Sci-Fi, Thriller",R,David Twohy,"David Twohy, Jim Wheat (based on characters created by), Ken Wheat (based on characters created by)",NA,English,"Canada, USA",49,6.4,142534,tt1411250,Universal Classics,FALSE,notalk,42025135,92425135,38000000,0.857142857,6477777777767673777676644763756766777556756667731
Rise of the Guardians,2012,11/21/2012,1.616666667,Horror/Thriller,"Animation, Adventure, Family, Fantasy, Thriller",PG,Peter Ramsey,"David Lindsay-Abaire (screenplay), William Joyce (based on the book series ""Guardians of Childhood"" by)","Chris Pine, Alec Baldwin, Jude Law, Isla Fisher","English, French",USA,57,7.3,142482,tt1446192,Paramount Studios,FALSE,notalk,104926572,311393491,147122592,0.865142857,77655763655777465676755775747746677777777777567676435375565557576477777766753577557777456757777777777776377777556565756577665
Rise of the Planet of the Apes,2011,8/5/2011,1.75,Action,"Action, Drama, Sci-Fi, Thriller",PG-13,Rupert Wyatt,"Rick Jaffa, Amanda Silver","Andy Serkis, Karin Konoval, Terry Notary, Richard Ridings","English, Sign Languages","USA, UK, Canada",68,7.6,465332,tt1318514,20th Century Fox,FALSE,notalk,183068895,500093845,96319243,0.804305284,4325475765777776644355756777777777777775135447724437757667753567777366475
Robin Hood: Prince of Thieves,1991,6/14/1991,2.383333333,Action,"Action, Adventure, Drama, Romance",PG-13,Kevin Reynolds,"Pen Densham (story), Pen Densham (screenplay), John Watson (screenplay)","Kevin Costner, Morgan Freeman, Mary Elizabeth Mastrantonio, Christian Slater","English, Arabic",USA,51,6.9,163369,tt0102798,Warner Bros. Pictures,FALSE,dubious,283133658,668083163,85542018,0.877697842,7777777776457777777777777433577775334433447777777777777777777773444776777777777777777635343677776477625777777777766677775534777477677566477
Rock of Ages,2012,6/15/2012,2.05,Comedy,"Comedy, Drama, Musical, Romance",PG-13,Adam Shankman,"Justin Theroux (screenplay by), Chris D'Arienzo (screenplay by), Allan Loeb (screenplay by), Chris D'Arienzo (based on the musical ""Rock of Ages"" written by)","Julianne Hough, Dakota Sage Grant, Matthew Rush Sullivan, Diego Boneta",English,USA,47,5.9,68764,tt1336608,New Line Cinema,TRUE,ok,39082470,50852278,71024700,0.788571429,46777306777777746653474434667767163775577775733774
RocknRolla,2008,10/31/2008,1.9,Action,"Action, Crime, Thriller",R,Guy Ritchie,Guy Ritchie,"Gerard Butler, Tom Wilkinson, Thandie Newton, Mark Strong","English, Russian","UK, USA, France",53,7.3,216666,tt1032755,Warner Bros. Pictures/Dark Castle,FALSE,notalk,6169538,30080599,19480614,0.945153061,7777777755772577777777777774777777777546677777777777776677775772677777777777777756777777777775577777777777777763
Rocky,1976,12/3/1976,2,Drama,"Drama, Sport",PG,John G. Avildsen,Sylvester Stallone,"Sylvester Stallone, Talia Shire, Burt Young, Carl Weathers",English,USA,70,8.1,458642,tt0075148,United Artists,FALSE,notalk,479705967,920661128,4091827,0.870807453,7777457777777777677777755345577777777775457554653434444577777657645777777777777777777774477446356765545777777777775
Romeo + Juliet,1996,11/1/1996,2,Drama,"Drama, Romance",PG-13,Baz Luhrmann,"William Shakespeare (play), Craig Pearce (screenplay), Baz Luhrmann (screenplay)","Leonardo DiCaprio, Claire Danes, John Leguizamo, Harold Perrineau",English,"USA, Mexico",60,6.8,190461,tt0117509,20th Century Fox,FALSE,dubious,68820654,219124769,21534891,0.721088435,777766677777775201777766742575433215777777764004677777755602547423143045430477777736
Rounders,1998,9/11/1998,2.016666667,Drama,"Crime, Drama",R,John Dahl,"David Levien, Brian Koppelman","Matt Damon, Gretchen Mol, John Malkovich, Paul Cicero","English, Hebrew, Russian",USA,54,7.3,132854,tt0128442,Miramax,FALSE,notalk,32758425,32758425,17149588,0.852534562,7774537456765756737777777777770
Runner Runner,2013,10/4/2013,1.466666667,Horror/Thriller,"Crime, Thriller",R,Brad Furman,"Brian Koppelman, David Levien","Justin Timberlake, Ben Affleck, Gemma Arterton, Anthony Mackie","English, Spanish",USA,36,5.6,57571,tt2364841,20th Century Fox,FALSE,nowomen,19316646,62616646,30000000,0.993386243,657777777777777777777777777777777777777777777777777777777777777777777777777777777777777777777777777777777775
Rush,2013,9/27/2013,2.05,Action,"Action, Biography, Drama, Sport",R,Ron Howard,Peter Morgan,NA,"English, German, Italian, French, Spanish","UK, Germany, USA",75,8.1,383412,tt1979320,Universal Pictures,FALSE,notalk,26947624,43047624,38000000,0.854037267,77434665577767777764577777777777775444577744334337777524577776777445677776777777547776757775
Rush Hour,1998,9/18/1998,1.633333333,Action,"Action, Comedy, Crime, Thriller",PG-13,Brett Ratner,"Ross LaManna (story), Jim Kouf (screenplay), Ross LaManna (screenplay)","Ken Leung, Jackie Chan, Tom Wilkinson, Tzi Ma","English, Cantonese, Mandarin",USA,60,7,215196,tt0120812,New Line Cinema,TRUE,ok,201774709,350566156,50019631,0.917050691,765647766744777457777777777777777777777677777745777777777777777777757777567775555745766567745
Rushmore,1998,2/19/1999,1.55,Comedy,"Comedy, Drama",R,Wes Anderson,"Wes Anderson, Owen Wilson","Jason Schwartzman, Bill Murray, Olivia Williams, Seymour Cassel","English, Spanish, Latin, French",USA,86,7.7,154736,tt0128445,Touchstone Pictures,FALSE,notalk,24445621,27268466,14291323,0.772893773,777777775777777735434677724443677634457556654344777756773535654445777754447776343777775557776353534764457777547442640
Safety Not Guaranteed,2012,10/18/2012,1.433333333,Comedy,"Comedy, Drama, Romance",R,Colin Trevorrow,Derek Connolly,"Aubrey Plaza, Lauren Carlos, Basil Harris, Mary Lynn Rajskub",English,USA,72,7,110567,tt1862079,Film District,TRUE,ok,4069672,4477791,760979,0.605136437,13044333453255536326337775544434445635555443544243444444564545344554364777540446635455553
Salt,2010,7/23/2010,1.666666667,Action,"Action, Mystery, Thriller",PG-13,Phillip Noyce,Kurt Wimmer,"Angelina Jolie, Liev Schreiber, Chiwetel Ejiofor, Daniel Olbrychski","English, Russian, Korean",USA,65,6.4,273743,tt0944835,Sony Pictures,TRUE,ok,126383971,315890541,138870139,0.631696429,3434475755416665656244354543432653554566473554444466555553534250
Save the Last Dance,2001,1/12/2001,1.866666667,Drama,"Drama, Music, Romance",PG-13,Thomas Carter,"Duane Adler (story), Duane Adler (screenplay), Cheryl Edwards (screenplay)","Julia Stiles, Sean Patrick Thomas, Kerry Washington, Fredro Starr",English,USA,53,6.2,53272,tt0206275,N/A,TRUE,ok,119792347,173215693,17105997,0.46740638,0001444431321177345430231000003334743344555336620233344434343342434441277735434522333107654333445446252
Saving Mr. Banks,2013,12/20/2013,2.083333333,Comedy,"Biography, Comedy, Drama, Family, Music",PG-13,John Lee Hancock,"Kelly Marcel, Sue Smith","Emma Thompson, Tom Hanks, Annie Rose Buckley, Colin Farrell",English,"USA, UK, Australia",65,7.5,135795,tt2140373,Walt Disney Pictures,TRUE,ok,82834332,100734332,35000000,0.415873016,243333200002341004444352465344234442132115102433423111235764200477673200037401631042320433100244324445464213614336343342134464313424360
Saving Private Ryan,1998,7/24/1998,2.816666667,Drama,"Drama, War",R,Steven Spielberg,Robert Rodat,"Tom Hanks, Tom Sizemore, Edward Burns, Barry Pepper","English, French, German, Czech",USA,90,8.6,1076341,tt0120815,Paramount Pictures,FALSE,nowomen,309171460,693179313,92893600,0.99689441,77777777777777777777777777777777777777777777777777777777777777777777777777777777777777777775
Saw,2004,10/29/2004,1.716666667,Horror/Thriller,"Horror, Mystery",R,James Wan,"Leigh Whannell, James Wan (story), Leigh Whannell (story)","Leigh Whannell, Cary Elwes, Danny Glover, Ken Leung",English,USA,46,7.6,345600,tt0387564,Lions Gate Films,FALSE,men,68053804,127137678,1479831,0.865364851,7777777777777557774677024446725777777777777777777444775567776544677577777777777777557774677124436734777777777777777777444776467776634677572
Schindler's List,1993,2/4/1994,3.25,Drama,"Biography, Drama, History",R,Steven Spielberg,"Thomas Keneally (book), Steven Zaillian (screenplay)","Liam Neeson, Ben Kingsley, Ralph Fiennes, Caroline Goodall","English, Hebrew, German, Polish",USA,93,8.9,1048802,tt0108052,Universal Pictures,TRUE,ok,154904378,518188770,40311473,0.960413081,77777777777635377777777777777777777777777776777777777777777766776766777757777777377
School of Rock,2003,10/3/2003,1.8,Comedy,"Comedy, Music",PG-13,Richard Linklater,Mike White,"Jack Black, Adam Pascal, Lucas Papaelias, Chris Stack",English,"USA, Germany",82,7.1,237502,tt0332379,Paramount Pictures,FALSE,dubious,102883716,166061455,25321739,0.75862069,77766773556766576631555651671
Scooby-Doo,2002,6/14/2002,1.433333333,Comedy,"Adventure, Comedy, Family, Fantasy, Mystery",PG,Raja Gosnell,"James Gunn (screenplay), Craig Titley (story), James Gunn (story), William Hanna (characters), Joseph Barbera (characters)","Freddie Prinze Jr., Sarah Michelle Gellar, Matthew Lillard, Linda Cardellini",English,"USA, Australia",35,5,84195,tt0267913,Warner Bros. Pictures,TRUE,ok,198543415,357850459,108795054,0.722789116,425767777775254235676655554464541574654536676457467774426565563776667552535772542552
Scott Pilgrim vs. the World,2010,8/13/2010,1.866666667,Action,"Action, Comedy, Fantasy, Romance",PG-13,Edgar Wright,"Michael Bacall (screenplay), Edgar Wright (screenplay), Bryan Lee O'Malley (Oni Press graphic novels)","Michael Cera, Kieran Culkin, Anna Kendrick, Alison Pill",English,"USA, UK, Canada, Japan",69,7.5,329611,tt0446029,Universal Pictures,TRUE,ok,33768214,51371013,90799707,0.650549451,465471555764455434347744667563544377547733554443443433434353343376346544457774343744567434434547777777776345774534333456620324342125652574674354643343421512333676526436647776777613533777754434441
Scream,1996,12/20/1996,1.85,Horror/Thriller,"Horror, Mystery",R,Wes Craven,Kevin Williamson,"Drew Barrymore, Roger Jackson, Kevin Patrick Walls, David Booth",English,USA,65,7.2,255943,tt0117571,Miramax Films,TRUE,ok,153041290,257002834,22277474,0.458837772,0000000100243434430064465460000267331577520301220000210553410444242027777734730124463340263346736343435356555576657533
Scream 2,1997,12/12/1997,2,Horror/Thriller,"Horror, Mystery",R,Wes Craven,"Kevin Williamson (characters), Kevin Williamson","Jada Pinkett Smith, Omar Epps, Paulette Patterson, Rasila Schroeder",English,USA,63,6.1,142045,tt0120082,Miramax Films,TRUE,ok,147102287,147102287,34829715,0.411255411,322241160164544301400244324343000000014433244544332323353555775314434544464433424130002146442103232
Scream 3,2000,2/4/2000,1.933333333,Horror/Thriller,"Horror, Mystery",R,Wes Craven,"Kevin Williamson (characters), Ehren Kruger","Liev Schreiber, Beth Toussaint, Roger Jackson, Kelly Rutherford",English,USA,56,5.6,112199,tt0134084,Dimension Films,TRUE,ok,120595650,218952089,54116335,0.428571429,13454344731004343434576343443163412566545433310000025242224341232112233242322436335562002343434467443443325340457554452420000022416114342224011414134330
Se7en,1995,9/22/1995,2.116666667,Drama,"Crime, Drama, Mystery, Thriller",R,David Fincher,Andrew Kevin Walker,"Morgan Freeman, Andrew Kevin Walker, Daniel Zacapa, Brad Pitt",English,USA,65,8.6,1241118,tt0114369,New Line Cinema,FALSE,notalk,153070026,501631742,45863384,0.906779661,77777777777775434677777777776764343267535777777777777777777777777777777777657735445477777777744567777777777777777777657777777777777434477777777776775434327653677777777777777777777777777777777756763545457777777764457777777777777777777752
Secretariat,2010,10/8/2010,2.05,Drama,"Biography, Drama, Family, History, Sport",PG,Randall Wallace,"Mike Rich, William Nack (book)","Diane Lane, John Malkovich, Dylan Walsh, Margo Martindale",English,USA,61,7.2,23957,tt1028576,Walt Disney Pictures,TRUE,ok,63772921,64495830,37388114,0.52014652,221214344420633402545444565251047303636255434200543335227416544656454225375774
Sense and Sensibility,1995,1/26/1996,2.266666667,Drama,"Drama, Romance",PG,Ang Lee,"Jane Austen (novel), Emma Thompson (screenplay)","James Fleet, Tom Wilkinson, Harriet Walter, Kate Winslet","English, French","USA, UK",84,7.7,89082,tt0114388,Columbia Pictures,TRUE,ok,65727998,206375709,25224861,0.266106443,352312100333333334000000124532334431324512401000000000024534340014422462553140000000000010013210453211000135430113210000534320023202300230012422354212110233432344000000032633234431333430601000000000014444350004431372544141000000000010013111443311000034531
Serenity,2005,9/30/2005,1.983333333,Action,"Action, Adventure, Sci-Fi, Thriller",PG-13,Joss Whedon,Joss Whedon,"Nathan Fillion, Gina Torres, Alan Tudyk, Morena Baccarin","English, Mandarin",USA,74,7.9,265978,tt0379786,Universal Pictures,TRUE,ok,30439664,45949095,46528292,0.706563707,145777777457776445667365643300335767676575765435777353343645777674534634434377676554453424557665343660446576444075777775477775445676456534100527676775666674346777333444546777654625544343576775553634324577663434731457575441
Seven Psychopaths,2012,10/12/2012,1.833333333,Comedy,"Comedy, Crime",R,Martin McDonagh,Martin McDonagh,"Michael Pitt, Michael Stuhlbarg, Sam Rockwell, Colin Farrell","English, Vietnamese",UK,66,7.2,218945,tt1931533,CBS Films,FALSE,notalk,15243980,23836212,13697621,0.910989011,7777777757775776575367457654777777777777776334366347777777777777777777777777777777774677777777777775457777777777777777667434467773
Sex and the City,2008,5/30/2008,2.416666667,Comedy,"Comedy, Drama, Romance",R,Michael Patrick King,"Michael Patrick King, Candace Bushnell (book), Darren Star (television series creator)","Sarah Jessica Parker, Kim Cattrall, Kristin Davis, Cynthia Nixon",English,USA,53,5.6,108534,tt1000774,Warner Bros. Pictures,TRUE,ok,165203458,449403966,62229738,0.195518207,002212120000000143440000022244300000233243453543200020201411023234233322013332565422451000110000010000001011100000430000000000100000001300001334000000220000000141003000201100001300023223300014551000122113000000003343300001222532000003324425454331001111041
"Sex, Lies, and Videotape",1989,9/22/1989,1.666666667,Drama,Drama,R,Steven Soderbergh,Steven Soderbergh,"James Spader, Andie MacDowell, Peter Gallagher, Laura San Giacomo",English,USA,86,7.2,43702,tt0098724,Sony Pictures Home Entertainment,FALSE,men,46504161,69059227,2255507,0.438655462,040252442343344556573533434342000000001344343300244344343443434200000000433343443433434343344243335776455534334343433434332427401401433433343345564754433344340000000003434343101434344343443434000000003234343443433434334433334346775464434334343343434233357
Shakespeare in Love,1998,1/8/1999,2.05,Comedy,"Comedy, Drama, History, Romance",R,John Madden,"Marc Norman, Tom Stoppard","Geoffrey Rush, Tom Wilkinson, Steven O'Donnell, Tim McMullan",English,"USA, UK",87,7.1,197614,tt0138097,Miramax,TRUE,ok,143367401,399442481,37157440,0.773862908,7777777777777777652027776677777775313535347777777754457776333443547754377201577666763434674777756647774664233357777777777777777745006776677777777221725445777777774347776533335356764457500467676674434475677765737776466223436
Shame,2011,1/13/2012,1.683333333,Drama,Drama,NC-17,Steve McQueen,"Steve McQueen, Abi Morgan, Harold Manning (french adaptation)","Michael Fassbender, Lucy Walters, Mari-Ange Ramirez, James Badge Dale",English,UK,72,7.2,168587,tt1723811,Fox Searchlight,FALSE,notalk,4145138,11166495,6731990,0.60678925,65777333435534454654330325443377745460043534445454357777755555334655534444344334334342424344344565672
Shaun of the Dead,2004,9/24/2004,1.65,Comedy,"Comedy, Horror",R,Edgar Wright,"Simon Pegg, Edgar Wright","Simon Pegg, Kate Ashfield, Nick Frost, Lucy Davis",English,"UK, France",76,7.9,459536,tt0365748,Focus Features,TRUE,ok,16700976,37405681,6165964,0.734148205,3435423366777777577777743534477436533453577777777777777777777777635667777777775436353446775746344456556774445433324534603673655344454547767542466757446104474446357576334326765544553776243
Sherlock Holmes,2009,12/25/2009,2.133333333,Action,"Action, Adventure, Crime, Mystery, Thriller",PG-13,Guy Ritchie,"Michael Robert Johnson (screenplay), Anthony Peckham (screenplay), Simon Kinberg (screenplay), Lionel Wigram (screen story), Michael Robert Johnson (screen story), Arthur Conan Doyle (characters: Sherlock Holmes,  Dr. Watson)","Robert Downey Jr., Jude Law, Rachel McAdams, Mark Strong","English, French","USA, Germany",57,7.6,537542,tt0988045,Warner Bros. Pictures/Village Roadshow,FALSE,notalk,226949041,541170116,97715844,0.848024316,7777756765773556777777713337746777777777777777762441677777777752572765476677576645477466676774
Shopgirl,2005,11/4/2005,1.766666667,Drama,"Drama, Romance",R,Anand Tucker,"Steve Martin (novel), Steve Martin (screenplay)","Steve Martin, Claire Danes, Jason Schwartzman, Bridgette Wilson-Sampras","English, Japanese",USA,62,6.4,22497,tt0338427,Touchstone Pictures,FALSE,men,12269777,14028182,8947748,0.447534766,45200445200442344525000772034424345430144343323546233642455333000553133424334442305513242032622254344443433763333
Showgirls,1995,9/22/1995,2.133333333,Drama,Drama,NC-17,Paul Verhoeven,Joe Eszterhas,"Elizabeth Berkley, Kyle MacLachlan, Gina Gershon, Glenn Plummer",English,"France, USA",16,4.7,56191,tt0114436,MGM Home Entertainment,TRUE,ok,31111815,57712577,61151178,0.371428571,56557000000220000016432520000102163200024067566157544003224044753234410000000001306335744402344024633002343433755122365451024
Shrek,2001,5/18/2001,1.5,Comedy,"Animation, Adventure, Comedy, Family, Fantasy",PG,"Andrew Adamson, Vicky Jenson","William Steig (based upon the book by), Ted Elliott, Terry Rossio, Joe Stillman, Roger S.H. Schulman, Cody Cameron (additional dialogue), Chris Miller (additional dialogue), Conrad Vernon (additional dialogue)","Mike Myers, Eddie Murphy, Cameron Diaz, John Lithgow",English,USA,84,7.9,543911,tt0126029,Dreamworks,FALSE,notalk,352192764,647149877,65792298,0.806990881,47777777777777777777777777777777733445444354447777776443544564444674434333545777777577655556464777777777777777777777777777777764335544344544777777553445366443567434333363677777757764645744
Shrek 2,2004,5/19/2004,1.55,Comedy,"Animation, Adventure, Comedy, Family, Fantasy, Romance",PG,"Andrew Adamson, Kelly Asbury, Conrad Vernon","William Steig (based upon the book by), Andrew Adamson (story by), Andrew Adamson (screenplay by), Joe Stillman (screenplay by), J. David Stem (screenplay by), David N. Weiss (screenplay by), Cody Cameron (additional dialogue), Walt Dohrn (additional dialogue), Chris Miller (additional dialogue), David P. Smith (additional dialogue), Conrad Vernon (additional dialogue)","Mike Myers, Eddie Murphy, Cameron Diaz, Julie Andrews",English,USA,75,7.2,370258,tt0298148,DreamWorks SKG,TRUE,ok,544117065,1155511754,86323501,0.583333333,7.42547E+11
Shrek the Third,2007,5/18/2007,1.55,Comedy,"Animation, Adventure, Comedy, Family, Fantasy",PG,"Chris Miller, Raman Hui(co-director)","Jeffrey Price (screenplay by), Peter S. Seaman (screenplay by), Chris Miller (screenplay by), Aron Warner (screenplay by), Andrew Adamson (story by), William Steig (based upon the book by)","Mike Myers, Eddie Murphy, Cameron Diaz, Antonio Banderas",English,USA,58,6.1,245876,tt0413267,Dreamworks,TRUE,ok,362589890,907071412,179766957,0.806878307,776756556644467667577443677777667777777111014457777777777777777777501347777777777777774043006067666766767766
Sideways,2004,1/21/2005,2.116666667,Comedy,"Comedy, Drama, Romance",R,Alexander Payne,"Rex Pickett (novel), Alexander Payne (screenplay), Jim Taylor (screenplay)","Paul Giamatti, Thomas Haden Church, Virginia Madsen, Sandra Oh","English, Armenian","USA, Hungary",94,7.5,167361,tt0375063,Fox Searchlight Pictures,TRUE,ok,88176131,135496025,20964279,0.800560224,762577777343677777777777777777777647533537777577776544477774343334547663144234343235774467777765777777777744344777775347764677653677777367777756342663477777434577777777777777777777746633446777577776544477774433344447663234333434234775367777765777777777745
Signs,2002,8/2/2002,1.766666667,Drama,"Drama, Mystery, Sci-Fi, Thriller",PG-13,M. Night Shyamalan,M. Night Shyamalan,"Mel Gibson, Joaquin Phoenix, Rory Culkin, Abigail Breslin","English, Portuguese",USA,59,6.7,306691,tt0286106,Buena Vista Distribution Compa,FALSE,notalk,295256424,528777236,91572563,0.818181818,67464335545776436533624547366766776577777676667777776767777776577677774433376
Silent Hill,2006,4/21/2006,2.083333333,Horror/Thriller,Horror,R,Christophe Gans,Roger Avary,"Radha Mitchell, Sean Bean, Laurie Holden, Deborah Kara Unger",English,"Canada, France, Japan, USA",31,6.6,199463,tt0384537,Sony Pictures,TRUE,ok,54302354,115559561,57789817,0.156794425,02100010032021630110001000010012242321210
Sinister,2012,10/12/2012,1.833333333,Horror/Thriller,"Horror, Mystery, Thriller",R,Scott Derrickson,"Scott Derrickson, C. Robert Cargill","Ethan Hawke, Juliet Rylance, Fred Dalton Thompson, James Ransone",English,"USA, UK",53,6.8,193568,tt1922777,Lionsgate Films,FALSE,men,48790826,89012016,3043916,0.701996928,554435777635354343434653425435334356433377777657276534345777777777777775413333343144776577775
Sleepy Hollow,1999,11/19/1999,1.75,Horror/Thriller,"Fantasy, Horror, Mystery",R,Tim Burton,"Washington Irving (story ""The Legend of Sleepy Hollow""), Kevin Yagher (screen story), Andrew Kevin Walker (screen story), Andrew Kevin Walker (screenplay)","Johnny Depp, Christina Ricci, Miranda Richardson, Michael Gambon","English, Latin","Germany, USA",65,7.4,300968,tt0162661,Paramount Pictures,TRUE,ok,141340236,289577211,97892342,0.784194529,77777366777543456777777753354477773437777677333674465556477777776775367544356777772112557556357777736677753346677777774336357777334777767634276546545747777777677437754345677777111355665624
Slither,2006,3/31/2006,1.583333333,Comedy,"Comedy, Horror, Sci-Fi",R,James Gunn,James Gunn,"Don Thompson, Nathan Fillion, Gregg Henry, Xantha Radley",English,"Canada, USA",69,6.5,68698,tt0439815,Universal Pictures,TRUE,ok,9018043,14944843,17625894,0.505668934,265300040350244504535775547724444433445345336634332243545400053265300040350244504535775547724444433445345336634332243545400053
Slumdog Millionaire,2008,12/25/2008,2,Drama,"Drama, Romance",R,"Danny Boyle, Loveleen Tandan(co-director)","Simon Beaufoy (screenplay), Vikas Swarup (novel)","Dev Patel, Saurabh Shukla, Anil Kapoor, Raj Zutshi","English, Hindi, French, German","UK, USA, France, Germany, India",86,8,730019,tt1010048,Fox Searchlight Pictures,FALSE,notalk,152944384,416148834,15151588,0.894158473,7777757777777775677767777777766656775576677645666777677777777776776644436366776777777777777724364536777777777767566774656757777757777777776577767777777775746776476677654675777677777777776776645346356776777777777777733464445777777777767566774656752
Smokin' Aces,2006,1/26/2007,1.8,Action,"Action, Crime, Drama, Thriller",R,Joe Carnahan,Joe Carnahan,"Ryan Reynolds, Ray Liotta, Joseph Ruskin, Alex Rocco",English,"UK, France, USA",45,6.7,130296,tt0475394,Universal Pictures,FALSE,dubious,41218854,64779219,19648538,0.787835926,77777777407737437777777536777777777777407777777600003777776377751177770027775062425443467777777777775
Snatch,2000,1/19/2001,1.7,Comedy,"Comedy, Crime",R,Guy Ritchie,Guy Ritchie,"Benicio Del Toro, Dennis Farina, Vinnie Jones, Brad Pitt","English, Russian","UK, USA",55,8.3,701565,tt0208092,Columbia Pictures,FALSE,nowomen,40713217,113093815,13529084,0.964546403,77777777777756777777774777775777777777777777775477565467777777777777545777777777777777777777775777777777777777777777777777777777777777774
Snow White and the Huntsman,2012,6/1/2012,2.116666667,Action,"Action, Adventure, Drama, Fantasy",PG-13,Rupert Sanders,"Evan Daugherty (screenplay), John Lee Hancock (screenplay), Hossein Amini (screenplay), Evan Daugherty (screen story)","Kristen Stewart, Chris Hemsworth, Charlize Theron, Sam Claflin",English,USA,57,6.1,255174,tt1735898,Universal Pictures,TRUE,ok,157407735,406779965,172488556,0.617604618,627111242452113244336544257355433342467777543553533341436557746666646755575667757744257741536551004
Solaris,2002,11/27/2002,1.65,Drama,"Drama, Mystery, Romance, Sci-Fi",PG-13,Steven Soderbergh,"Stanislaw Lem (novel), Steven Soderbergh (screenplay)","George Clooney, Natascha McElhone, Viola Davis, Jeremy Davies",English,USA,65,6.2,74348,tt0307479,20th Century Fox,FALSE,notalk,19388882,19388882,60873423,0.629251701,777765457555423377777344334533433434455523414435243726134777543333354344355565655544
Something's Gotta Give,2003,12/12/2003,2.133333333,Comedy,"Comedy, Drama, Romance",PG-13,Nancy Meyers,Nancy Meyers,"Jack Nicholson, Diane Keaton, Keanu Reeves, Frances McDormand","English, French",USA,66,6.7,101462,tt0337741,Sony Pictures,FALSE,dubious,157862359,337646706,101286957,0.49859944,733432332132023324233200002777344332133775471423543434433777753344444456633434343300002134442520344547764632002131143433534750044643345543254434775545542
Somewhere in Time,1980,10/3/1980,1.716666667,Drama,"Drama, Fantasy, Romance",PG,Jeannot Szwarc,"Richard Matheson (screenplay), Richard Matheson (novel)","Christopher Reeve, Jane Seymour, Christopher Plummer, Teresa Wright",English,USA,29,7.3,23827,tt0081534,MCA Universal Home Video,FALSE,men,27456486,27456486,14421616,0.723104056,644157777777777442342457777777756767474466553523564354526577773432443335764773532
Source Code,2011,4/1/2011,1.55,Horror/Thriller,"Sci-Fi, Thriller",PG-13,Duncan Jones,Ben Ripley,"Jake Gyllenhaal, Michelle Monaghan, Vera Farmiga, Jeffrey Wright",English,"USA, Canada",74,7.5,443102,tt0945513,Summit Entertainment,FALSE,notalk,56664949,145440503,33142105,0.622276029,5477452333323334547777343343335443335335677777745334444343436423342313345733453434577776343557337777435454343577714362
"South Park: Bigger, Longer & Uncut",1999,6/30/1999,1.35,Comedy,"Animation, Comedy, Fantasy, Musical",R,Trey Parker,"Trey Parker (television series South Park), Matt Stone (television series South Park), Trey Parker, Matt Stone, Pam Brady","Trey Parker, Matt Stone, Mary Kay Bergman, Isaac Hayes",English,USA,73,7.8,178960,tt0158983,Paramount Pictures,FALSE,dubious,72772612,72772612,29367703,0.879699248,767555577745777774646767577776757677767777276677757677751
Southland Tales,2006,12/7/2007,2.416666667,Comedy,"Comedy, Drama, Mystery, Sci-Fi, Thriller",R,Richard Kelly,Richard Kelly,"Carlos Amezcua, Curtis Armstrong, Robert Benz, Todd Berger",English,"USA, Germany, France",44,5.5,34682,tt0405336,Samuel Goldwyn Films,TRUE,ok,318283,421411,19648538,0.557951482,3100000003577755577642003344457024534600647766646772777577754544354777322267474100031123444133553371775411
Space Jam,1996,11/15/1996,1.466666667,Comedy,"Animation, Adventure, Comedy, Family, Fantasy, Sci-Fi, Sport",PG,Joe Pytka,"Leo Benvenuti, Steve Rudnick, Timothy Harris, Herschel Weingrod","Michael Jordan, Wayne Knight, Theresa Randle, Manner Washington",English,USA,59,6.4,136322,tt0117705,Warner Home Video,FALSE,notalk,134353268,371588265,118813194,0.891041162,77775777356536677677777777777736657667777676777737777347773
Spaceballs,1987,6/24/1987,1.6,Comedy,"Adventure, Comedy, Sci-Fi",PG,Mel Brooks,"Mel Brooks, Thomas Meehan, Ronny Graham","Mel Brooks, John Candy, Rick Moranis, Bill Pullman",English,USA,46,7.1,155506,tt0094012,MGM,FALSE,dubious,78160088,78160088,46544021,0.792667509,77763377774335536677577772365477777776445544777775442445774355777644775567777744543347647566777777675436577666560
Spanglish,2004,12/17/2004,2.183333333,Comedy,"Comedy, Drama, Romance",PG-13,James L. Brooks,James L. Brooks,NA,"English, Spanish",USA,48,6.4,72726,tt0371246,Sony Pictures Entertainment,TRUE,ok,51848757,67017030,92489466,0.323366556,000000000001321730124443572143052000335743134764000006320000462125435662233000002434441002013434404324333452432333200001244300030
Sparkle,2012,8/17/2012,1.933333333,Drama,"Drama, Music",PG-13,Salim Akil,"Mara Brock Akil (screenplay), Joel Schumacher (story), Howard Rosenman (story)","Jordin Sparks, Whitney Houston, Derek Luke, Mike Epps",English,USA,54,5.7,5573,tt1876451,Sony Pictures,TRUE,ok,24754613,25021315,10146386,0.385093168,0247300423120435213002534432443631500575336634135263121544320005663000445030015444010000033203277600035510577001054
Spawn,1997,8/1/1997,1.6,Action,"Action, Horror",R,NA,NA,"Michael Jai White, John Leguizamo, Martin Sheen, Theresa Randle",English,USA,34,5.2,59123,tt0120177,New Line Home Entertainment,TRUE,ok,79789061,127636188,58049525,0.857142857,6573467777777344577777777777777776331357777777777777665677757665351
Speed Racer,2008,5/9/2008,2.25,Action,"Action, Adventure, Comedy, Drama, Family, Sci-Fi, Sport",PG,"Lana Wachowski, Lilly Wachowski","Lilly Wachowski, Lana Wachowski, Tatsuo Yoshida (animated series ""Speed Racer"")","Emile Hirsch, Nicholas Elia, Susan Sarandon, Melissa Holroyd",English,"USA, Australia, Germany",37,6,64291,tt0811080,Warner Bros. Pictures,TRUE,ok,47560583,101076746,129870757,0.862934363,0177777636677776446746676677775477765567577753456757777776644266777356776266667667777756765654677644765577676777777777777734567776777767777777777761
Sphere,1998,2/13/1998,2.233333333,Drama,"Drama, Horror, Mystery, Sci-Fi, Thriller",PG-13,Barry Levinson,"Michael Crichton (novel), Kurt Wimmer (adaptation), Stephen Hauser (screenplay), Paul Attanasio (screenplay)","Dustin Hoffman, Sharon Stone, Samuel L. Jackson, Peter Coyote",English,USA,35,6.1,91848,tt0120184,Warner Home Video,FALSE,notalk,52975497,71697130,104326659,0.776470588,777777777777663437767765656576747456756773677776667775776664435454775547534434367757777677667777772666733436564456744677733414776454342444356464434433753763134434334312411343777777766567777777777767434576776655747675654766667556777766677667765633545377663
Spider-Man 2,2004,6/30/2004,2.116666667,Action,"Action, Adventure, Sci-Fi",PG-13,Sam Raimi,"Stan Lee (comic book), Steve Ditko (comic book), Alfred Gough (screen story), Miles Millar (screen story), Michael Chabon (screen story), Alvin Sargent (screenplay)","Tobey Maguire, Kirsten Dunst, James Franco, Alfred Molina","English, Russian, Chinese",USA,83,7.3,486636,tt0316654,Sony Pictures,FALSE,notalk,460627734,966459425,246638575,0.72541744,77777767776772734334367773764444454467777775546361353777636223174666625364324
Spring Breakers,2012,3/22/2013,1.566666667,Comedy,"Comedy, Crime, Drama",R,Harmony Korine,Harmony Korine,"James Franco, Selena Gomez, Vanessa Hudgens, Ashley Benson",English,USA,63,5.3,124034,tt2101441,A24 Films,TRUE,ok,14331045,31118489,5073193,0.280952381,000000000003035651277316322120
Stand by Me,1986,11/26/1986,1.483333333,Drama,"Adventure, Drama",R,Rob Reiner,"Stephen King (novel), Raynold Gideon (screenplay), Bruce A. Evans (screenplay)","Wil Wheaton, River Phoenix, Corey Feldman, Jerry O'Connell",English,USA,75,8.1,326635,tt0092005,MCA Universal Home Video,FALSE,nowomen,111046165,111046165,16990118,0.995581738,7777777777777777777777777777777777777777777777777777777777777777777777777777777777777777777777774
Star Trek,2009,5/8/2009,2.116666667,Action,"Action, Adventure, Sci-Fi",PG-13,J.J. Abrams,"Roberto Orci, Alex Kurtzman, Gene Roddenberry (television series ""Star Trek"")","Chris Pine, Zachary Quinto, Leonard Nimoy, Eric Bana",English,"USA, Germany",82,8,550148,tt0796366,IMAX,TRUE,ok,279825625,418745446,152002424,0.857142857,74345667753666777774477777665677656765776777777777774667766777633272
Star Trek II: The Wrath of Khan,1982,6/4/1982,1.883333333,Action,"Action, Adventure, Sci-Fi",PG,Nicholas Meyer,"Gene Roddenberry (television series Star Trek), Harve Bennett (story), Jack B. Sowards (story), Jack B. Sowards (screenplay)","William Shatner, Leonard Nimoy, DeForest Kelley, James Doohan",English,USA,67,7.7,103068,tt0084726,Paramount Pictures,FALSE,dubious,192851397,233604343,28959216,0.776190476,213114635777744777777777777567446744542343435677566374573767657657777747663764755467765542445455766567767646765776567635
Star Trek III: The Search for Spock,1984,6/1/1984,1.75,Action,"Action, Adventure, Sci-Fi",PG,Leonard Nimoy,"Gene Roddenberry (television series Star Trek), Harve Bennett","William Shatner, Leonard Nimoy, DeForest Kelley, James Doohan","English, Klingon, Russian, French",USA,56,6.7,67225,tt0088170,Paramount Pictures,FALSE,notalk,171405568,195005629,40345992,0.828571429,5536767746455556767777454577777774677467446643377772167777645754757777777776576766576567777673633772
Star Trek V: The Final Frontier,1989,6/9/1989,1.783333333,Action,"Action, Adventure, Fantasy, Sci-Fi, Thriller",PG,William Shatner,"Gene Roddenberry (creator: based on ""Star Trek""), William Shatner (story), Harve Bennett (story), David Loughery (story), David Loughery (screenplay)","William Shatner, Leonard Nimoy, DeForest Kelley, James Doohan","English, Klingon",USA,43,5.4,50549,tt0098382,Paramount Pictures,FALSE,notalk,98133425,131947137,56387665,0.895008606,77753436444577777646767455776467766767767777676777777777555777777677767777776767766
Star Trek VI: The Undiscovered Country,1991,12/6/1991,1.833333333,Action,"Action, Adventure, Sci-Fi, Thriller",PG,Nicholas Meyer,"Gene Roddenberry (television series ""Star Trek""), Leonard Nimoy (story), Lawrence Konner (story), Mark Rosenthal (story), Nicholas Meyer (screenplay), Denny Martin Flinn (screenplay)","William Shatner, Leonard Nimoy, DeForest Kelley, James Doohan","English, Klingon",USA,65,7.2,63442,tt0102975,Paramount Pictures,FALSE,men,128123117,165780431,46192690,0.920300752,77777777777777776767677777776777754577777777777777777775326657347465345777777777777677767777675
Star Trek: First Contact,1996,11/22/1996,1.85,Action,"Action, Adventure, Drama, Sci-Fi, Thriller",PG-13,Jonathan Frakes,"Gene Roddenberry (television series Star Trek), Rick Berman (story), Brannon Braga (story), Ronald D. Moore (story), Brannon Braga (screenplay), Ronald D. Moore (screenplay)","Patrick Stewart, Jonathan Frakes, Brent Spiner, LeVar Burton",English,USA,71,7.6,108417,tt0117731,Paramount Pictures,TRUE,ok,136676591,222774739,68317587,0.745341615,67677775667667632477664555464544467777774354334336233456657744443677737564535674745563677671
Star Trek: Insurrection,1998,12/11/1998,1.716666667,Action,"Action, Adventure, Sci-Fi, Thriller",PG,Jonathan Frakes,"Gene Roddenberry (creator: ""Star Trek""), Rick Berman (story), Michael Piller (story), Michael Piller (screenplay)","Patrick Stewart, Jonathan Frakes, Brent Spiner, LeVar Burton",English,USA,64,6.4,63750,tt0120844,Paramount Pictures,TRUE,ok,100307450,168351786,100039262,0.864285714,6475377777645456777777776447334775677776557776744347777767767777777654566667646676767677777777756761
Star Trek: Nemesis,2002,12/13/2002,1.933333333,Action,"Action, Adventure, Sci-Fi, Thriller",PG-13,Stuart Baird,"Gene Roddenberry (television series Star Trek), John Logan (story), Rick Berman (story), Brent Spiner (story), John Logan (screenplay)","Patrick Stewart, Jonathan Frakes, Brent Spiner, LeVar Burton",English,USA,51,6.4,66406,tt0253754,Paramount Pictures,FALSE,notalk,56022212,87182173,77710753,0.89533239,67755776676677677775744347776777677777335767777777776675777777777277677777777777747555667766625777772
Star Trek: The Motion Picture,1979,12/8/1979,2.2,Other,"Adventure, Mystery, Sci-Fi",G,Robert Wise,"Gene Roddenberry (based on Star Trek created by), Harold Livingston (screenplay), Alan Dean Foster (story)","William Shatner, Leonard Nimoy, DeForest Kelley, James Doohan","English, Klingon",USA,48,6.4,73125,tt0079945,Paramount Home Video,FALSE,notalk,264014024,446129810,112334844,0.795287187,6377766774665454655767556567567577766766556765676765764334674436245776566522447653776476765657765
Star Wars: Episode I - The Phantom Menace,1999,5/19/1999,2.266666667,Action,"Action, Adventure, Fantasy, Sci-Fi",PG,George Lucas,George Lucas,"Liam Neeson, Ewan McGregor, Natalie Portman, Jake Lloyd",English,USA,51,6.5,635302,tt0120915,20th Century Fox,TRUE,ok,663632711,1408313741,160823133,0.837892604,665775546477777777777777777666577755675755747764645575577443775577577477745647576674573467735646776256677744477777677456762745757767756765571
Star Wars: Episode II - Attack of the Clones,2002,5/16/2002,2.366666667,Action,"Action, Adventure, Fantasy, Sci-Fi",PG,George Lucas,"George Lucas (screenplay by), Jonathan Hales (screenplay by), George Lucas (story by)","Ewan McGregor, Natalie Portman, Hayden Christensen, Christopher Lee",English,USA,54,6.6,559024,tt0121765,20th Century Fox,FALSE,dubious,402382056,850538512,148945610,0.838905775,7777777777777777777777777767777776352333225477763443773476767337677746666067775557377676777771
Star Wars: Episode III - Revenge of the Sith,2005,5/19/2005,2.333333333,Action,"Action, Adventure, Fantasy, Sci-Fi",PG-13,George Lucas,George Lucas,"Ewan McGregor, Natalie Portman, Hayden Christensen, Ian McDiarmid",English,"USA, Italy, Switzerland, Thailand, Tunisia",68,7.6,622401,tt0121766,20th Century Fox,FALSE,notalk,453675396,1012883787,137198810,0.860927152,7777777777777777777777777777777777775433742444677777743677777775343477777777344177776434577657777777677777775776544477776656776343374344777777767557771
Star Wars: Episode IV - A New Hope,1977,5/25/1977,2.016666667,Action,"Action, Adventure, Fantasy, Sci-Fi",PG,George Lucas,George Lucas,"Mark Hamill, Harrison Ford, Carrie Fisher, Peter Cushing",English,USA,90,8.6,1092532,tt0076759,20th Century Fox,FALSE,notalk,1771682790,3066446442,42274609,0.924754635,77775777777777777765767774766777777767777777777777777776437777777777777777777777477665654766775653666565446775777777777777777777661
Star Wars: Episode V - The Empire Strikes Back,1980,6/20/1980,2.066666667,Action,"Action, Adventure, Fantasy, Sci-Fi",PG,Irvin Kershner,"Leigh Brackett (screenplay by), Lawrence Kasdan (screenplay by), George Lucas (story by)","Mark Hamill, Harrison Ford, Carrie Fisher, Billy Dee Williams",English,USA,82,8.8,1021079,tt0080684,Twentieth Century Fox,FALSE,nowomen,820821721,1510514303,65038661,0.847117794,776435777777775556777747777575575667554657765777775347547774455577657777444765667777775356776556766546777755357774
Star Wars: Episode VI - Return of the Jedi,1983,5/25/1983,2.183333333,Action,"Action, Adventure, Fantasy, Sci-Fi",PG,Richard Marquand,"Lawrence Kasdan (screenplay by), George Lucas (screenplay by), George Lucas (story by)","Mark Hamill, Harrison Ford, Carrie Fisher, Billy Dee Williams",English,USA,58,8.3,837046,tt0086190,Twentieth Century Fox,FALSE,nowomen,723340482,1339748672,76029041,0.87593985,7777773457776777766677777777757676757506777757644435775567677767766677777750
Starship Troopers,1997,11/7/1997,2.15,Action,"Action, Adventure, Sci-Fi, Thriller",R,Paul Verhoeven,"Edward Neumeier (screenplay), Robert A. Heinlein (book)","Casper Van Dien, Dina Meyer, Denise Richards, Jake Busey",English,USA,51,7.2,247030,tt0120201,Sony Pictures Home Entertainment,TRUE,ok,79482791,175744937,145123812,0.711157456,77665552243677644356553447443375556534677576464656422244574575674432344557766345566543763434366466667557667576657675424566377145774654741
Stepmom,1998,12/25/1998,2.083333333,Comedy,"Comedy, Drama",PG-13,Chris Columbus,"Gigi Levangie (story), Gigi Levangie (screenplay), Jessie Nelson (screenplay), Steven Rogers (screenplay), Karen Leigh Hopkins (screenplay), Ronald Bass (screenplay)","Julia Roberts, Susan Sarandon, Ed Harris, Jena Malone",English,USA,58,6.7,54536,tt0120686,TriStar Pictures,TRUE,ok,130247778,228297140,71456616,0.36,62432334322677601733233344320002103553523213334025320000343441000234131030531006740007775000012132006243233432267760173323334432000210355352321333402532000034344100023413103053100674000777500001213200
Stranger Than Fiction,2006,11/10/2006,1.883333333,Comedy,"Comedy, Drama, Fantasy, Romance",PG-13,Marc Forster,Zach Helm,"Will Ferrell, William Dick, Guy Massey, Martha Espinoza",English,USA,67,7.6,204334,tt0420223,Sony Pictures,TRUE,ok,46734845,52282667,34673890,0.589285714,11324764443421000165464677777772436777204756231347777777744002353443375577026502424435777505423267252330
Straw Dogs,2011,9/16/2011,1.833333333,Action,"Action, Drama, Thriller",R,Rod Lurie,"Rod Lurie (screenplay), David Zelag Goodman (earlier screenplay), Sam Peckinpah (earlier screenplay), Gordon Williams (novel)",NA,English,USA,45,5.8,30188,tt0999913,Sony Pictures/Screen Gems,TRUE,ok,10692928,11655479,25892270,0.740372671,5445556435775444534243457767764577563434445766667775775433537566533266767777777346534477754422473675677754756365763
Stuart Little,1999,12/17/1999,1.4,Comedy,"Adventure, Comedy, Family, Fantasy",PG,Rob Minkoff,"E.B. White (book), M. Night Shyamalan (screenplay), Greg Brooker (screenplay)","Michael J. Fox, Geena Davis, Hugh Laurie, Jonathan Lipnicki","English, Dutch","Germany, USA",61,5.9,112002,tt0164912,Columbia Pictures,FALSE,notalk,195805974,417860454,146838513,0.743740795,2351465465455675365634556735375137777777774457657754554475355656677575547721211755777777773677753
Sunshine Cleaning,2008,4/17/2009,1.516666667,Comedy,"Comedy, Drama",R,Christine Jeffs,Megan Holley,"Amy Adams, Emily Blunt, Alan Arkin, Jason Spevack","English, Spanish",USA,61,6.9,66044,tt0862846,Overture Films,TRUE,ok,13054780,17816707,5411282,0.353741497,757334133340000014574424375000755027433134100000034533554106144330036751000001310614443000010001112434700000232544056102162344665351233420000034664334472003743056423062000000144444453024334320057730000003112515432000100001123426400000424442255002352430
Super,2010,6/10/2011,1.6,Action,"Action, Comedy, Drama",R,James Gunn,James Gunn,"Rainn Wilson, Ellen Page, Liv Tyler, Kevin Bacon",English,USA,50,6.8,69483,tt1512235,IFC Midnight,FALSE,notalk,350077,553731,2670580,0.636363636,56767777564677740277477442013777123777576530435602212334231343223455547766772
Super 8,2011,6/10/2011,1.866666667,Horror/Thriller,"Mystery, Sci-Fi, Thriller",PG-13,J.J. Abrams,J.J. Abrams,"Joel Courtney, Jessica Tuck, Joel McKinnon Miller, Ryan Lee",English,USA,72,7,316012,tt1650062,Paramount Pictures,TRUE,ok,131537058,269379017,51784539,0.874829932,777777763777534676666757676561577756256567677776556776465567777743567777777547777777777777777777777762573
Superbad,2007,8/17/2007,1.883333333,Comedy,Comedy,R,Greg Mottola,"Seth Rogen, Evan Goldberg","Jonah Hill, Michael Cera, Christopher Mintz-Plasse, Bill Hader",English,USA,76,7.6,473180,tt0829482,Sony Pictures/Columbia,FALSE,notalk,136469216,190848721,19662011,0.907366071,75677777774446765777542677777777776777457777775775767777777774677777777777777677777777777777777777564564543466476777777777766553
Superman II,1980,6/19/1981,2.116666667,Action,"Action, Adventure, Sci-Fi",PG,"Richard Lester, Richard Donner","Jerry Siegel (character created by: Superman), Joe Shuster (character created by: Superman), Mario Puzo (story by), Mario Puzo (screenplay by), David Newman (screenplay by), Leslie Newman (screenplay by)","Gene Hackman, Christopher Reeve, Ned Beatty, Jackie Cooper","English, French, Russian","USA, UK, Canada",87,6.8,88769,tt0081573,Warner Bros. Pictures,FALSE,dubious,305924063,305924063,152699465,0.60952381,777777524424457755245314144442134333027666554104664555767536534646363343431
Superman III,1983,6/17/1983,2.083333333,Action,"Action, Comedy, Sci-Fi",PG,Richard Lester,"Jerry Siegel (character created by: Superman), Joe Shuster (character created by: Superman), David Newman (screenplay by), Leslie Newman (screenplay by)","Christopher Reeve, Richard Pryor, Jackie Cooper, Marc McClure","English, Italian, Spanish","UK, USA",44,4.9,58041,tt0086393,WARNER BROTHERS PICTURES,TRUE,ok,140245796,140245796,91234849,0.677922078,34366553454637777774334533335355566777777544635644433335677777477525642476556333656776037445741313445376564122
Superman IV: The Quest for Peace,1987,7/24/1987,1.5,Action,"Action, Adventure, Family, Sci-Fi",PG,Sidney J. Furie,"Jerry Siegel (character created by: Superman), Joe Shuster (character created by: Superman), Christopher Reeve (story by), Lawrence Konner (story by), Mark Rosenthal (story by), Lawrence Konner (screenplay by), Mark Rosenthal (screenplay by)","Christopher Reeve, Gene Hackman, Jackie Cooper, Marc McClure","English, Russian, French, Italian","UK, USA",24,3.7,38436,tt0094074,Warner Home Video,TRUE,ok,23021501,23021501,34856756,0.651020408,7657553121561046777302565125477774377773023123577753467165576577632373
Surrogates,2009,9/25/2009,1.483333333,Action,"Action, Sci-Fi, Thriller",PG-13,Jonathan Mostow,"Michael Ferris (screenplay), John Brancato (screenplay), Robert Venditti (graphic novel), Brett Weldele (graphic novel)","Bruce Willis, Radha Mitchell, Rosamund Pike, Boris Kodjoe",English,USA,45,6.3,161843,tt0986263,Touchstone Pictures,FALSE,notalk,41885106,129927709,86858528,0.684033613,5554534343453656454544454544555573742457475454677777534655354360343477744457773575752
"Synecdoche, New York",2008,11/21/2008,2.066666667,Comedy,"Comedy, Drama",R,Charlie Kaufman,Charlie Kaufman,"Philip Seymour Hoffman, Catherine Keener, Sadie Goldstein, Tom Noonan","English, German",USA,67,7.5,69606,tt0383028,Sydney Kimmel Entertainment,FALSE,dubious,3337178,4744112,21645126,0.500881834,212311337241423674663430424344333532022233313325364333433546574454240323134244234233444374433354333444665467534422434534544443453423442435522463341224336535441173
Take Shelter,2011,11/10/2011,2,Drama,"Drama, Horror, Thriller",R,Jeff Nichols,Jeff Nichols,"Michael Shannon, Jessica Chastain, Tova Stewart, Shea Whigham",English,USA,85,7.4,81594,tt1675192,Sony Pictures Classics,TRUE,ok,1790661,3240628,4919531,0.687707641,44602674367725343143554353677774234576443537777544143164567726777777757660535765335655
Taken,2008,1/30/2009,1.55,Action,"Action, Crime, Thriller",PG-13,Pierre Morel,"Luc Besson, Robert Mark Kamen","Liam Neeson, Maggie Grace, Leland Orser, Jon Gries","English, French, Albanian, Arabic","France, USA",50,7.8,529918,tt0936501,20th Century Fox,TRUE,ok,156928235,245608963,27056408,0.741176471,7635323366777777773153352345434334032324565666677776777777773576277777764456777777541
Tarzan,1999,6/18/1999,1.466666667,Other,"Animation, Adventure, Family, Romance",G,"Chris Buck, Kevin Lima",NA,"Brian Blessed, Glenn Close, Minnie Driver, Tony Goldwyn",English,USA,79,7.3,175160,tt0120855,Buena Vista Pictures,FALSE,men,239265412,626779240,202776994,0.564164649,02420333355444343234735334355373455665434743444454374465641
Taxi Driver,1976,2/8/1976,1.9,Drama,"Crime, Drama",R,Martin Scorsese,Paul Schrader,"Diahnne Abbott, Frank Adu, Victor Argo, Gino Ardito","English, Spanish",USA,94,8.3,619467,tt0075314,Columbia Pictures,FALSE,notalk,115645570,115645570,4091827,0.747135218,7777776434357777777434543434344343577644443477777776777777777577757534343435754343343447767447777776443447777777443544343434434477734534377777776777777777577757543434344763434334347776541
Team America: World Police,2004,10/15/2004,1.633333333,Action,"Action, Comedy",R,Trey Parker,"Trey Parker, Matt Stone, Pam Brady","Trey Parker, Matt Stone, Kristen Miller, Masasa Moyo","English, French, Klingon, Korean, Arabic","USA, Germany",64,7.2,148887,tt0372588,Paramount Pictures,FALSE,men,40417692,61998567,24663858,0.725274725,5.73576E+12
Ted,2012,6/29/2012,1.766666667,Comedy,"Comedy, Fantasy, Romance",R,Seth MacFarlane,"Seth MacFarlane (screenplay by), Alec Sulkin (screenplay by), Wellesley Wild (screenplay by), Seth MacFarlane (story by)","Mark Wahlberg, Mila Kunis, Seth MacFarlane, Joel McHale","English, Japanese",USA,62,6.9,527668,tt1637725,Universal Pictures,FALSE,men,221866693,557487654,50731928,0.785151856,7767766777777756577743534350204334344344337547777776354777777773623433675577777777777767764765777755435564477777457476546664574
Terminator 2: Judgment Day,1991,7/3/1991,2.283333333,Action,"Action, Sci-Fi",R,James Cameron,"James Cameron, William Wisher","Arnold Schwarzenegger, Linda Hamilton, Edward Furlong, Robert Patrick","English, Spanish","USA, France",75,8.5,881308,tt0103064,TriStar Pictures,FALSE,dubious,350481895,884189932,171084037,0.778021978,66474046477765677777654644356456574455756775775565545667656765660
Terminator Salvation,2009,5/21/2009,1.916666667,Action,"Action, Adventure, Sci-Fi",PG-13,McG,"John Brancato, Michael Ferris","Christian Bale, Sam Worthington, Moon Bloodgood, Helena Bonham Carter","English, Italian","USA, Germany, UK, Italy",49,6.6,315615,tt0438488,Warner Bros. Pictures,FALSE,men,136066564,403488847,217146319,0.629399586,437776455567743455633323224445347567556444244435763433133475656534342
The 40-Year-Old Virgin,2005,8/19/2005,1.933333333,Comedy,"Comedy, Romance",R,Judd Apatow,"Judd Apatow, Steve Carell","Steve Carell, Catherine Keener, Paul Rudd, Romany Malco","English, Spanish, Japanese",USA,73,7.1,353859,tt0405422,Universal Pictures,FALSE,men,130576566,211596412,31018861,0.725601132,77777777777777777757743323157773577647767745277556641442377772331257543676343653647742346732246633631
The A-Team,2010,6/11/2010,1.95,Action,"Action, Adventure, Comedy, Crime, Thriller",PG-13,Joe Carnahan,"Joe Carnahan, Brian Bloom, Skip Woods, Frank Lupo (television series ""The A-Team""), Stephen J. Cannell (television series ""The A-Team"")","Liam Neeson, Bradley Cooper, Jessica Biel, Quinton 'Rampage' Jackson","English, Spanish, French, Swahili, German",USA,47,6.8,232046,tt0429493,20th Century Fox,FALSE,nowomen,82491105,189334662,117505503,0.882352941,77777777777777665764676777777567777777755347776576764764675666744751
The Abyss,1989,8/9/1989,2.416666667,Drama,"Adventure, Drama, Sci-Fi, Thriller",PG-13,James Cameron,James Cameron,"Ed Harris, Mary Elizabeth Mastrantonio, Michael Biehn, Leo Burmester",English,USA,62,7.6,148615,tt0096754,20th Century Fox Film Corporat,TRUE,ok,101954772,101954772,131571219,0.730501931,77777777744444463444367764457477777653775657455466444357546434667456643343434776453344445666577777777635434554434477736465677776645757566364664453466464526665566442444237774632543626673
The Addams Family,1991,11/22/1991,1.65,Comedy,"Comedy, Fantasy",PG-13,Barry Sonnenfeld,"Charles Addams (characters), Caroline Thompson, Larry Wilson","Anjelica Huston, Raul Julia, Christopher Lloyd, Dan Hedaya","English, Italian, French",USA,57,6.9,112726,tt0101272,Paramount Pictures,TRUE,ok,194184224,327629772,51325211,0.42562592,4344362777507543343420424212246375754422422000332315114232312231010145003437552303211233433422532
The Adjustment Bureau,2011,3/4/2011,1.766666667,Horror/Thriller,"Romance, Sci-Fi, Thriller",PG-13,George Nolfi,"George Nolfi (screenplay), Philip K. Dick (short story ""Adjustment Team"")","Matt Damon, Emily Blunt, Lisa Thoreson, Florence Kastriner",English,USA,60,7.1,224279,tt1385826,Universal Pictures,FALSE,dubious,64726164,132354553,51991677,0.74912892,775643334357753446334777777777777777777445444344446555544556657777777747533654353643344342426777766467777764777775434536324
The Adventures of Tintin,2011,12/21/2011,1.783333333,Action,"Animation, Action, Adventure, Family, Mystery",PG,Steven Spielberg,NA,"Jamie Bell, Andy Serkis, Daniel Craig, Nick Frost",English,"USA, New Zealand",68,7.3,198770,tt0983193,Paramount,FALSE,notalk,80361144,387342089,134639802,0.985915493,77777777757777777777777777777777777777777777777777775777777777777777774
The American President,1995,11/17/1995,1.9,Comedy,"Comedy, Drama, Romance",PG-13,Rob Reiner,Aaron Sorkin,"Michael Douglas, Annette Bening, Martin Sheen, Michael J. Fox","English, French, Spanish",USA,67,6.8,47418,tt0112346,Columbia Pictures,TRUE,ok,91761643,164837302,94784326,0.624089636,447677434666676613334345577514323434343677777750123244674343324344634364441002434733024722344577665440003343434545336654743554563365564543374554544766744343575777761434344777754335656754355634476774355666767042434356676053233434345777777601232346744334234
The Avengers,2012,5/4/2012,2.383333333,Action,"Action, Adventure, Sci-Fi",PG-13,Joss Whedon,"Joss Whedon (screenplay), Zak Penn (story), Joss Whedon (story)","Robert Downey Jr., Chris Evans, Mark Ruffalo, Chris Hemsworth","English, Russian, Hindi",USA,69,8.1,1144824,tt0848228,Walt Disney Pictures,FALSE,notalk,23727745,49296637,60878314,0.852857143,7777777433343447777554355344575666675655777777667777777777774454747777777647677774067767777777777775
The Aviator,2004,12/25/2004,2.833333333,Drama,"Biography, Drama, History",PG-13,Martin Scorsese,John Logan,"Leonardo DiCaprio, Cate Blanchett, Kate Beckinsale, John C. Reilly",English,"Germany, USA",77,7.5,301590,tt0338751,Miramax,FALSE,notalk,126536475,264654077,135651216,0.813095238,077777766777777777422777656453355334544344444577556777546757777777733447777777777777525777777434777752224777777777773773
The Back-up Plan,2010,4/23/2010,1.733333333,Comedy,"Comedy, Romance",PG-13,Alan Poul,Kate Angelo,"Jennifer Lopez, Alex O'Loughlin, Michaela Watkins, Eric Christian Olsen",English,USA,34,5.3,45340,tt1212436,CBS Films,TRUE,ok,40048019,80417752,37388114,0.338551859,23533001033435443400000034443434431001514233142100002340014344444544333214200000010444445432144344333333330003300233224400143200011454234350333431
The Beach,2000,2/11/2000,1.983333333,Drama,"Adventure, Drama, Romance, Thriller",R,Danny Boyle,"John Hodge (screenplay), Alex Garland (novel)","Leonardo DiCaprio, Daniel York, Patcharawan Patarakijjanon, Virginie Ledoyen","English, French, Swedish, Thai, Serbian","USA, UK",43,6.6,203902,tt0163978,20th Century Fox,FALSE,notalk,53816800,53816800,67645419,0.759229535,76777754767656777235777775766655777773435677776344332443465775334443437437367676354743466
The Best Exotic Marigold Hotel,2011,5/25/2012,2.066666667,Comedy,"Comedy, Drama, Romance",PG-13,John Madden,"Ol Parker (screenplay), Deborah Moggach (novel)","Judi Dench, Tom Wilkinson, Patrick Pearson, Hugh Dickson","English, Hindi","UK, USA, United Arab Emirates",62,7.3,84510,tt1412386,20th Century Fox,TRUE,ok,48039108,139537943,10356908,0.706411699,7374223574556563673375775757777577536777777753434154455423233547546767277777765634575735166715755644166747600554437751343217772
The Big Lebowski,1998,3/6/1998,1.95,Comedy,"Comedy, Crime",R,"Joel Coen, Ethan Coen","Ethan Coen, Joel Coen","Jeff Bridges, John Goodman, Julianne Moore, Steve Buscemi","English, German, Hebrew, Spanish","USA, UK",71,8.1,643769,tt0118715,Gramercy Pictures,FALSE,notalk,25008106,66011004,21436985,0.926339286,76777777773434757777777774437777777777777777777777777777777565475777777767777777755777677777777765776777644557777777775777777771
The Blair Witch Project,1999,7/30/1999,1.35,Horror/Thriller,"Horror, Mystery",R,NA,NA,"Heather Donahue, Joshua Leonard, Michael C. Williams, Bob Griffin",English,USA,81,6.4,212712,tt0185937,Artisan Pictures,TRUE,ok,196538593,347238122,839077,0.50058072,224313243122033435233244433304454434345446432322433423434244343343445434465443334533344463644443544255554343334254233354355
The Blind Side,2009,11/20/2009,2.15,Drama,"Biography, Drama, Sport",PG-13,John Lee Hancock,"John Lee Hancock, Michael Lewis (book)","Sandra Bullock, Tim McGraw, Quinton Aaron, Jae Head",English,USA,53,7.7,259889,tt0878804,Warner Bros. Pictures,FALSE,men,277903289,331914441,38000606,0.505668934,017777643362571166443314223126300007610246673153343410001455734434202000045765345315665764754520033530357743475324477543451510
The Boondock Saints,1999,11/19/1999,1.8,Action,"Action, Crime, Thriller",R,Troy Duffy,Troy Duffy,"Willem Dafoe, Sean Patrick Flanery, Norman Reedus, David Della Rocco","English, Spanish, Papiamento, Russian, Latin","USA, Canada",44,7.8,214193,tt0144117,Indican,FALSE,nowomen,42613,575990,9789234,0.969486824,7777777777777777777777777777777777777777777777777777777667777757434777757777777777777777777777777777771
The Boondock Saints II: All Saints Day,2009,12/11/2009,1.966666667,Action,"Action, Crime, Thriller",R,Troy Duffy,"Troy Duffy (screenplay), Troy Duffy (story), Taylor Duffy (story)","Sean Patrick Flanery, Norman Reedus, Billy Connolly, Clifton Collins Jr.","English, Italian, Spanish",USA,24,6.3,57839,tt1300851,Apparition,FALSE,nowomen,11153924,11153924,8685853,0.794745484,777752432377777777665677752777547771377776447777567743105345467776544467535646777767477
The Bourne Identity,2002,6/14/2002,1.983333333,Action,"Action, Mystery, Thriller",PG-13,Doug Liman,"Tony Gilroy (screenplay), W. Blake Herron (screenplay), Robert Ludlum (novel)","Matt Damon, Franka Potente, Chris Cooper, Clive Owen","English, French, German, Dutch, Italian","USA, Germany, Czech Republic",68,7.9,467233,tt0258463,Universal Pictures,FALSE,notalk,157324072,276261727,77710753,0.746031746,777754477545744343543475476433357634434367477766745777775474433777367773
The Bourne Supremacy,2004,7/23/2004,1.8,Action,"Action, Mystery, Thriller",PG-13,Paul Greengrass,"Robert Ludlum (novel), Tony Gilroy (screenplay)","Matt Damon, Franka Potente, Brian Cox, Julia Stiles","English, Russian, German, Italian","USA, Germany",73,7.8,400304,tt0372183,Universal Pictures,FALSE,men,217149789,355883988,104821395,0.628180039,33543354655634443556451002577777647313525444434777756745443466347535353323354344474653445256553100457777764622352634443577765773552456535744444330
The Box,2009,11/6/2009,1.916666667,Drama,"Drama, Fantasy, Mystery, Sci-Fi, Thriller",PG-13,Richard Kelly,"Richard Kelly (screenplay), Richard Matheson (short story ""Button,  Button"")","Cameron Diaz, James Marsden, Frank Langella, James Rebhorn",English,USA,47,5.6,83814,tt0362478,Warner Bros. Pictures,TRUE,ok,16342407,28600229,27143290,0.615902965,4442324354237753533636530124343534577124634133443434455420342777777753343347775366235646774757666572243673
The Bridges of Madison County,1995,6/2/1995,2.25,Drama,"Drama, Romance",PG-13,Clint Eastwood,"Richard LaGravenese (screenplay), Robert James Waller (novel)","Clint Eastwood, Meryl Streep, Annie Corley, Victor Slezak",English,USA,66,7.6,63860,tt0112579,Warner Bros.,TRUE,ok,109333135,268326198,33633148,0.479452055,4332023434343443203433434334433434343434434344344333434443444344233434273
The Brothers Bloom,2008,6/19/2009,1.9,Action,"Action, Adventure, Comedy, Crime, Drama, Romance",PG-13,Rian Johnson,Rian Johnson,"Rachel Weisz, Adrien Brody, Mark Ruffalo, Rinko Kikuchi","English, French, Czech, Japanese",USA,55,6.8,45839,tt0844286,Summit Entertainment,FALSE,dubious,3822265,5986778,21645126,0.611344538,7777745777742777740022413457573240502675757623344445324467740020572377776467777157776200233253657623223056666674242554254065677101117510
The Bucket List,2007,1/11/2008,1.616666667,Comedy,"Adventure, Comedy, Drama",PG-13,Rob Reiner,Justin Zackham,"Jack Nicholson, Morgan Freeman, Sean Hayes, Beverly Todd",English,USA,42,7.4,210180,tt0825232,Warner Bros. Pictures,FALSE,notalk,105013679,195845194,50559457,0.897402597,77777777735537777755247777777766773357777777777777777754377675755677775777777777777777777777764155777745767773
The Butterfly Effect,2004,1/23/2004,1.883333333,Drama,"Drama, Sci-Fi, Thriller",R,"Eric Bress, J. Mackye Gruber","J. Mackye Gruber, Eric Bress","Ashton Kutcher, Melora Walters, Amy Smart, Elden Henson",English,"USA, Canada",30,7.7,410901,tt0289879,New Line Cinema,FALSE,men,71432302,118444284,16031507,0.704851752,53301655434663555674476575414465656534747656356434447773547754463445745766766657745243443666543654667776464320365525474464576367567342446664644556756536534355775356773554435654775775756764433443476643564476777551
The Cabin in the Woods,2011,4/13/2012,1.583333333,Comedy,"Comedy, Horror",R,Drew Goddard,"Joss Whedon, Drew Goddard","Kristen Connolly, Chris Hemsworth, Anna Hutchison, Fran Kranz","English, Japanese",USA,72,7,330870,tt1259521,Lionsgate Films,FALSE,dubious,43574905,73293915,31070724,0.641558442,7550246774355372354676223315654666763764356536646606231
The Cable Guy,1996,6/14/1996,1.6,Comedy,"Comedy, Drama, Thriller",PG-13,Ben Stiller,Lou Holtz Jr.,"Jim Carrey, Matthew Broderick, Leslie Mann, Jack Black","English, French",USA,56,6.1,138458,tt0115798,Sony Pictures Home Entertainment,FALSE,notalk,89466773,152713266,69802752,0.864145658,776777577777557777747777744467676657777777764357767577757755453677647777773454667673456657777675557773
The Cell,2000,8/18/2000,1.783333333,Horror/Thriller,"Horror, Sci-Fi, Thriller",R,Tarsem Singh,Mark Protosevich,"Jennifer Lopez, Colton James, Dylan Baker, Marianne Jean-Baptiste",English,"USA, Germany",40,6.3,88293,tt0209958,New Line Cinema,FALSE,men,82907528,116230018,47351793,0.541071429,1301342000007777577777677145367523424174343343463522764333347214672352034604334213022420000177775777776770454666233332734334344635137552342562237714510355043342
"The Chronicles of Narnia: The Lion, the Witch and the Wardrobe",2005,12/9/2005,2.383333333,Other,"Adventure, Family, Fantasy",PG,Andrew Adamson,"Ann Peacock (screenplay), Andrew Adamson (screenplay), Christopher Markus (screenplay), Stephen McFeely (screenplay), C.S. Lewis (book)","Georgie Henley, Skandar Keynes, William Moseley, Anna Popplewell","English, German, Brazilian Sign Language","USA, UK",75,6.9,331570,tt0363771,Buena Vista,TRUE,ok,348020836,893351507,214745963,0.569642857,52424443444434455434324456764454243545255444226745424414454436544545532062455345
The Client,1994,7/20/1994,1.983333333,Drama,"Crime, Drama, Mystery",PG-13,Joel Schumacher,"John Grisham (novel), Akiva Goldsman (screenplay), Robert Getchell (screenplay)","Susan Sarandon, Tommy Lee Jones, Mary-Louise Parker, Anthony LaPaglia",English,USA,65,6.7,53238,tt0109446,Warner Home Video,TRUE,ok,144774225,184851675,70724911,0.400560224,677734756422510434731100711411241345630300014111000
The Counsellor,2013,10/25/2013,1.95,Drama,"Crime, Drama, Thriller",R,Ridley Scott,Cormac McCarthy,NA,"English, Spanish, Dutch","UK, USA",48,5.3,90634,tt2193215,Fox Films,TRUE,ok,16973715,70373715,25000000,0.774891775,276576607773457477777457776677320
The Craft,1996,5/3/1996,1.683333333,Drama,"Drama, Fantasy, Horror, Thriller",R,Andrew Fleming,"Peter Filardi (story), Peter Filardi (screenplay), Andrew Fleming (screenplay)","Robin Tunney, Fairuza Balk, Neve Campbell, Rachel True","English, French",USA,NA,6.3,66614,tt0115963,Sony Pictures Home Entertainment,TRUE,ok,36786742,82678338,22277474,0.123015873,222200201011100220130000013050000000
The Crazies,2010,2/26/2010,1.683333333,Horror/Thriller,"Horror, Thriller",R,Breck Eisner,"Scott Kosar (screenplay), Ray Wright (screenplay), George A. Romero","Timothy Olyphant, Radha Mitchell, Joe Anderson, Danielle Panabaker",English,"USA, United Arab Emirates",55,6.5,103011,tt0455407,Overture Films,TRUE,ok,41793064,58705899,20296405,0.722567288,757750145246777774757544677777156647557646354264334456556755777545131
The Croods,2013,3/22/2013,1.633333333,Action,"Animation, Action, Adventure, Comedy, Family, Fantasy",PG,"Kirk DeMicco, Chris Sanders","Chris Sanders (screenplay), Kirk DeMicco (screenplay), John Cleese (story), Kirk DeMicco (story), Chris Sanders (story)","Nicolas Cage, Emma Stone, Ryan Reynolds, Catherine Keener",English,USA,55,7.2,173278,tt0481499,20th Century Fox,FALSE,men,187168425,573068425,135000000,0.669254658,05746462263445554346543325457564446534346453475644366773575565666544135745277777546447745620
The Crying Game,1992,2/19/1993,1.866666667,Drama,"Crime, Drama, Romance, Thriller",R,Neil Jordan,Neil Jordan,"Forest Whitaker, Miranda Richardson, Stephen Rea, Adrian Dunbar",English,"UK, Japan, USA",90,7.3,46665,tt0104036,Live Home Video,FALSE,men,103849232,103849232,6641389,0.934453782,644554547756767777777777777777777777736777667777777777777777777777777777777777777777777777777777777777777775324237644775767752447777777746777777777756776567777764455454775676777777777777777777777773677766777777777777777777777777777777777777777777777777777
The Curious Case of Benjamin Button,2008,12/25/2008,2.766666667,Drama,"Drama, Fantasy, Romance",PG-13,David Fincher,"Eric Roth (screenplay), Eric Roth (story), Robin Swicord (story), F. Scott Fitzgerald (short story)","Cate Blanchett, Brad Pitt, Julia Ormond, Faune Chambers Watkins","English, Russian, French",USA,70,7.8,527517,tt0421715,Paramount,FALSE,dubious,137997773,356938225,173161010,0.444720497,0013016222331267766777304100343527776317755034145374115310012777730420101577765222147777113101103420220331010232012
The Dark Knight,2008,7/18/2008,2.533333333,Action,"Action, Crime, Drama, Thriller",PG-13,Christopher Nolan,"Jonathan Nolan (screenplay), Christopher Nolan (screenplay), Christopher Nolan (story), David S. Goyer (story), Bob Kane (characters)","Christian Bale, Heath Ledger, Aaron Eckhart, Michael Caine","English, Mandarin","USA, UK",84,9,2005606,tt0468569,Warner Bros. Pictures/Legendary,FALSE,dubious,577216380,1085385502,200217418,0.866106443,777774576677755747777745354677777777777777745465776735764564577577773347754764336757777775744514777777776777777777767777046677777776777777777646757777466577776544447777777777777777346657766367545655775777624577457633377577777756454067777777767777777777677
The Dark Knight Rises,2012,7/20/2012,2.733333333,Action,"Action, Thriller",PG-13,Christopher Nolan,"Jonathan Nolan (screenplay), Christopher Nolan (screenplay), Christopher Nolan (story), David S. Goyer (story), Bob Kane (characters)","Christian Bale, Gary Oldman, Tom Hardy, Joseph Gordon-Levitt","English, Arabic","UK, USA",78,8.4,1352041,tt1345836,Warner Bros. Pictures,FALSE,notalk,454699213,1095143990,279025606,0.823732719,7776764367777743147777777477772234317777777675344477777765457777345623436765567757777777777557757777671337667677557567657746
The Debt,2010,8/31/2011,1.883333333,Drama,"Drama, Thriller",R,John Madden,"Matthew Vaughn (screenplay), Jane Goldman (screenplay), Peter Straughan (screenplay), Assaf Bernstein (film ""Ha-Hov""), Ido Rosenblum (film ""Ha-Hov"")",NA,"English, German, Russian","USA, UK, Hungary, Israel",65,6.9,60112,tt1226753,Focus Features,TRUE,ok,33304850,49783934,21364637,0.610766046,122034447635356744453555313455657577365375567774553433241443544235434
The Deer Hunter,1978,2/23/1979,3.05,Drama,"Drama, War",R,Michael Cimino,"Michael Cimino (story), Deric Washburn (story), Louis Garfinkle (story), Quinn K. Redeker (story), Deric Washburn (screenplay)","Robert De Niro, John Cazale, John Savage, Christopher Walken","English, Russian, Vietnamese, French","USA, UK",86,8.1,278676,tt0077416,Universal Pictures,FALSE,notalk,178535299,178535299,53560590,0.896978022,77772577777345557777777777777777777777777777777426777777333437777777773417777547777777775477777777777764
The Departed,2006,10/6/2006,2.516666667,Drama,"Crime, Drama, Thriller",R,Martin Scorsese,"William Monahan (screenplay), Alan Mak, Felix Chong","Leonardo DiCaprio, Matt Damon, Jack Nicholson, Mark Wahlberg","English, Cantonese","USA, Hong Kong",85,8.5,1044531,tt0407887,Warner Bros. Pictures,FALSE,notalk,154080367,335803963,104021671,0.8767507,777775777777777747477776564373445777776777777777777777777753443453577777774434677773663467777777776334677777777467777777777777775747777777677444677777777777757777777776565777756544643467777767777777777777777777434434446777777734347777637534777777777753347
The Descent,2005,8/4/2006,1.65,Horror/Thriller,"Adventure, Horror, Thriller",R,Neil Marshall,Neil Marshall,"Shauna Macdonald, Natalie Mendoza, Alex Reid, Saskia Mulder",English,UK,71,7.2,180679,tt0435625,Lionsgate,TRUE,ok,31048038,68038213,8351232,0.004464286,1100000000000000000000000000000000000000000000000000000000000000
The Devil Wears Prada,2006,6/30/2006,1.816666667,Comedy,"Comedy, Drama",PG-13,David Frankel,"Aline Brosh McKenna (screenplay), Lauren Weisberger (novel)","Meryl Streep, Anne Hathaway, Emily Blunt, Stanley Tucci","English, French","USA, France",62,6.9,330051,tt0458352,20th Century Fox,TRUE,ok,144174568,377426561,40452872,0.259441708,101000032142000003320012442155421241433102100100306250050024200004615225323154011320310
The Devil's Advocate,1997,10/17/1997,2.4,Drama,"Drama, Mystery, Thriller",R,Taylor Hackford,"Andrew Neiderman (novel), Jonathan Lemkin (screenplay), Tony Gilroy (screenplay)","Keanu Reeves, Al Pacino, Charlize Theron, Jeffrey Jones","English, German, Italian, Mandarin, Spanish","USA, Germany",60,7.5,296076,tt0118971,Warner Home Video,TRUE,ok,88536300,222050207,82720573,0.749579832,312576455446353565575333777777761265667777777622433434335366756771343437774777774147667465757753477777776634336763357776667777756776566530377544554544376377431677777773147467777777733333434343356774774243435776577777135757655675773457777777644433774427777
The Devil's Rejects,2005,7/22/2005,1.783333333,Horror/Thriller,"Crime, Horror",R,Rob Zombie,"Rob Zombie, Rob Zombie (characters)","Sid Haig, Bill Moseley, Sheri Moon Zombie, William Forsythe","English, Spanish","USA, Germany",53,6.9,84774,tt0395584,Lions Gate Films,TRUE,ok,20335227,24982624,8351232,0.757142857,775245451557774332335754655467766544277730057766554677677777677776777777015677757465654472
The English Patient,1996,12/6/1996,2.7,Drama,"Drama, Romance, War",R,Anthony Minghella,"Michael Ondaatje (novel), Anthony Minghella (screenplay)","Ralph Fiennes, Juliette Binoche, Willem Dafoe, Kristin Scott Thomas","English, German, Italian, Arabic","USA, UK",87,7.4,162605,tt0116209,Miramax Films,TRUE,ok,116906798,344137032,51980772,0.666149068,0423577525673620244355547223643377777743344422340356533436774442577675457555576777777657543404235775256736202443555472236433777777433444223403565334367744425776754575555767777776575434
The Exorcist,1973,12/26/1973,2.033333333,Horror/Thriller,Horror,R,William Friedkin,"William Peter Blatty (written for the screen by), William Peter Blatty (novel)","Ellen Burstyn, Max von Sydow, Lee J. Cobb, Kitty Winn","English, Latin, Greek, French, German, Arabic, Kurdish",USA,82,8,324222,tt0070047,Warner Bros. Pictures,TRUE,ok,1074306128,2111900435,62926730,0.500736377,7233321000066000000000501536543365410624633424004334677753221013434334654475445674777777777754012
The Expendables,2010,8/13/2010,1.716666667,Action,"Action, Adventure, Thriller",R,Sylvester Stallone,"Dave Callaham (screenplay), Sylvester Stallone (screenplay), Dave Callaham (story)","Sylvester Stallone, Jason Statham, Jet Li, Dolph Lundgren","English, Spanish",USA,45,6.5,302289,tt1320253,Lionsgate Films,FALSE,notalk,110101079,286572606,87595011,0.891855808,77777777777635545477777777777777777777777777776614643654434646467777774776777777777777775677667777755667673
The Expendables 2,2012,8/17/2012,1.716666667,Action,"Action, Adventure, Thriller",R,Simon West,"Richard Wenk (screenplay), Sylvester Stallone (screenplay), Ken Kaufman (story), David Agosto (story), Richard Wenk (story), Dave Callaham (characters)","Sylvester Stallone, Jason Statham, Jet Li, Dolph Lundgren",English,"USA, Germany",51,6.6,272946,tt1764651,Lionsgate,TRUE,ok,86272883,316546185,101463857,0.874200426,7777777777777777777765343577777776444554446577777577457367657776776
The Faculty,1998,12/25/1998,1.733333333,Horror/Thriller,"Horror, Sci-Fi",R,Robert Rodriguez,"David Wechter (story), Bruce Kimmel (story), Kevin Williamson (screenplay)","Jordana Brewster, Clea DuVall, Laura Harris, Josh Hartnett",English,USA,61,6.5,101867,tt0133751,Miramax,FALSE,dubious,57570196,57570196,21436985,0.337386018,12202554314007466001025240220133326453223201100
The Family,2013,9/13/2013,1.85,Comedy,"Comedy, Crime, Thriller",R,Luc Besson,"Luc Besson (screenplay), Michael Caleo (screenplay), Tonino Benacquista (based on the book by)","Robert De Niro, Michelle Pfeiffer, Dianna Agron, John D'Leo","English, French, Italian","USA, France",42,6.3,100967,tt2404311,Relativity Media,FALSE,men,36918811,51078541,30000000,0.73156682,3324544344755455677777733355677734543423337437777337776440034354577777726744576447777777775244777765433446777656564556375575
The Fast and the Furious,2001,6/22/2001,1.766666667,Action,"Action, Crime, Thriller",PG-13,Rob Cohen,"Ken Li (magazine article ""Racer X""), Gary Scott Thompson (screen story), Gary Scott Thompson (screenplay), Erik Bergquist (screenplay), David Ayer (screenplay)","Paul Walker, Vin Diesel, Michelle Rodriguez, Jordana Brewster","English, Spanish","USA, Germany",58,6.8,313463,tt0232500,Universal Pictures,FALSE,notalk,190155939,271738388,50002146,0.857142857,7435677777775776776476457777777332577777754665477667
The Fifth Element,1997,5/9/1997,2.1,Action,"Action, Adventure, Sci-Fi",PG-13,Luc Besson,"Luc Besson (screenplay by), Robert Mark Kamen (screenplay by), Luc Besson (story by)","Bruce Willis, Gary Oldman, Ian Holm, Milla Jovovich","English, Swedish, German, Arabic, Egyptian (Ancient)",France,52,7.7,392404,tt0119116,Sony Pictures Home Entertainment,FALSE,notalk,92256459,382981741,137867622,0.900246305,77777777777777777777777656477755777666676777777777777776777674756475764434667577763576754457767767777775677757753567
The Fifth Estate,2013,10/18/2013,2.133333333,Drama,"Biography, Drama, Thriller",R,Bill Condon,"Daniel Domscheit-Berg (book), David Leigh (book), Luke Harding (book), Josh Singer (screenplay by)","Peter Capaldi, David Thewlis, Anatole Taubman, Alexander Beyer","English, Icelandic, Swahili, Arabic","USA, India, Belgium",49,6.2,35464,tt1837703,Walt Disney Pictures,FALSE,notalk,3254172,6154172,26000000,0.83312263,73634776777777777777574675347777777774477777544433736757733760254577742677777753765733777777775757777755757547774
The Fighter,2010,12/17/2010,1.933333333,Drama,"Biography, Drama, Sport",R,David O. Russell,"Scott Silver (screenplay), Paul Tamasy (screenplay), Eric Johnson (screenplay), Paul Tamasy (story), Eric Johnson (story), Keith Dorrington (story)","Mark Wahlberg, Christian Bale, Amy Adams, Melissa Leo",English,USA,79,7.8,309668,tt0964517,Paramount Pictures,FALSE,men,100004670,138082199,11750550,0.660349854,76525643354345777654337676756767766654324343330135232676365243736554621226775544577433455734656661
The Fog,2005,10/14/2005,1.666666667,Horror/Thriller,Horror,PG-13,Rupert Wainwright,"Cooper Layne (screenplay), John Carpenter, Debra Hill","Tom Welling, Maggie Grace, Selma Blair, DeRay Davis",English,USA,27,3.6,32511,tt0432291,Sony Pictures Classics,TRUE,ok,35207734,44200119,21474596,0.482539683,643222242646512015454433343533641126501345562
The Fourth Kind,2009,11/6/2009,1.633333333,Horror/Thriller,"Mystery, Sci-Fi, Thriller",PG-13,Olatunde Osunsanmi,"Olatunde Osunsanmi (screenplay), Olatunde Osunsanmi (story), Terry Robbins (story)","Milla Jovovich, Will Patton, Hakeem Kae-Kazim, Corey Johnson","English, Aboriginal","USA, UK",34,5.9,69129,tt1220198,Universal Pictures,TRUE,ok,28465896,53729463,10857316,0.481049563,54423511343300134313341442752444434122325543320101355667133552331435654226654455523453312334466541
The French Connection,1971,10/9/1971,1.733333333,Action,"Action, Crime, Drama, Thriller",R,William Friedkin,"Ernest Tidyman (screenplay by), Robin Moore (based on the book by)","Gene Hackman, Fernando Rey, Roy Scheider, Tony Lo Bianco","English, French",USA,96,7.8,96859,tt0067116,20th Century Fox,FALSE,notalk,236848653,236848653,12659931,0.942028986,777777776357777777777777774645646777767777777777775777777477777777777777777775457777777777777774636547777767777777777775777776577777777775
The Fugitive,1993,8/6/1993,2.166666667,Action,"Action, Crime, Drama, Mystery, Thriller",PG-13,Andrew Davis,"Jeb Stuart (screenplay), David Twohy (screenplay), David Twohy (story), Roy Huggins (characters)","Harrison Ford, Tommy Lee Jones, Sela Ward, Julianne Moore","English, Polish, Spanish",USA,87,7.8,239806,tt0106977,Warner Bros. Pictures,FALSE,men,296492106,570351412,70948192,0.868071819,776347763777577777777766764766747777776677764533353374777757767777655767427646767777777777777733777367757777777776676566674777777667777354235436477775776777765576743664676777777777772
The Game,1997,9/12/1997,2.15,Drama,"Drama, Mystery, Thriller",R,David Fincher,"John Brancato, Michael Ferris","Michael Douglas, Sean Penn, Deborah Kara Unger, James Rebhorn","English, Cantonese, German",USA,61,7.8,308573,tt0119174,Universal Pictures,FALSE,notalk,70044851,70044851,72561906,0.722878625,5634777777667443447777677777776477773245355433434454333434433677557775647777777774434433323313245527777756557777776442433344564764342
The Girl with the Dragon Tattoo,2011,12/21/2011,2.633333333,Drama,"Crime, Drama, Mystery, Thriller",R,David Fincher,"Steven Zaillian (screenplay by), Stieg Larsson (novel)",NA,English,"USA, Sweden, Norway",71,7.8,380476,tt1568346,Sony Pictures,FALSE,notalk,106174662,241492267,93212171,0.69213732,743752454357777777754777677765443463434733435436753273302337777775644243633153436664245357653773777777767774445735544316634523334
The Godfather,1972,3/24/1972,2.916666667,Drama,"Crime, Drama",R,Francis Ford Coppola,"Mario Puzo (screenplay by), Francis Ford Coppola (screenplay by), Mario Puzo (based on the novel by)","Marlon Brando, Al Pacino, James Caan, Richard S. Castellano","English, Italian, Latin",USA,100,9.2,1397893,tt0068646,Paramount Pictures,FALSE,notalk,752051643,1496119403,39004975,0.872491145,7776775534447766777777777635764666775767777777777773664446777777777776442375355777777777777777777777337777777277766777133
The Godfather: Part II,1974,12/20/1974,3.366666667,Drama,"Crime, Drama",R,Francis Ford Coppola,"Francis Ford Coppola (screenplay by), Mario Puzo (screenplay by), Mario Puzo (based on the novel by)","Al Pacino, Robert Duvall, Diane Keaton, Robert De Niro","English, Italian, Spanish, Latin, Sicilian",USA,90,9,965569,tt0071562,Paramount Pictures,TRUE,ok,270669505,270669505,61408439,0.844897959,77612312757775467644677336776256777777777777777655777755436777776677774567772377777777777777774677777777777377777777754433532577777765154672
The Good Girl,2002,8/30/2002,1.55,Drama,"Drama, Romance",R,Miguel Arteta,Mike White,"Jennifer Aniston, Deborah Rush, Mike White, John Carroll Lynch",English,"USA, Germany, Netherlands",71,6.4,40917,tt0279113,N/A,TRUE,ok,18156206,21831701,10361434,0.422119816,02354330313344432332135224343344334135434143334433334312413434102443452424341004443413033434324240335134343344332344432343334424334213233433004444352334330
The Great Gatsby,2013,5/10/2013,2.383333333,Drama,"Drama, Romance",PG-13,Baz Luhrmann,"Baz Luhrmann (screenplay), Craig Pearce (screenplay), F. Scott Fitzgerald (based on the novel by)","Lisa Adam, Frank Aldridge, Amitabh Bachchan, Steve Bisley",English,"Australia, USA",55,7.3,423309,tt1343092,Warner Bros. Pictures,FALSE,dubious,144840419,351040419,190000000,0.790816327,77777774433163352777654254236774644566435777777777777531125777773456765535355577755474656677777677435465665574445775756777577777777776677365
The Green Mile,1999,12/10/1999,3.15,Drama,"Crime, Drama, Fantasy, Mystery",R,Frank Darabont,"Stephen King (novel), Frank Darabont (screenplay)","Tom Hanks, David Morse, Bonnie Hunt, Michael Clarke Duncan","English, French",USA,61,8.5,974980,tt0120689,Warner Bros. Pictures,FALSE,notalk,191311527,406534833,83907722,0.893442623,73357777777677774367777777777777777777667777535767677777777777777777777777665567777777777766254467777775443367777556544356
The Grey,2011,1/27/2012,1.95,Action,"Action, Adventure, Drama, Thriller",R,Joe Carnahan,"Joe Carnahan (screenplay), Ian Mackenzie Jeffers (screenplay), Ian Mackenzie Jeffers (short story ""Ghost Walker"")","Liam Neeson, Frank Grillo, Dermot Mulroney, Dallas Roberts","English, Spanish",USA,64,6.8,225033,tt1601913,Open Road Films,FALSE,nowomen,52335195,85574308,25365964,0.993855607,777777777777777777777777777777777777777777777777777777777777777777777777777777777777777777773
The Grudge,2004,10/22/2004,1.516666667,Horror/Thriller,"Horror, Mystery, Thriller",PG-13,Takashi Shimizu,"Stephen Susco (screenplay), Takashi Shimizu (film ""Ju-On: The Grudge"")","Sarah Michelle Gellar, Jason Behr, William Mapother, Clea DuVall","English, Japanese","USA, Japan",49,5.9,128591,tt0391198,Sony Pictures Entertainment,TRUE,ok,136094379,230953737,12331929,0.388198758,23346010000001117777153443276644323000000372333335401000000212777623533436755331300000057141
The Guard,2011,7/7/2011,1.6,Comedy,"Comedy, Crime, Thriller",R,John Michael McDonagh,John Michael McDonagh,"Ronan Collins, Paraic Nialand, John Patrick Beirne, Liam O'Conghaile","English, Irish",Ireland,78,7.3,74015,tt1540133,Sony Pictures Classics,FALSE,notalk,5551069,16513705,6214145,0.893203883,7777777715777777777777777777777745567774665443567777777777777763346467556777773533677777777775777777775
The Hangover,2009,6/5/2009,1.666666667,Comedy,Comedy,R,Todd Phillips,"Jon Lucas, Scott Moore","Bradley Cooper, Ed Helms, Zach Galifianakis, Justin Bartha",English,"USA, Germany",73,7.7,656156,tt1119646,Warner Bros. Pictures,FALSE,notalk,301097804,509809040,38000606,0.573669468,154652024756753545457534554544545463546224345442544412313444342244535354444434025656474566133343434656345554334355563045354615233553365440137657545453576345544545454644461343454425443233123453422454353454354341155655655563143424536465346452444455550264436
The Haunting,1999,7/23/1999,1.883333333,Horror/Thriller,"Fantasy, Horror, Mystery, Thriller",PG-13,Jan de Bont,"David Self (screenplay), Shirley Jackson (novel)","Liam Neeson, Catherine Zeta-Jones, Owen Wilson, Lili Taylor",English,USA,42,4.9,65667,tt0171363,DreamWorks SKG,TRUE,ok,127524221,251987342,111876962,0.396565183,137773431231000000000365525245267310331352343143431335530000003412342337320655524441235510422677434213200000000025554423634742014134344223334223544100000233125333543046463254222462032
The Help,2011,8/10/2011,2.433333333,Drama,Drama,PG-13,Tate Taylor,"Tate Taylor (screenplay), Kathryn Stockett (novel)","Emma Stone, Viola Davis, Bryce Dallas Howard, Octavia Spencer",English,"USA, India, United Arab Emirates",62,8.1,383404,tt1454029,DreamWorks Studios,TRUE,ok,175762513,220726425,25892270,0.096136568,000634000000000000004000000003110000001400000000000000000000000000000202450220000000143434000300000000010000014000001021120151000000004441004310000000000000000
The Hitchhiker's Guide to the Galaxy,2005,4/29/2005,1.816666667,Comedy,"Adventure, Comedy, Sci-Fi",PG,Garth Jennings,"Douglas Adams (book), Douglas Adams (screenplay), Karey Kirkpatrick (screenplay)","Bill Bailey, Anna Chancellor, Warwick Davis, Yasiin Bey",English,"UK, USA",63,6.8,174656,tt0371724,Buena Vista,FALSE,notalk,60867491,124098247,53686491,0.839975475,67777777777777777777777774343677777464775534214111577757675777777777577777777536655777677777777763367546776543253666677777777777777777777777753345777775556756333131214777666766777777775777777776356557776777777777733575467765532436662
The Hudsucker Proxy,1994,3/11/1994,1.85,Comedy,"Comedy, Drama, Fantasy",PG,"Joel Coen, Ethan Coen","Ethan Coen, Joel Coen, Sam Raimi","Tim Robbins, Jennifer Jason Leigh, Paul Newman, Charles Durning","English, Finnish","UK, Germany, USA",53,7.3,71802,tt0110074,Warner Home Video,FALSE,notalk,4426622,23477761,62866588,0.776785714,777777777777777777733777444344653302444443444454357543334376777763336777776536774267777777777775
The Hunger Games,2012,3/23/2012,2.366666667,Action,"Action, Adventure, Sci-Fi, Thriller",PG-13,Gary Ross,"Gary Ross (screenplay), Suzanne Collins (screenplay), Billy Ray (screenplay), Suzanne Collins (novel)","Stanley Tucci, Wes Bentley, Jennifer Lawrence, Willow Shields",English,USA,68,7.2,783752,tt1392170,Lionsgate,TRUE,ok,413983383,694530947,81171085,0.479935795,33443100101111001371455701343444445776546765445743677100631106450133444443124634244144353
The Hunt for Red October,1990,3/2/1990,2.25,Action,"Action, Adventure, Thriller",PG,John McTiernan,"Tom Clancy (novel), Larry Ferguson (screenplay), Donald E. Stewart (screenplay)","Sean Connery, Alec Baldwin, Scott Glenn, Sam Neill","English, Russian",USA,58,7.6,161494,tt0099810,Paramount Pictures,FALSE,notalk,215222722,357486568,53489262,0.984285714,7645367777777777777777777777777777777777777777777777777777777777777777777777777777777777777777777777
The Hurt Locker,2008,7/31/2009,2.183333333,Drama,"Drama, Thriller, War",R,Kathryn Bigelow,Mark Boal,"Jeremy Renner, Anthony Mackie, Brian Geraghty, Guy Pearce","English, Arabic",USA,94,7.6,384303,tt0887912,Summit Entertainment,FALSE,notalk,18417633,53998338,16233845,0.990147783,777777776777777766777777777777677777777777777777777777777777777777777777777777777777775
The Illusionist,2006,9/1/2006,1.833333333,Drama,"Drama, Mystery, Romance, Thriller",PG-13,Neil Burger,"Neil Burger (screenplay), Steven Millhauser (short story ""Eisenheim the Illusionist"")","Edward Norton, Paul Giamatti, Jessica Biel, Rufus Sewell",English,"USA, Czech Republic",68,7.6,332948,tt0443543,Yari Film Group,FALSE,nowomen,46080031,96846559,19070640,0.880519481,77777775472437777777777674566777777777433434766754773444377764467777777777777777767777777747777777467777777762
The Imaginarium of Doctor Parnassus,2009,1/8/2010,2.05,Comedy,"Adventure, Comedy, Fantasy, Mystery",PG-13,Terry Gilliam,"Terry Gilliam, Charles McKeown","Andrew Garfield, Christopher Plummer, Richard Riddell, Katie Lyons","English, Russian, French","UK, Canada, France, USA",65,6.8,136971,tt1054606,Sony Pictures Classics,FALSE,notalk,8348849,69869659,32571948,0.730964467,75547344664753103346777753347726672454567775776667720257577734434667776764353447774663554447777761657365427556560114357777733277447643455577757775677500566677453435677767744443467764735535467777732
The Incredible Hulk,2008,6/13/2008,1.866666667,Action,"Action, Adventure, Sci-Fi",PG-13,Louis Leterrier,"Zak Penn (screenplay), Zak Penn (screen story), Stan Lee (Marvel comic book), Jack Kirby (Marvel comic book)","Edward Norton, Liv Tyler, Tim Roth, William Hurt","English, Portuguese, Spanish",USA,61,6.8,383915,tt0800080,Universal Pictures,FALSE,notalk,145895632,285085699,148810243,0.728937729,555755463337777777643443266766774551553
The Incredibles,2004,11/5/2004,1.916666667,Action,"Animation, Action, Adventure, Family",PG,Brad Bird,Brad Bird,"Craig T. Nelson, Holly Hunter, Samuel L. Jackson, Jason Lee","English, French",USA,90,8,580924,tt0317705,N/A,TRUE,ok,322407292,779510522,113453745,0.542568543,754477755344536435233375277777743433777743344355436764405200312411125211235320154513451023444433333
The Informant!,2009,9/18/2009,1.8,Comedy,"Biography, Comedy, Crime, Drama",R,Steven Soderbergh,"Scott Z. Burns (screenplay), Kurt Eichenwald (book)","Matt Damon, Lucas McHugh Carroll, Eddie Jemison, Rusty Schwimmer","English, German",USA,66,6.5,58866,tt1130080,Warner Bros. Pictures,FALSE,notalk,36173125,45352277,23886095,0.909584087,7666666665565777776677777777777777777777766765667777777647776666575577557775771
The Invention of Lying,2009,10/2/2009,1.666666667,Comedy,"Comedy, Fantasy, Romance",PG-13,"Ricky Gervais, Matthew Robinson","Ricky Gervais, Matthew Robinson","Ricky Gervais, Jennifer Garner, Jonah Hill, Louis C.K.",English,USA,58,6.4,104921,tt1058017,Warner Bros. Pictures,FALSE,men,20033106,35480909,20086035,0.751552795,3433554443476367374357757533477777776345777777777777777777344677754344457453433446774677674633444377777734454653433
The Iron Giant,1999,8/6/1999,1.433333333,Action,"Animation, Action, Adventure, Comedy, Drama, Family, Sci-Fi",PG,Brad Bird,"Tim McCanlies (screenplay by), Brad Bird (screen story by), Ted Hughes (based on the book ""The Iron Man"" by)","Jennifer Aniston, Harry Connick Jr., Vin Diesel, James Gammon",English,USA,85,8,153377,tt0129167,Warner Bros. Pictures,FALSE,nowomen,32387409,43819293,69923101,0.873015873,444537577473377577777745565736767777777777775577776577777777755455767777777277766
The Iron Lady,2011,1/13/2012,1.75,Drama,"Biography, Drama",PG-13,Phyllida Lloyd,Abi Morgan (screenplay),"Meryl Streep, Jim Broadbent, Susan Brown, Alice da Cunha",English,"UK, France",54,6.4,94190,tt1007029,The Weinstein Co.,TRUE,ok,31028712,119717677,14499671,0.356076759,3132035240013000000005436455201334502233255257333315415431223233300
The Island,2005,7/22/2005,2.266666667,Action,"Action, Adventure, Mystery, Romance, Sci-Fi, Thriller",PG-13,Michael Bay,"Caspian Tredwell-Owen (screenplay), Alex Kurtzman (screenplay), Roberto Orci (screenplay), Caspian Tredwell-Owen (story)","Ewan McGregor, Scarlett Johansson, Djimon Hounsou, Sean Bean",English,USA,50,6.9,284373,tt0399201,Dreamworks Distribution LLC,TRUE,ok,42733150,194486964,143163975,0.79109063,435477776577777777777777776377777577755643754343467777777666776655577446444234277435335332564
The Italian Job,2003,5/30/2003,1.85,Action,"Action, Crime, Thriller",PG-13,F. Gary Gray,"Troy Kennedy-Martin, Donna Powers (screenplay), Wayne Powers (screenplay)","Mark Wahlberg, Charlize Theron, Donald Sutherland, Jason Statham","English, Russian, Italian","USA, France, UK, Italy",68,7,316691,tt0317740,Paramount Pictures,FALSE,notalk,134364760,223164081,75965217,0.811138015,77345777777325347745444476775775767734347477774777777777571
The Jacket,2005,3/4/2005,1.716666667,Drama,"Drama, Fantasy, Mystery, Sci-Fi, Thriller",R,John Maybury,"Tom Bleecker (story), Marc Rocco (story), Massy Tadjedin (screenplay)","Adrien Brody, Keira Knightley, Kris Kristofferson, Jennifer Jason Leigh",English,"Germany, USA",44,7.1,102411,tt0366627,Warner Independent,FALSE,men,7517458,18435915,34001444,0.680758017,77532367667767577777433345447775255773577633463324334567742364334777773223367776523441443663156431
The Karate Kid,1984,6/22/1984,2.1,Action,"Action, Drama, Family, Sport",PG,John G. Avildsen,Robert Mark Kamen,"Ralph Macchio, Pat Morita, Elisabeth Shue, Martin Kove","English, Japanese",USA,60,7.2,153769,tt0087538,Columbia Pictures,TRUE,ok,395820224,804883755,89657760,0.735338346,27773655323352344633350277767746777777717777764777235232277772744774677777777643425413777577553
The King's Speech,2010,12/25/2010,1.966666667,Drama,"Biography, Drama, History",R,Tom Hooper,David Seidler (screenplay),"Colin Firth, Helena Bonham Carter, Derek Jacobi, Robert Portal",English,"UK, USA, Australia",88,8,579770,tt1504320,The Weinstein Company,TRUE,ok,148267855,460216888,16023478,0.874542125,464333644254777642477777777777777674557747777777777777777777777777777777777577777545755677777777777653453576773255454534267777777777646777777777777777757775
The Last Samurai,2003,12/5/2003,2.566666667,Action,"Action, Drama, History, War",R,Edward Zwick,"John Logan (story), John Logan (screenplay), Edward Zwick (screenplay), Marshall Herskovitz (screenplay)","Ken Watanabe, Tom Cruise, William Atherton, Chad Lindberg","English, Japanese","USA, New Zealand, Japan",55,7.7,362304,tt0325710,Warner Bros. Pictures,FALSE,nowomen,140675650,578361911,177252174,0.989583333,777777777777777777677777764777677777777777777777777777777777777777777777777777777777777777777777777777777777777777677777755776777777777777777777777777777777777777777777777777777777777777777775
The Last Station,2009,2/26/2010,1.866666667,Drama,"Biography, Drama, Romance",R,Michael Hoffman,"Michael Hoffman (screenplay), Jay Parini (based on the novel by)","Helen Mirren, Christopher Plummer, Paul Giamatti, James McAvoy",English,"UK, Germany, Russia",76,7,16727,tt0824758,Sony Pictures Classics,TRUE,ok,7185227,17041802,19543169,0.622061483,267777236577443765437333323333477534776236765251424334376343454651344436336677777344454342223347546764220474477541244316777724557754367452743332323437753477714576534233334337643345466134353542667777734544525132325655667331137537764114440
The Last Temptation of Christ,1988,9/9/1988,2.733333333,Drama,Drama,R,Martin Scorsese,"Nikos Kazantzakis (novel), Paul Schrader (screenplay)","Willem Dafoe, Harvey Keitel, Paul Greco, Steve Shill",English,"Canada, USA",80,7.6,45482,tt0095497,Universal Pictures,FALSE,men,16493007,16493007,13787529,0.869458128,7527743377777767777777735777765777777667777777755344455775
The Life Aquatic with Steve Zissou,2004,12/25/2004,1.983333333,Action,"Action, Adventure, Comedy, Drama, Romance",R,Wes Anderson,"Wes Anderson, Noah Baumbach","Bill Murray, Owen Wilson, Cate Blanchett, Anjelica Huston","English, Icelandic, Filipino, Portuguese, French, Tagalog, German, Italian",USA,62,7.3,162853,tt0362270,Empire Pictures,FALSE,men,29604924,42923407,61659644,0.828789531,77777776467767775677777765776254244334457756777774546464577767566754435777754576677767677763435765444577766350377777777777777766554
The Lincoln Lawyer,2011,3/18/2011,1.966666667,Drama,"Crime, Drama, Thriller",R,Brad Furman,"John Romano (screenplay), Michael Connelly (novel)","Matthew McConaughey, Marisa Tomei, Ryan Phillippe, William H. Macy",English,USA,63,7.3,193011,tt1189340,Lionsgate Films,FALSE,notalk,60079594,90255363,41427631,0.820728291,777775467777777436776434445577777677734347777765777757773423244777777776477555774457773777777455474434435553547777775364676577777775777767657654477674443
The Lion King,1994,6/24/1994,1.466666667,Drama,"Animation, Adventure, Drama, Family, Musical",G,"Roger Allers, Rob Minkoff","Irene Mecchi (screenplay by), Jonathan Roberts (screenplay by), Linda Woolverton (screenplay by), Burny Mattinson (story), Barry Johnson (story), Lorna Cook (story), Thom Enriquez (story), Andy Gaskill (story), Gary Trousdale (story), Jim Capobianco (story), Kevin Harkey (story), Jorgen Klubien (story), Chris Sanders (story), Tom Sito (story), Larry Leker (story), Joe Ranft (story), Rick Maki (story), Ed Gombert (story), Francis Glebas (story), Mark Kausler (story), J.T. Allen (additional story material), George Scribner (additional story material), Miguel Tejada-Flores (additional story material), Jenny Tripp (additional story material), Bob Tzudiker (additional story material), Christopher Vogler (additional story material), Kirk Wise (additional story material), Noni White (additional story material), Brenda Chapman (story supervisor)","Rowan Atkinson, Matthew Broderick, Niketa Calame-Harris, Jim Cummings","English, Swahili, Xhosa, Zulu",USA,83,8.5,807335,tt0110357,Buena Vista,FALSE,notalk,664468621,1497608078,124633011,0.852040816,7767666473677777774447666673
The Long Kiss Goodnight,1996,10/11/1996,2.016666667,Action,"Action, Crime, Drama, Mystery, Thriller",R,Renny Harlin,Shane Black,"Geena Davis, Samuel L. Jackson, Yvonne Zima, Craig Bierko",English,USA,44,6.8,66629,tt0116908,New Line Home Entertainment,FALSE,notalk,49675220,49675220,96535720,0.567346939,7267473367777777777777377275333433241324334244643314311221343102002253
The Lord of the Rings: The Fellowship of the Ring,2001,12/19/2001,2.966666667,Drama,"Adventure, Drama, Fantasy",PG-13,Peter Jackson,"J.R.R. Tolkien (novel), Fran Walsh (screenplay), Philippa Boyens (screenplay), Peter Jackson (screenplay)","Alan Howard, Noel Appleby, Sean Astin, Sala Baker","English, Sindarin","New Zealand, USA",92,8.8,1466530,tt0120737,New Line Cinema,FALSE,notalk,415208284,1167441808,143427209,0.907834101,2011226777777777777777777777777777777777777777777777777777742337777777773377777777777777777777677777775275255777777777777775
The Lord of the Rings: The Return of the King,2003,12/17/2003,3.35,Action,"Action, Adventure, Drama, Fantasy",PG-13,Peter Jackson,"J.R.R. Tolkien (novel), Fran Walsh (screenplay), Philippa Boyens (screenplay), Peter Jackson (screenplay)","Noel Appleby, Ali Astin, Sean Astin, David Aston","English, Quenya, Old English, Sindarin","New Zealand, USA",94,8.9,1451338,tt0167260,New Line Cinema,FALSE,notalk,478385772,1445122625,119012174,0.952380952,777766777777777775467777776777777777777637766676777777777776577647777777777777775
The Lord of the Rings: The Two Towers,2002,12/18/2002,2.983333333,Drama,"Adventure, Drama, Fantasy",PG-13,Peter Jackson,"J.R.R. Tolkien (novel), Fran Walsh (screenplay), Philippa Boyens (screenplay), Stephen Sinclair (screenplay), Peter Jackson (screenplay)","Bruce Allpress, Sean Astin, John Bach, Sala Baker","English, Sindarin, Old English","New Zealand, USA",87,8.7,1310858,tt0167261,New Line Cinema,FALSE,notalk,443662324,1200694576,121746846,0.951219512,7777777773677777777777777777777777777777763667677552777777777777777777777777777771
The Losers,2010,4/23/2010,1.616666667,Action,"Action, Adventure, Crime, Mystery, Thriller",PG-13,Sylvain White,"Peter Berg (screenplay), James Vanderbilt (screenplay), Andy Diggle (comic book series), Jock (comic book series)","Jeffrey Dean Morgan, Zoe Saldana, Chris Evans, Idris Elba",English,USA,44,6.4,82148,tt0480255,Warner Bros. Pictures,FALSE,notalk,25201119,28536765,26705796,0.887362637,77777777777777775433243435777647777777775657667765577766777777534575577767776577777777777777664777777744
The Lost Boys,1987,7/31/1987,1.616666667,Comedy,"Comedy, Horror",R,Joel Schumacher,"Jan Fischer (story), James Jeremias (story), Jan Fischer (screenplay), James Jeremias (screenplay), Jeffrey Boam (screenplay)","Jason Patric, Corey Haim, Dianne Wiest, Barnard Hughes",English,USA,63,7.3,108659,tt0093437,Warner Bros. Pictures,FALSE,notalk,66069067,66069067,17428378,0.774891775,343575662377446243477646775677777743635776477457776654333467466365557643777756777775464657766564653
The Lost World: Jurassic Park,1997,5/23/1997,2.15,Action,"Action, Adventure, Sci-Fi",PG-13,Steven Spielberg,"Michael Crichton (novel), David Koepp (screenplay)","Jeff Goldblum, Julianne Moore, Pete Postlethwaite, Arliss Howard","English, Spanish",USA,59,6.5,335294,tt0119567,Universal Pictures,FALSE,dubious,332459322,1141669701,108842859,0.765920826,17777777777605634444377325543777764574567776543544453555677777456376576667657755551
The Majestic,2001,12/21/2001,2.533333333,Drama,"Drama, Romance",PG,Frank Darabont,Michael Sloane,"Jim Carrey, Bob Balaban, Jeffrey DeMunn, Hal Holbrook",English,USA,27,6.9,49109,tt0268995,Universal Pictures,FALSE,notalk,36575310,49089389,94740909,0.918095238,777677775467302267777767777777777777753775777775777777777777777777777777774
The Man in the Iron Mask,1998,3/13/1998,2.2,Action,"Action, Adventure, Drama",PG-13,Randall Wallace,"Alexandre Dumas (novels), Randall Wallace (screenplay)",NA,"English, Italian","France, USA",48,6.5,142726,tt0120744,MGM Home Entertainment,FALSE,notalk,81415051,81415051,50019631,0.943485086,7777777777657777777777777777777777777777767743777777777777777777473457776477776665777777773
The Mask,1994,7/29/1994,1.683333333,Comedy,"Comedy, Fantasy",PG-13,Chuck Russell,"Michael Fallon (story), Mark Verheiden (story), Mike Werb (screenplay)","Jim Carrey, Peter Riegert, Peter Greene, Amy Yasbeck","English, Swedish",USA,56,6.9,307409,tt0110475,New Line Cinema,FALSE,notalk,188474233,552628944,28289965,0.770800628,5357774346777777777445657777766674436567727677765634343167777754345744464634336777757175641
The Master,2012,9/21/2012,2.3,Drama,Drama,R,Paul Thomas Anderson,Paul Thomas Anderson,"Joaquin Phoenix, Price Carson, Mike Howard, Sarah Shoshana David",English,USA,86,7.1,127242,tt1560747,The Weinstein Company,FALSE,notalk,16484994,25484413,38048946,0.934479055,7777777777777777777777777777777763374777777777777777777777777777777777777777777763347776735777777767777777467777776677777442747777633
The Matrix,1999,3/31/1999,2.266666667,Action,"Action, Sci-Fi",R,"Lana Wachowski, Lilly Wachowski","Lilly Wachowski, Lana Wachowski","Keanu Reeves, Laurence Fishburne, Carrie-Anne Moss, Hugo Weaving",English,USA,73,8.7,1461604,tt0133093,Warner Bros. Pictures,TRUE,ok,239808171,643684004,90900032,0.774891775,144654334777776775130777776775667777776777777776677755733226646676764622377446465777636557443665341
The Matrix Reloaded,2003,5/15/2003,2.3,Action,"Action, Sci-Fi",R,"Lana Wachowski, Lilly Wachowski","Lilly Wachowski, Lana Wachowski, Lilly Wachowski (characters), Lana Wachowski (characters)","Ray Anthony, Christine Anu, Andy Arness, Alima Ashton-Sheibu","English, French",USA,62,7.2,469313,tt0234215,Warner Bros. Pictures,TRUE,ok,356471453,935102616,160793043,0.786924939,44433477566754766654355476535746777776577657644477777656563
The Mechanic,2011,1/28/2011,1.55,Action,"Action, Crime, Thriller",R,Simon West,"Richard Wenk (screenplay), Lewis John Carlino (screenplay), Lewis John Carlino (story)","Jason Statham, Ben Foster, Tony Goldwyn, Donald Sutherland",English,USA,49,6.6,138843,tt0472399,CBS Films,FALSE,nowomen,30160867,79072292,44016858,0.854341737,713677776677777621777777777224777777776756467767772
The Men Who Stare at Goats,2009,11/6/2009,1.566666667,Comedy,"Comedy, War",R,Grant Heslov,"Jon Ronson (inspired by the book), Peter Straughan (screenplay)","George Clooney, Ewan McGregor, Jeff Bridges, Kevin Spacey","English, Arabic","USA, UK",54,6.2,119940,tt1234548,Overture Films,FALSE,nowomen,35208316,73122088,26057558,0.980108499,7775556777777777777777777777777777777777777777777777777777777777777777777777773
The Messenger,2009,12/4/2009,1.883333333,Drama,"Drama, Romance, War",R,Oren Moverman,"Alessandro Camon, Oren Moverman","Ben Foster, Jena Malone, Eamonn Walker, Woody Harrelson","English, Spanish",USA,77,7.1,32094,tt0790712,Oscilloscope Pictures,FALSE,notalk,1204793,1530512,7057255,0.780357143,33347777776333357677756777777734775776344377556755434432257477746677576777776442
The Mirror Has Two Faces,1996,11/15/1996,2.1,Comedy,"Comedy, Drama, Romance",PG-13,Barbra Streisand,NA,"Barbra Streisand, Jeff Bridges, Lauren Bacall, George Segal",English,USA,NA,6.5,13252,tt0117057,Sony Pictures Home Entertainment,TRUE,ok,61288998,61288998,62376927,0.433179724,031013777635700001073553433342110000234435534642321522024410336435435165344014103346744454241
The Mist,2007,11/21/2007,2.1,Horror/Thriller,"Horror, Sci-Fi",R,Frank Darabont,"Frank Darabont (screenplay), Stephen King (novel)","Thomas Jane, Marcia Gay Harden, Laurie Holden, Andre Braugher",English,USA,58,7.2,255851,tt0884328,The Weinstein Company,TRUE,ok,28755697,61544892,14606065,0.740740741,445477457746645434726577777777677777737541265576744454336666675256544565476353243
The Mummy,1999,5/7/1999,2.066666667,Action,"Action, Adventure, Fantasy",PG-13,Stephen Sommers,"Stephen Sommers (screen story), Lloyd Fonvielle (screen story), Kevin Jarre (screen story), Stephen Sommers (screenplay)","Brendan Fraser, Rachel Weisz, John Hannah, Arnold Vosloo","English, Egyptian (Ancient), Arabic, Chinese, Hebrew, Hungarian",USA,48,7,359400,tt0120616,Universal Pictures,FALSE,notalk,217300705,582299294,111876962,0.756868132,77777733335543644443446746663477567666664465634467533466275463667754377775665467764555654677765557756555
NA,1991,6/28/1991,1.416666667,Comedy,"Comedy, Crime",PG-13,David Zucker,"Jim Abrahams (television series Police Squad), David Zucker (television series ""Police Squad""), Jerry Zucker (television series Police Squad), David Zucker, Pat Proft","Leslie Nielsen, Priscilla Presley, George Kennedy, O.J. Simpson",English,USA,65,6.9,94253,tt0102510,Paramount,FALSE,notalk,148724056,148724056,39349328,0.768707483,715754455577545777776577773302557766777335
The Next Three Days,2010,11/19/2010,2.216666667,Action,"Action, Crime, Drama, Romance, Thriller",PG-13,Paul Haggis,NA,"Russell Crowe, Elizabeth Banks, Michael Buie, Moran Atias",English,"USA, France",52,7.4,164013,tt1458175,Lionsgate,TRUE,ok,22591662,71844911,32046955,0.720899471,021244344547773343367776374777777774333777345776247775543345763544457777777777677446754535767424343454653651
The Number 23,2007,2/23/2007,1.633333333,Horror/Thriller,"Crime, Mystery, Thriller",R,Joel Schumacher,Fernley Phillips,"Jim Carrey, Virginia Madsen, Logan Lerman, Danny Huston","English, Chinese","USA, Germany",NA,6.4,182199,tt0481369,New Line,FALSE,notalk,39541053,87179297,35953391,0.710714286,56446744574363436777534344322237755334577547755777776477755535575554434544773167
The Other Boleyn Girl,2008,2/29/2008,1.916666667,Drama,"Biography, Drama, History, Romance",PG-13,Justin Chadwick,"Peter Morgan (screenplay), Philippa Gregory (novel)","Natalie Portman, Scarlett Johansson, Eric Bana, Jim Sturgess",English,"UK, USA",50,6.7,94720,tt0467200,Sony Pictures/Columbia,TRUE,ok,29020656,84107503,43290252,0.466386555,534574103645554543465320253345301432455777345564742474443634103534324445121235114301214102002434330000
The Other Guys,2010,8/6/2010,1.783333333,Action,"Action, Comedy, Crime",PG-13,Adam McKay,"Adam McKay, Chris Henchy","Will Ferrell, Derek Jeter, Mark Wahlberg, Eva Mendes","English, Ukrainian",USA,64,6.7,216103,tt1386588,Columbia Pictures,FALSE,nowomen,127354577,182599780,106823184,0.925595238,777357777747776574467777777777777777777754577754357777777777767777777757777777777777744677777774
The Others,2001,8/10/2001,1.733333333,Horror/Thriller,"Horror, Mystery, Thriller",PG-13,NA,NA,"Nicole Kidman, Fionnula Flanagan, Christopher Eccleston, Alakina Mann","English, French","USA, Spain, France, Italy",74,7.6,307676,tt0230600,Miramax Films,TRUE,ok,127008987,276257960,22369381,0.170506912,11010120001210100267400001012000263100321000200014330003020121
The Patriot,2000,6/28/2000,2.75,Action,"Action, Drama, History, War",R,Roland Emmerich,Robert Rodat,"Mel Gibson, Heath Ledger, Joely Richardson, Jason Isaacs",English,"USA, Germany",63,7.2,233271,tt0187393,Columbia Pictures,FALSE,dubious,153325570,291281175,148819922,0.781341108,6651677634775634777777776577657777235674004777760
The Place Beyond the Pines,2012,4/19/2013,2.333333333,Drama,"Crime, Drama, Thriller",R,Derek Cianfrance,"Derek Cianfrance (story), Ben Coccio (story), Derek Cianfrance (screenplay), Ben Coccio (screenplay), Darius Marder (screenplay)","Ryan Gosling, Craig Van Hook, Eva Mendes, Olga Merediz","English, Spanish",USA,68,7.3,222192,tt1817273,Focus Features,FALSE,notalk,21716836,47699629,15219578,0.805471125,4456557777634676247675774776322567565775446777667777743467773544777751362677777746735777777772
The Postman,1997,12/25/1997,2.95,Action,"Action, Adventure, Drama, Sci-Fi",R,Kevin Costner,"David Brin (novel), Eric Roth (screenplay), Brian Helgeland (screenplay)","Kevin Costner, Will Patton, Larenz Tate, Olivia Williams",English,USA,29,6,63143,tt0119925,Warner Home Video,FALSE,notalk,25615375,25615375,116099050,0.875233936,5777777777777777777777777777777777443477777734776776677676745544454443457775777777764477655577776776474527777776753777777777777777777777777777777777643277777754576776677677664454454452456776677777766457656477776777467344777777671
The Prestige,2006,10/20/2006,2.166666667,Drama,"Drama, Mystery, Sci-Fi, Thriller",PG-13,Christopher Nolan,"Jonathan Nolan (screenplay), Christopher Nolan (screenplay), Christopher Priest (novel)","Hugh Jackman, Christian Bale, Michael Caine, Piper Perabo",English,"USA, UK",66,8.5,1036587,tt0482571,Buena Vista Pictures,FALSE,notalk,61361102,124705810,46231854,0.837072019,7777777777776776665634454777777777763777677677256577745275444554577775323367774246357777534677745777624777767756777777774
The Princess Bride,1987,10/9/1987,1.633333333,Other,"Adventure, Family, Fantasy, Romance",PG,Rob Reiner,"William Goldman (book), William Goldman (screenplay)","Cary Elwes, Mandy Patinkin, Chris Sarandon, Christopher Guest",English,USA,77,8.1,348692,tt0093779,20th Century Fox,FALSE,men,63269112,63269112,30755961,0.965079365,177777777777777777777777777777777777777777777777777777777777545457777777777777777777777773
The Proposal,2009,6/19/2009,1.8,Comedy,"Comedy, Drama, Romance",PG-13,Anne Fletcher,Peter Chiarelli,"Sandra Bullock, Ryan Reynolds, Mary Steenburgen, Craig T. Nelson",English,USA,48,6.7,266294,tt1041829,Walt Disney Pictures,FALSE,men,178014415,341690283,43429264,0.498542274,435343343344434345455545344344453221016141343434343233242167777750000324342423444343434543434223243433333432001343434343457541342434344437776363443
The Queen,2006,11/17/2006,1.716666667,Drama,"Biography, Drama, History",PG-13,Stephen Frears,Peter Morgan,"Helen Mirren, James Cromwell, Alex Jennings, Roger Allam","English, German, French","UK, USA, France, Italy",91,7.3,96453,tt0436697,Miramax Films,FALSE,dubious,65235123,148965821,17336945,0.575045208,3324563331564247634744442775565143755412444673454755636325664006444441156333221
The Reader,2008,1/30/2009,2.066666667,Drama,"Drama, Romance",R,Stephen Daldry,"David Hare (screenplay), Bernhard Schlink (book)","Ralph Fiennes, Jeanette Hain, David Kross, Kate Winslet","English, German, Greek, Latin","USA, Germany",58,7.6,213806,tt0976051,The Weinstein Co./MGM,FALSE,notalk,37007113,122315840,35173330,0.605442177,333434053344445425454435656431654443754536775674441577776345677443367133343523433322424433053434544435453535647341644534753546775665342577775354776543366232344424334222
The Ring,2002,10/18/2002,1.916666667,Horror/Thriller,"Horror, Mystery",PG-13,Gore Verbinski,NA,"Naomi Watts, Martin Henderson, David Dorfman, Brian Cox",English,"USA, Japan",57,7.1,292530,tt0298130,DreamWorks SKG,TRUE,ok,167199897,321487424,62168602,0.336927224,00000001001224400154344335233314026345022743323422333
The Road,2009,12/18/2009,1.85,Drama,"Adventure, Drama",R,John Hillcoat,"Joe Penhall (screenplay by), Cormac McCarthy (based on the book by)","Viggo Mortensen, Kodi Smit-McPhee, Robert Duvall, Guy Pearce",English,USA,64,7.3,203130,tt0898367,The Weinstein Co./Dimension,FALSE,notalk,8809919,29981685,27143290,0.943548387,4777777754777777777773337777774477765676777777777777777777467777677777777777777777777777777777777777777775577777767777777751
The Rock,1996,6/7/1996,2.266666667,Action,"Action, Adventure, Thriller",R,Michael Bay,"David Weisberg (story), Douglas Cook (story), David Weisberg (screenplay), Douglas Cook (screenplay), Mark Rosner (screenplay)","Sean Connery, Nicolas Cage, Ed Harris, John Spencer",English,USA,58,7.4,288369,tt0117500,Disney,FALSE,notalk,199115335,499118651,111387369,0.937142857,7777733457577777755567777777777757777634377777777776777777777777777777777777777777777777777777677771
The Rocky Horror Picture Show,1975,8/31/1975,1.666666667,Comedy,"Comedy, Musical",R,Jim Sharman,"Richard O'Brien (original musical play), Jim Sharman (screenplay), Richard O'Brien (screenplay)","Tim Curry, Susan Sarandon, Barry Bostwick, Richard O'Brien",English,"UK, USA",58,7.4,119860,tt0073629,20th Century Fox,FALSE,dubious,605399166,605399166,5193720,0.693877551,53736442664444465456677643344764112477766565646446667562
The Roommate,2011,2/4/2011,1.516666667,Drama,"Drama, Thriller",PG-13,Christian E. Christiansen,Sonny Mallhi,"Leighton Meester, Minka Kelly, Cam Gigandet, Aly Michalka",English,USA,23,4.9,32454,tt1265990,Screen Gems/SONY PICTURES,TRUE,ok,38631377,41942847,16571053,0.154873164,01203333240000300000000000400000001400000004021134343360000000000000000002033102220000003200035244100002341
The Royal Tenenbaums,2001,1/4/2002,1.833333333,Comedy,"Comedy, Drama",R,Wes Anderson,"Wes Anderson, Owen Wilson","Gene Hackman, Anjelica Huston, Ben Stiller, Gwyneth Paltrow","English, Italian",USA,76,7.6,241492,tt0265666,Buena Vista Distribution Compa,TRUE,ok,68889320,93992029,36843687,0.767701863,6677677675567745754700433245367667331777665756777767576675753367757544677656654456375454557753324477536776167727677
The Rules of Attraction,2002,10/11/2002,1.833333333,Comedy,"Comedy, Drama, Romance",R,Roger Avary,"Bret Easton Ellis (novel), Roger Avary (screenplay)","James Van Der Beek, Shannyn Sossamon, Jessica Biel, Kip Pardue","English, German","Germany, USA",50,6.7,47245,tt0292644,Lions Gate Films,FALSE,dubious,8452031,15281897,5180717,0.727175081,2002777774465777777777777760000117777777777100754426777343677777777557304764437777740067763552343241333334577777777777777777743665342
The Runaways,2010,3/19/2010,1.766666667,Drama,"Biography, Drama, Music",R,Floria Sigismondi,"Floria Sigismondi (screenplay), Cherie Currie (book)","Kristen Stewart, Dakota Fanning, Michael Shannon, Stella Maeve",English,USA,65,6.6,43288,tt1017451,Apparition,TRUE,ok,3817511,5638803,10148202,0.228571429,130000252442354544206320001010005643001000000211410420034520200130000100110041443120001310
The Shawshank Redemption,1994,10/14/1994,2.366666667,Drama,Drama,R,Frank Darabont,"Stephen King (short story ""Rita Hayworth and Shawshank Redemption""), Frank Darabont (screenplay)","Tim Robbins, Morgan Freeman, Bob Gunton, William Sadler",English,USA,80,9.3,2030914,tt0111161,Columbia Pictures,FALSE,nowomen,44386120,44386120,39291617,0.988204456,5777777777777777777777777777777777777777777777777777777757777777777777777777777777777777777777777777777777772
The Shining,1980,6/13/1980,2.433333333,Drama,"Drama, Horror",R,Stanley Kubrick,"Stephen King (novel), Stanley Kubrick (screenplay), Diane Johnson (screenplay)","Jack Nicholson, Shelley Duvall, Danny Lloyd, Scatman Crothers",English,"UK, USA",63,8.4,758376,tt0081505,Warner Bros. Pictures,FALSE,men,124470916,124470916,53727589,0.703747073,6654377777774433310003567745654754455476646777763433444144467777231777743433577777777777451767742453364333447547775337464476426777777562333000056676456557444645764577777443433523444777745047777244246777777777773347677135434633343673677642665531
The Silence of the Lambs,1991,2/14/1991,1.966666667,Drama,"Crime, Drama, Thriller",R,Jonathan Demme,"Thomas Harris (novel), Ted Tally (screenplay)","Jodie Foster, Lawrence A. Bonney, Kasi Lemmons, Lawrence T. Wrentz",English,USA,85,8.6,1094336,tt0102926,Orion Pictures Corporation,TRUE,ok,223652543,471724395,34216807,0.389915966,3344643000033400000146544722455216554543000277636760444200027774000642004410010000220
The Sixth Sense,1999,8/6/1999,1.783333333,Drama,"Drama, Mystery, Thriller",PG-13,M. Night Shyamalan,M. Night Shyamalan,"Bruce Willis, Haley Joel Osment, Toni Collette, Olivia Williams","English, Latin, Spanish",USA,64,8.1,826417,tt0167404,Hollywood/Buena Vista,FALSE,dubious,410457404,940894052,55938481,0.775271512,444667777763336777777777777547777471274535777747775223304377777777775572577343334546553556777777243577777777777764677765307644377776577722240237777777777737437753333445554
The Smurfs,2011,7/29/2011,1.716666667,Comedy,"Animation, Adventure, Comedy, Family, Fantasy",PG,Raja Gosnell,"J. David Stem (screenplay by), David N. Weiss (screenplay by), Jay Scherick (screenplay by), David Ronn (screenplay by), J. David Stem (story by), David N. Weiss (story by), Peyo (based on characters created by)",NA,English,"USA, Belgium, Canada",30,5.5,76067,tt0472181,Sony Pictures Columbia,TRUE,ok,147704169,583162839,113925987,0.764285714,7777767775676665656663465666775564436767354557656765766157663764666474446334446442435477564772466277777563656767652536437456646565565555547557776643556765726553
The Smurfs 2,2013,7/31/2013,1.75,Comedy,"Animation, Adventure, Comedy, Family, Fantasy",PG,Raja Gosnell,"J. David Stem (screenplay), David N. Weiss (screenplay), Jay Scherick (screenplay), David Ronn (screenplay), Karey Kirkpatrick (screenplay), J. David Stem (story), David N. Weiss (story), Jay Scherick (story), David Ronn (story), Peyo (characters and works)","Hank Azaria, Neil Patrick Harris, Brendan Gleeson, Jayma Mays","English, French","USA, France, Canada, Belgium",34,5.4,33357,tt2017020,Sony Pictures,TRUE,ok,71017784,348545841,110000000,0.69593709,7746765436447763766741055674456777357554356623764777763631252235464253777356756575557563634657626470245325345
The Social Network,2010,10/1/2010,2,Drama,"Biography, Drama",PG-13,David Fincher,"Aaron Sorkin (screenplay), Ben Mezrich (book)","Jesse Eisenberg, Rooney Mara, Bryan Barter, Dustin Fitzsimons","English, French",USA,95,7.7,556761,tt1285016,Columbia Pictures,FALSE,notalk,103578637,240268986,42729274,0.886149384,44344343434234457776715654777777776777777556777744777777777777777777777777777674777777777777777743367777777777754767644667676776746777567777675567667777677777777777775776777766657754777775545656777
The Sorcerer's Apprentice,2010,7/14/2010,1.816666667,Action,"Action, Adventure, Family, Fantasy",PG,Jon Turteltaub,"Lawrence Konner (screen story), Mark Rosenthal (screen story), Matt Lopez (screen story), Matt Lopez (screenplay), Doug Miro (screenplay), Carlo Bernard (screenplay)","Nicolas Cage, Jay Baruchel, Alfred Molina, Teresa Palmer","English, Cantonese, Ukrainian",USA,46,6.1,141210,tt0963966,Walt Disney Studios,FALSE,notalk,67459899,229831139,170917095,0.82278481,4677766643547777777777745777776776347777777774654677777656477773375233376275431
The Squid and the Whale,2005,12/16/2005,1.35,Comedy,"Comedy, Drama",R,Noah Baumbach,Noah Baumbach,"Owen Kline, Jeff Daniels, Laura Linney, Jesse Eisenberg",English,USA,82,7.4,68342,tt0367089,Samuel Goldwyn Films,FALSE,men,8795916,13351738,1789550,0.737739872,6777333565767627525757544464544676331642633677567635254767557777773
The Sting,1973,12/25/1973,2.15,Comedy,"Comedy, Crime, Drama",PG,George Roy Hill,David S. Ward,"Paul Newman, Robert Redford, Robert Shaw, Charles Durning",English,USA,80,8.3,214020,tt0070735,Universal Pictures,FALSE,notalk,837011132,837011132,28841418,0.941729323,7777777777777777777647776677736557677777777777777777777777773777557767667773
The Talented Mr. Ripley,1999,12/25/1999,2.316666667,Drama,"Crime, Drama, Thriller",R,Anthony Minghella,"Patricia Highsmith (novel), Anthony Minghella (screenplay)","Matt Damon, Gwyneth Paltrow, Jude Law, Cate Blanchett","English, Italian",USA,76,7.4,158187,tt0134119,Paramount Pictures,FALSE,dubious,113683964,180110910,55938481,0.776371308,536724476534575656566444670677777777743665777777777533633434566332146577777644777776777777774434656564354667756543577753673347654447656565645466157777777775357477777777754353434356633314557777773477777677777777542466565445366776563447772
The Terminator,1984,10/26/1984,1.783333333,Action,"Action, Sci-Fi",R,James Cameron,"James Cameron, Gale Anne Hurd, William Wisher (additional dialogue)","Arnold Schwarzenegger, Michael Biehn, Linda Hamilton, Paul Winfield","English, Spanish","UK, USA",84,8,709712,tt0088247,Orion Pictures Corporation,FALSE,men,85217529,174875289,14345242,0.544217687,760572200242072076750466453445477547743343435343243343434442335731761101421360376721575444454577457633434434434152344335433330
The Thin Red Line,1998,1/15/1999,2.833333333,Drama,"Drama, War",R,Terrence Malick,"James Jones (novel), Terrence Malick (screenplay)","Kirk Acevedo, Penelope Allen, Benjamin Green, Simon Billig","English, Tok Pisin, Japanese, Greek",USA,78,7.6,157769,tt0120863,20th Century Fox,FALSE,notalk,52021118,52021118,74314880,0.995361781,7777777777777777777777777777777777777777777777777777777777777777777777777777777777777777777777777777777777777777777777777777777777777777777777777777777772
The Tourist,2010,12/10/2010,1.716666667,Action,"Action, Adventure, Crime, Mystery, Romance, Thriller",PG-13,Florian Henckel von Donnersmarck,NA,"Johnny Depp, Angelina Jolie, Paul Bettany, Timothy Dalton","English, French, Italian, Russian, Spanish","USA, France, Italy, UK",37,6,202090,tt1243957,Columbia Pictures,FALSE,nowomen,72245755,297749724,106823184,0.737394958,67753443426646734353537777777777675435254333436767565775645747645771
The Town,2010,9/17/2010,2.083333333,Drama,"Crime, Drama, Thriller",R,Ben Affleck,"Peter Craig (screenplay), Ben Affleck (screenplay), Aaron Stockard (screenplay), Chuck Hogan (novel)","Ben Affleck, Rebecca Hall, Jon Hamm, Jeremy Renner",English,USA,74,7.6,316936,tt0840361,Warner Bros. Pictures,FALSE,notalk,98476300,162976800,39524578,0.752665245,67775456667777777777413754345635333435535774343463254577744764663467635777777777774525677777577743373754473223572223565777777774446673
The Tree of Life,2011,5/17/2011,2.316666667,Drama,"Drama, Fantasy",PG-13,Terrence Malick,Terrence Malick,"Brad Pitt, Sean Penn, Jessica Chastain, Hunter McCracken",English,USA,85,6.8,153875,tt0478304,Fox Searchlight,FALSE,nowomen,13780555,64529403,36249178,0.709183673,45634776574555466256465547663464564777661435335547566551
The Truman Show,1998,6/5/1998,1.716666667,Comedy,"Comedy, Drama, Sci-Fi",PG,Peter Weir,Andrew Niccol,"Jim Carrey, Laura Linney, Noah Emmerich, Natascha McElhone",English,USA,90,8.1,812310,tt0120382,Paramount Pictures,FALSE,notalk,179525030,354996466,85747939,0.799603175,777744777546774456424777777777677534343757534643544556777736777667477573
The Twilight Saga: Eclipse,2010,6/30/2010,2.066666667,Drama,"Adventure, Drama, Fantasy, Romance",PG-13,David Slade,"Melissa Rosenberg (screenplay), Stephenie Meyer (novel)","Xavier Samuel, Kristen Stewart, Robert Pattinson, Billy Burke",English,USA,58,5,207159,tt1325004,Summit Entertainment,TRUE,ok,321037586,747325041,72639765,0.532142857,4543464452257340236543432232556423552443
The Ugly Truth,2009,7/24/2009,1.6,Comedy,"Comedy, Romance",R,Robert Luketic,"Nicole Eastman (screenplay), Karen McCullah (screenplay), Kirsten Smith (screenplay), Nicole Eastman (story)","Katherine Heigl, Gerard Butler, Bree Turner, Eric Winter",English,USA,28,6.5,186393,tt1142988,Sony/Columbia Pictures,FALSE,men,96538057,222824741,41257801,0.522477522,02324023532335443443335343434434641263310264413433334443434444444343427653543244476444333453543447624433443356343324335434432575465344355434540
The Usual Suspects,1995,9/15/1995,1.766666667,Horror/Thriller,"Crime, Mystery, Thriller",R,Bryan Singer,Christopher McQuarrie,"Stephen Baldwin, Gabriel Byrne, Benicio Del Toro, Kevin Pollak","English, Hungarian, Spanish, French","USA, Germany",77,8.6,884804,tt0114814,Gramercy Pictures,FALSE,notalk,35684110,52665468,9172677,0.96039604,73577777777777777777777777777342564677777777777777777777777777777777777777777777777777777777777777774
The Village,2004,7/30/2004,1.8,Drama,"Drama, Mystery, Thriller",PG-13,M. Night Shyamalan,M. Night Shyamalan,"Bryce Dallas Howard, Joaquin Phoenix, Adrien Brody, William Hurt",English,USA,44,6.5,220955,tt0368447,Buena Vista,TRUE,ok,140827568,317721828,88398934,0.428571429,211435000005766544451114426004416401565630
The Visitor,2007,5/23/2008,1.733333333,Drama,Drama,PG-13,Tom McCarthy,Tom McCarthy,"Richard Jenkins, Haaz Sleiman, Danai Gurira, Hiam Abbass","English, French, Arabic, Romanian",USA,79,7.7,39886,tt0857191,Overture Films,FALSE,dubious,10591674,21543741,4494174,0.674509804,324377773645666565762445777647655777477777356467777533454567777567777444347253534443433454320001167743434333575333234343467713333324577754645665765734347777466557776577776265577777333544677777477776344455253534443434444300001477543434244664332334334577334
The Way of the Gun,2000,9/8/2000,1.983333333,Action,"Action, Crime, Drama, Thriller",R,Christopher McQuarrie,Christopher McQuarrie,"Ryan Phillippe, Benicio Del Toro, Juliette Lewis, Taye Diggs","English, Spanish",USA,49,6.7,29848,tt0202677,Artisan Entertainment,FALSE,men,8182195,17671601,12176175,0.832752613,7777777455357455677764257777577775577777764656577557332342477777776567776666757771
The Wedding Date,2005,2/4/2005,1.5,Comedy,"Comedy, Romance",PG-13,Clare Kilner,"Elizabeth Young (book), Dana Fox (screenplay)","Debra Messing, Dermot Mulroney, Amy Adams, Jack Davenport",English,USA,32,6.1,44113,tt0372532,Universal Pictures,TRUE,ok,37851356,56281383,17895497,0.452135493,2331513453350300367443303433343342424722277732204114345310133613534266543336101443155512003467512
The Wolf of Wall Street,2013,12/25/2013,3,Comedy,"Biography, Comedy, Crime, Drama",R,Martin Scorsese,"Terence Winter (screenplay), Jordan Belfort (book)","Leonardo DiCaprio, Jonah Hill, Margot Robbie, Matthew McConaughey","English, French",USA,75,8.2,999352,tt0993846,Paramount Studios,FALSE,notalk,115702857,365702857,100000000,0.858258929,77777777745777777773477777477777757777775663335635577766564326446777766777767777777467777775774645777577665777566777744333447771
The Wolfman,2010,2/12/2010,1.716666667,Drama,"Drama, Fantasy, Horror, Thriller",R,Joe Johnston,"Andrew Kevin Walker (screenplay), David Self (screenplay), Curt Siodmak","Simon Merrells, Gemma Whelan, Emily Blunt, Benicio Del Toro","English, Romany, Romanian, Ukrainian",USA,43,5.8,96649,tt0780653,Universal Pictures,FALSE,notalk,66433214,152366563,160234776,0.815668203,64427775637767653675645777725574677777777775444777762667777720
The Wolverine,2013,7/26/2013,2.1,Action,"Action, Adventure, Sci-Fi",PG-13,James Mangold,"Mark Bomback (screenplay), Scott Frank (screenplay)","Hugh Jackman, Tao Okamoto, Rila Fukushima, Hiroyuki Sanada","English, Japanese","USA, UK, Australia, Japan",61,6.7,391547,tt1430132,20th Century Fox,TRUE,ok,132556852,416456852,115000000,0.782312925,777777777777777745534332363357777774777777766667665344365456677733435577643577324443464766665777763564751
The Wrestler,2008,1/30/2009,1.816666667,Drama,"Drama, Sport",R,Darren Aronofsky,Robert Siegel,"Mickey Rourke, Marisa Tomei, Evan Rachel Wood, Mark Margolis",English,"USA, France",81,7.9,274119,tt1125849,Fox Searchlight Pictures,FALSE,notalk,28396504,50470238,6493538,0.673469388,77777773443447775434342577675754334332355546776423335753453444444434677354455464434355777777332332514475545576677777775443445777434343457767574342432355544777532334674335354435443477554355545534354677777532342423367544567571
The Young Victoria,2009,1/8/2010,1.75,Drama,"Biography, Drama, History, Romance",PG,NA,Julian Fellowes,"Emily Blunt, Rupert Friend, Paul Bettany, Miranda Richardson","English, German","UK, USA",64,7.3,52792,tt0962736,Apparition,TRUE,ok,11944429,34611919,38000606,0.531664212,0020772357547730001324345477745463733545544414720444553344622246771331200373355243234545532356272
There Will Be Blood,2007,1/25/2008,2.633333333,Drama,Drama,R,Paul Thomas Anderson,"Paul Thomas Anderson (written for the screen by), Upton Sinclair (novel)","Daniel Day-Lewis, Martin Stringer, Matthew Braden Stringer, Jacob Stringer","English, American Sign Language",USA,93,8.2,452257,tt0469494,Paramount Vantage,FALSE,nowomen,45191743,86747344,28088587,0.987012987,777777777777777777777777547777777777777777767777777777777777777777
There's Something About Mary,1998,7/15/1998,1.983333333,Comedy,"Comedy, Romance",R,"Bobby Farrelly, Peter Farrelly","Ed Decter (story), John J. Strauss (story), Ed Decter (screenplay), John J. Strauss (screenplay), Peter Farrelly (screenplay), Bobby Farrelly (screenplay)","Cameron Diaz, Matt Dillon, Ben Stiller, Lee Evans",English,USA,69,7.1,271037,tt0129387,20th Century Fox,TRUE,ok,252219917,514630544,31440911,0.68627451,544243464454433664577567776777777777777304110006377777777763434447760033324576777776334447334674045765555533102142267772577476343543253577777635446547633345333446443553374657657776777777777777702310003367777777774524436773013333467677777434346534477125575
They Live,1988,11/4/1988,1.566666667,Action,"Action, Horror, Sci-Fi, Thriller",R,John Carpenter,"Ray Nelson (short story ""Eight O'Clock in the Morning""), John Carpenter (screenplay)","Roddy Piper, Keith David, Meg Foster, George 'Buck' Flower",English,USA,54,7.3,93087,tt0096256,MCA/Universal Pictures,FALSE,nowomen,25605411,25605411,7878588,0.880952381,777767777777776443537777777476677761
Thir13en Ghosts,2001,10/26/2001,1.516666667,Horror/Thriller,Horror,R,Steve Beck,"Robb White (story), Neal Marshall Stevens (screenplay), Richard D'Ovidio (screenplay)","Tony Shalhoub, Embeth Davidtz, Matthew Lillard, Shannon Elizabeth",English,"USA, Canada",30,5.6,72821,tt0245674,Warner Bros. Pictures,FALSE,notalk,55091786,90093288,25001073,0.696428571,77757767453556453277476777777544346646376645544234534343344534343574526573547642
Thirteen Days,2000,1/12/2001,2.416666667,Drama,"Drama, History, Thriller",PG-13,Roger Donaldson,"David Self, Ernest R. May (book), Philip D. Zelikow (book)","Shawn Driscoll, Kevin Costner, Drake Cook, Lucinda Jenney","English, Russian, Spanish, Romanian",USA,67,7.3,49970,tt0146309,New Line Cinema,FALSE,notalk,46765640,90042204,108232671,0.973684211,567777777777777774677777777777777777777777777777777767557777777777777777777777777777777377777777777777777777766774
Thor,2011,5/6/2011,1.916666667,Action,"Action, Adventure, Fantasy, Sci-Fi",PG-13,Kenneth Branagh,"Ashley Miller (screenplay), Zack Stentz (screenplay), Don Payne (screenplay), J. Michael Straczynski (story), Mark Protosevich (story), Stan Lee (comic book), Larry Lieber (comic book), Jack Kirby (comic book)","Chris Hemsworth, Natalie Portman, Tom Hiddleston, Anthony Hopkins",English,USA,57,7,650993,tt0800369,Paramount Pictures,TRUE,ok,187491749,465363438,155353618,0.716341213,3201115447776634675776775667777764677756775777721552644223423655677713312314444643324424575533477777777777777423565665765566456666577676351
Tinker Tailor Soldier Spy,2011,1/6/2012,2.033333333,Drama,"Drama, Mystery, Thriller",R,Tomas Alfredson,NA,NA,"English, Russian, Hungarian, French, Turkish","France, UK, Germany",85,7.1,171785,tt1340800,Focus Features,FALSE,notalk,25011304,84359926,21749507,0.92776886,77777774777777776233233777777777777457777777755777777777776777777777775777777777477777777
Titanic,1997,12/19/1997,3.233333333,Drama,"Drama, Romance",PG-13,James Cameron,James Cameron,"Leonardo DiCaprio, Kate Winslet, Billy Zane, Kathy Bates","English, Swedish",USA,75,7.8,926635,tt0120338,Paramount Pictures,TRUE,ok,955890356,3171930973,290247625,0.648351648,7777665623264364477744425444546645334344333262341233544543342075652352355545676577455776736757123324355777475756765665763435222345
TMNT,2007,3/23/2007,1.716666667,Action,"Animation, Action, Adventure, Comedy, Family, Fantasy, Sci-Fi",PG,Kevin Munroe,"Kevin Munroe, Peter Laird (characters), Kevin Eastman (characters)","Chris Evans, Sarah Michelle Gellar, Mako, Kevin Smith",English,"Hong Kong, USA",41,6.3,57529,tt0453556,Warner Bros. Pictures,FALSE,notalk,60838866,107968055,39324022,0.863013699,7777754677777775446555777775756775477777665566477767654455677674755774676
Tombstone,1993,12/25/1993,2.166666667,Action,"Action, Biography, Drama, History, Romance, Western",R,"George P. Cosmatos, Kevin Jarre",Kevin Jarre,"Kurt Russell, Val Kilmer, Sam Elliott, Bill Paxton","English, Latin",USA,50,7.8,112017,tt0108358,Buena Vista,TRUE,ok,91112095,91112095,40311473,0.88482835,777756435756667777777777737776467777776467777767777777775434343333667575667777763577726477767775777777777777777657777777777777752
Tootsie,1982,12/17/1982,1.933333333,Comedy,"Comedy, Drama, Romance",PG,Sydney Pollack,"Larry Gelbart (screenplay), Murray Schisgal (screenplay), Don McGuire (story), Larry Gelbart (story)","Dustin Hoffman, Jessica Lange, Teri Garr, Dabney Coleman",English,USA,87,7.4,87224,tt0084805,Columbia Pictures,FALSE,notalk,427631090,427631090,36199020,0.455782313,632231562541125155233
Top Gun,1986,5/16/1986,1.833333333,Action,"Action, Drama",PG,Tony Scott,"Jim Cash, Jack Epps Jr., Ehud Yonay (magazine article ""Top Guns"")","Tom Cruise, Kelly McGillis, Val Kilmer, Anthony Edwards",English,USA,50,6.9,255223,tt0092099,Paramount Pictures,FALSE,men,381854174,757760530,31856471,0.791524265,77777777777777777777777753433365434445777777776434343434446447777777776347754343333333733577777777777754777777777777777777777777633433563434547777777773434343434464477777777764377634333433246344777777777777632
Total Recall,1990,6/1/1990,1.883333333,Action,"Action, Sci-Fi, Thriller",R,Paul Verhoeven,"Philip K. Dick (short story ""We Can Remember It For You Wholesale""), Ronald Shusett (screen story), Dan O'Bannon (screen story), Jon Povill (screen story), Ronald Shusett (screenplay), Dan O'Bannon (screenplay), Gary Goldman (screenplay)","Arnold Schwarzenegger, Rachel Ticotin, Sharon Stone, Ronny Cox",English,USA,57,7.5,272605,tt0100802,TriStar Pictures,FALSE,notalk,104977970,354127435,222871925,0.765020027,23313423676577776433446435777443543356777777777777777777777775434443457745134564664575777767677677544656751
Tower Heist,2011,11/4/2011,1.733333333,Action,"Action, Comedy, Crime",PG-13,Brett Ratner,"Adam Cooper (story), Bill Collage (story), Ted Griffin (story), Ted Griffin (screenplay), Jeff Nathanson (screenplay), Eric Ehrenhaus (concept)","Ben Stiller, Eddie Murphy, Casey Affleck, Alan Alda","English, Spanish, Chinese",USA,59,6.2,123163,tt0471042,Universal Pictures,FALSE,notalk,80832113,158947830,88033717,0.897959184,7777777777777777777777677777777777676677442457777777744677777777347343467777777775557477761
Toy Story,1995,11/22/1995,1.35,Comedy,"Animation, Adventure, Comedy, Family, Fantasy",G,John Lasseter,"John Lasseter (original story by), Pete Docter (original story by), Andrew Stanton (original story by), Joe Ranft (original story by), Joss Whedon (screenplay by), Andrew Stanton (screenplay by), Joel Cohen (screenplay by), Alec Sokolow (screenplay by)","Tom Hanks, Tim Allen, Don Rickles, Jim Varney",English,USA,95,8.3,768362,tt0114709,Buena Vista,FALSE,notalk,293190647,557286202,45863384,0.879234168,7774777774777765667667776767577765576654576776777734467467774367756677777755777773777677757775453
Toy Story 3,2010,6/18/2010,1.716666667,Comedy,"Animation, Adventure, Comedy, Family, Fantasy",G,Lee Unkrich,"John Lasseter (story by), Andrew Stanton (story by), Lee Unkrich (story by), Michael Arndt (screenplay by)","Tom Hanks, Tim Allen, Joan Cusack, Ned Beatty","English, Spanish",USA,92,8.3,662598,tt0435761,Walt Disney Pictures,FALSE,dubious,443321427,1136341723,213646368,0.729456384,65625765676666215575465624566677654565673305355555566774024575365577727667745464367773467667734474647653665425751
Training Day,2001,10/5/2001,2.033333333,Drama,"Crime, Drama, Thriller",R,Antoine Fuqua,David Ayer,"Denzel Washington, Ethan Hawke, Scott Glenn, Tom Berenger","English, Russian, Spanish, Korean","USA, Australia",69,7.7,348872,tt0139654,Warner Bros. Pictures,FALSE,notalk,100347776,137512958,59213068,0.943643512,4567777777777777757777777777777777777777777766337777773577777777777777777777777777776777775777777734477777771
Trainspotting,1996,8/9/1996,1.55,Drama,Drama,R,Danny Boyle,"Irvine Welsh (based on the novel by), John Hodge (screenplay)","Ewan McGregor, Ewen Bremner, Jonny Lee Miller, Kevin McKidd",English,UK,83,8.2,576912,tt0117951,Miramax Films,FALSE,men,24507872,35645124,4604011,0.845138055,77777777777777765777174433343356776674677753577777635777777777777777777777657771753424343467775746777544777776447777772
Tremors,1990,1/19/1990,1.6,Comedy,"Comedy, Horror",PG-13,Ron Underwood,"S.S. Wilson (story), Brent Maddock (story), Ron Underwood (story), S.S. Wilson (screenplay), Brent Maddock (screenplay)","Kevin Bacon, Fred Ward, Finn Carter, Michael Gross",English,USA,65,7.2,106050,tt0100814,MCA/Universal Pictures,TRUE,ok,29717001,29717001,17829754,0.822335025,77777744766777746775777777667734446667776464664364565464274576777656545776576767655555645664766377777777447757777557757777776677344466677773655653545663643645767776566366765776676555556456647763672
TRON,1982,7/9/1982,1.6,Action,"Action, Adventure, Sci-Fi",PG,Steven Lisberger,"Steven Lisberger (screenplay), Steven Lisberger (story), Bonnie MacBird (story)","Jeff Bridges, Bruce Boxleitner, David Warner, Cindy Morgan",English,USA,58,6.8,104390,tt0084827,Buena Vista Pictures,FALSE,nowomen,64961738,64961738,41025556,0.886297376,7777777777777777777777777336676665775464566576553
Tropic Thunder,2008,8/13/2008,1.783333333,Action,"Action, Adventure, Comedy, War",R,Ben Stiller,"Justin Theroux (screenplay), Ben Stiller (screenplay), Etan Cohen (screenplay), Ben Stiller (story), Justin Theroux (story)","Jeff Kahn, Robert Downey Jr., Anthony Ruivivar, Jack Black","English, Mandarin","USA, UK, Germany",71,7,345926,tt0942385,DreamWorks/Paramount Studios,FALSE,nowomen,119547447,203641087,97403068,0.982731554,7777777754667777777777777777777777777777777777777777777777777777777777777777777777777777773
Troy,2004,5/14/2004,2.716666667,Drama,"Drama, History, Romance",R,Wolfgang Petersen,"Homer (poem), David Benioff (screenplay)","Julian Glover, Brian Cox, Nathan Jones, Adoni Maropis",English,"USA, Malta, UK",56,7.2,442068,tt0332452,Warner Bros. Pictures,FALSE,notalk,164382856,597064223,184978932,0.853714286,7777777544677757777777777753266774447777777777545777477764433577774777777777557777444447777775477764356676477777777616367615677777774447776677777777777424667734577777777774467774777544336777657777777773777773444577777745777633657674777777774263775252
True Grit,2010,12/22/2010,1.833333333,Drama,"Adventure, Drama, Western",PG-13,"Ethan Coen, Joel Coen","Joel Coen (screenplay), Ethan Coen (screenplay), Charles Portis (novel)","Jeff Bridges, Hailee Steinfeld, Matt Damon, Josh Brolin",English,USA,80,7.6,277704,tt1403865,Paramount Pictures,TRUE,ok,182927231,269490247,37388114,0.594594595,43543243434777777777763424343344101335505503775714465434442465454765346110
True Lies,1994,7/15/1994,2.35,Action,"Action, Comedy, Thriller",R,James Cameron,NA,"Arnold Schwarzenegger, Jamie Lee Curtis, Tom Arnold, Bill Paxton","English, French, Arabic, German",USA,63,7.2,214536,tt0111503,20th Century Fox,FALSE,notalk,229906901,574129115,157166470,0.67047619,776577634467745772175443425335724753357770777335555445777774677745443443444453777451446421213643233654436555763367657773446676377505653432542475177253677347752473644477777476776354443443445457756215562220353514346453456476443
Tucker and Dale vs Evil,2010,12/9/2010,1.483333333,Comedy,"Comedy, Horror",R,Eli Craig,"Eli Craig, Morgan Jurgenson","Tyler Labine, Alan Tudyk, Katrina Bowden, Jesse Moss",English,"Canada, USA, India, UK",65,7.6,150787,tt1465522,Magnet Releasing,TRUE,ok,239111,5850485,5341159,0.756302521,77776544667776577343666445535464265546355773547776675777776754333434774332533664555555567777777777743546557244564777633
Twelve Monkeys,1995,1/5/1996,2.15,Horror/Thriller,"Mystery, Sci-Fi, Thriller",R,Terry Gilliam,NA,"Joseph Melito, Bruce Willis, Jon Seda, Michael Chance","English, French",USA,74,8,531946,tt0114746,Universal Pictures,FALSE,notalk,87356689,258121354,44334604,0.670438472,76656533434344777774477774536575676732534534456435456434457774341425636554773636244443317444235766541
Twilight,2008,11/21/2008,2.033333333,Drama,"Drama, Fantasy, Romance",PG-13,Catherine Hardwicke,"Melissa Rosenberg (screenplay), Stephenie Meyer (novel)","Kristen Stewart, Sarah Clarke, Matt Bushell, Billy Burke",English,USA,56,5.2,385302,tt1099212,Summit Entertainment,TRUE,ok,208626391,430655689,40043484,0.462033462,013554343005524035534444333433334342223461033234342433344345235346420344244430244541166344544423231366430154333013554343005524035534444333433334342223461033234342433344345235346420344244430244541166344544423231366430154333
Twins,1988,12/9/1988,1.783333333,Comedy,"Comedy, Crime",PG,Ivan Reitman,"William Davies, William Osborne, Timothy Harris, Herschel Weingrod","Arnold Schwarzenegger, Danny DeVito, Kelly Preston, Chloe Webb",English,USA,53,6,101152,tt0096320,Universal Pictures,FALSE,men,220475172,426625542,29544705,0.839285714,77763477767772777753477775775256667774577774367776776377772647777577335757776371
Twister,1996,5/10/1996,1.883333333,Action,"Action, Adventure, Drama, Thriller",PG-13,Jan de Bont,"Michael Crichton, Anne-Marie Martin","Helen Hunt, Bill Paxton, Cary Elwes, Jami Gertz",English,USA,68,6.3,159496,tt0117998,Warner Bros. Pictures,TRUE,ok,359244145,736493287,130694514,0.50140056,335544343322011233346343443433434344342233500003424475343624333446655434333246534434433533343555644653
Unbreakable,2000,11/22/2000,1.766666667,Drama,"Drama, Mystery, Sci-Fi, Thriller",PG-13,M. Night Shyamalan,M. Night Shyamalan,"Bruce Willis, Samuel L. Jackson, Robin Wright, Spencer Treat Clark",English,USA,62,7.3,311258,tt0217869,Touchstone Pictures,FALSE,nowomen,128525137,335655410,99091212,0.888198758,4647777753277777777777777777776776417777777545
Unstoppable,2010,11/12/2010,1.633333333,Action,"Action, Thriller",PG-13,Tony Scott,Mark Bomback,"Denzel Washington, Chris Pine, Rosario Dawson, Ethan Suplee",English,USA,69,6.8,169302,tt0477080,20th Century Fox,FALSE,dubious,87128132,181077698,101482025,0.661844485,3531365037247777673212772327335574663447544365754445545767475553553445656764542
Up,2009,5/29/2009,1.6,Comedy,"Animation, Adventure, Comedy, Family",PG,"Pete Docter, Bob Peterson(co-director)","Pete Docter (story by), Bob Peterson (story by), Tom McCarthy (story by), Bob Peterson (screenplay by), Pete Docter (screenplay by)","Edward Asner, Christopher Plummer, Jordan Nagai, Bob Peterson",English,USA,88,8.3,821327,tt1049413,Walt Disney Pictures,FALSE,notalk,318123879,794258938,190003029,0.945288754,77750110477777775777777777777777777777777777777777777777777777777777777777777777777777777777777772020077777775777777777777777777777777777777777777777777777777777777777777777777777777777771
Up in the Air,2009,12/23/2009,1.816666667,Drama,"Drama, Romance",R,Jason Reitman,"Walter Kirn (novel), Jason Reitman (screenplay), Sheldon Turner (screenplay)","George Clooney, Vera Farmiga, Anna Kendrick, Jason Bateman",English,USA,83,7.4,296649,tt1193138,Paramount Pictures,FALSE,men,91009693,181146433,32571948,0.60959651,77777777774343434444455450426654443677454443575775343333004554441212202224353343436763314434334333135744234434357777634733577777653
Urban Legend,1998,9/25/1998,1.65,Horror/Thriller,"Horror, Mystery",R,Jamie Blanks,Silvio Horta,"Jared Leto, Alicia Witt, Rebecca Gayheart, Michael Rosenbaum",English,"USA, France",35,5.5,53946,tt0146336,TriStar Pictures,TRUE,ok,54473818,103714796,20007852,0.418367347,000003355037454363421454510443000033157542463424464532521347670034330255100002423351
V for Vendetta,2005,3/17/2006,2.2,Action,"Action, Drama, Sci-Fi, Thriller",R,James McTeigue,"Lilly Wachowski (screenplay), Lana Wachowski (screenplay), David Lloyd (graphic novel art)","Natalie Portman, Hugo Weaving, Stephen Rea, Stephen Fry",English,"USA, UK, Germany",62,8.2,934471,tt0434409,Warner Bros. Pictures,TRUE,ok,84122001,154177511,59651656,0.578692494,0010000475177777777602347743624477535747440732733775433041000620007777734300077777777527436434436447772057777743200000
Valentine's Day,2010,2/12/2010,2.083333333,Comedy,"Comedy, Romance",PG-13,Garry Marshall,"Katherine Fugate (screenplay), Katherine Fugate (story), Abby Kohn (story), Marc Silverstein (story)","Jessica Alba, Kathy Bates, Jessica Biel, Bradley Cooper","English, Spanish, Russian, Italian",USA,34,5.7,104901,tt0817230,New Line Cinema/Warner Bros. Pictures,TRUE,ok,118024294,232414484,55548056,0.594470046,735774441634544242454374750567721541377211356773674017426434453433403744354555777521643234453
Valkyrie,2008,12/25/2008,2.016666667,Drama,"Drama, History, Thriller, War",PG-13,Bryan Singer,"Christopher McQuarrie, Nathan Alexander","Tom Cruise, Kenneth Branagh, Bill Nighy, Tom Wilkinson","English, German","USA, Germany",56,7.1,209585,tt0985699,MGM,FALSE,notalk,89911432,220674342,97403068,0.978151261,77777646777777777777777777777777777777347777777777777777777777777777767777777777777777777764677777777777777777777777777777734777777777777777777777777777776777777777777777
Vanilla Sky,2001,12/14/2001,2.266666667,Horror/Thriller,"Fantasy, Mystery, Romance, Sci-Fi, Thriller",R,Cameron Crowe,NA,NA,"English, Spanish","USA, Spain",45,6.9,230413,tt0259711,Paramount Pictures,FALSE,notalk,132393654,266756984,92109217,0.739187418,3477777777775457733333334466774534434744423333343337777765567764354777434776423773336777777744762576777777751
Vicky Cristina Barcelona,2008,8/15/2008,1.6,Drama,"Drama, Romance",PG-13,Woody Allen,Woody Allen,"Rebecca Hall, Scarlett Johansson, Christopher Evan Welch, Chris Messina","English, Spanish","Spain, USA",70,7.1,223792,tt0497465,The Weinstein Co.,TRUE,ok,25126430,113100998,17316101,0.476470588,65000413157104320234331300262633334243453345433334343341343664345477444544534464245444454445344424411334443335533343431045554000022420247444234300455344534444332343624352
Wanderlust,2012,2/24/2012,1.633333333,Comedy,"Comedy, Romance",R,David Wain,"David Wain, Ken Marino","Paul Rudd, Jennifer Aniston, Justin Theroux, Alan Alda",English,USA,53,5.6,68242,tt1655460,Universal Pictures,TRUE,ok,17541229,24513601,32975753,0.650793651,432344547547434344442413311453464534314663355257755467764367463344446744635246743455352553637444775557743434364345674477753453633467777775767765641524325
Wanted,2008,6/27/2008,1.833333333,Action,"Action, Crime, Fantasy, Thriller",R,Timur Bekmambetov,"Michael Brandt (screenplay), Derek Haas (screenplay), Chris Morgan (screenplay), Michael Brandt (story), Derek Haas (story), Mark Millar (comic book series), J.G. Jones (comic book series)","James McAvoy, Morgan Freeman, Angelina Jolie, Terence Stamp",English,"USA, Germany",64,6.7,334681,tt0493464,Universal Pictures,FALSE,notalk,145572728,370582375,81169223,0.656370656,31347453224326677762445277762333467777546743433376763653531422325455777774
War Horse,2011,12/25/2011,2.433333333,Drama,"Drama, History, War",PG-13,Steven Spielberg,"Lee Hall (screenplay), Richard Curtis (screenplay), Michael Morpurgo (novel), Nick Stafford (stage play)","Jeremy Irvine, Peter Mullan, Emily Watson, Niels Arestrup","English, German","USA, India",72,7.2,133894,tt1568911,Walt Disney Pictures,FALSE,notalk,82734459,162412399,72498355,0.86746988,77762547766755677742165777577777777777756777773343166643467777777777777777777777775
War of the Worlds,2005,6/29/2005,1.933333333,Horror/Thriller,"Adventure, Sci-Fi, Thriller",PG-13,Steven Spielberg,"Josh Friedman (screenplay), David Koepp (screenplay), H.G. Wells (novel)","Tom Cruise, Dakota Fanning, Miranda Otto, Justin Chatwin",English,USA,73,6.5,379002,tt0407304,Paramount Pictures,FALSE,notalk,279504224,723976090,157480373,0.522727273,54500027437574462143254327421104471777760052
Warrior,2011,9/9/2011,2.333333333,Drama,"Drama, Sport",PG-13,Gavin O'Connor,"Gavin O'Connor (screenplay), Anthony Tambakis (screenplay), Cliff Dorfman (screenplay), Gavin O'Connor (story), Cliff Dorfman (story)","Joel Edgerton, Tom Hardy, Nick Nolte, Jennifer Morrison","English, Spanish",USA,71,8.2,395874,tt1291584,Lionsgate,FALSE,notalk,14144548,25079651,25892270,0.934189406,77777336776777777753777667546777777777777775377764577777776777777777767777777777777756777
Watchmen,2009,3/6/2009,2.7,Action,"Action, Drama, Mystery, Sci-Fi",R,Zack Snyder,"David Hayter (screenplay), Alex Tse (screenplay), Dave Gibbons (graphic novel illustrator)","Malin Akerman, Billy Crudup, Matthew Goode, Jackie Earle Haley",English,USA,56,7.6,444204,tt0409459,Warner Bros. Pictures,FALSE,men,116726786,199848831,149830960,0.696048632,5677775575566443331077777777504477675424235663247534553355734444574377543136777746574666670351
Waterworld,1995,7/28/1995,2.25,Action,"Action, Adventure, Sci-Fi, Thriller",PG-13,Kevin Reynolds,"Peter Rader, David Twohy","Kevin Costner, Chaim Jeraffi, Rick Aviles, R.D. Call",English,USA,56,6.2,162882,tt0114898,MCA Universal Home Video,FALSE,nowomen,134909008,403974193,267536405,0.567460317,027764346331313654357455460136643652
We Own the Night,2007,10/12/2007,1.95,Drama,"Crime, Drama, Thriller",R,James Gray,James Gray,"Joaquin Phoenix, Eva Mendes, Danny Hoch, Alex Veadov","English, Russian",USA,59,6.9,78716,tt0498399,Sony/Columbia,FALSE,nowomen,32091974,62140782,31459218,0.900126422,57745577777775544677777767747777777776655777756777777367774457777777655777755577677667777644347777777777777777772
What Lies Beneath,2000,7/21/2000,2.166666667,Drama,"Drama, Fantasy, Horror, Mystery, Thriller",PG-13,Robert Zemeckis,"Clark Gregg (screenplay), Sarah Kernochan (story), Clark Gregg (story)","Michelle Pfeiffer, Katharine Towne, Miranda Otto, James Remar",English,USA,51,6.6,108602,tt0161081,DreamWorks SKG,TRUE,ok,210329023,390576517,121761754,0.322163433,043500244344201343220001336434434300002443433321111443443410002434224333033300011000043234000002434334230000403344032575203441023443430043413000132734344340000234434332102134344432000234331443302430001100004323400000243334333000031244312257530
Where the Wild Things Are,2009,10/16/2009,1.683333333,Drama,"Adventure, Drama, Family, Fantasy",PG,Spike Jonze,"Spike Jonze (screenplay), Dave Eggers (screenplay), Maurice Sendak (book)","Max Records, Pepita Emmerichs, Max Pfeifer, Madeleine Greaves",English,"Germany, Australia, USA",71,6.8,95273,tt0386117,Warner Bros. Pictures,FALSE,notalk,83854815,107621685,108573160,0.737373737,432562323767464764456476546467666765727633344677777764765520324766766557463654444577656767674535765
Whip It,2009,10/2/2009,1.85,Drama,"Drama, Sport",PG-13,Drew Barrymore,"Shauna Cross (screenplay), Shauna Cross (novel)","Sarah Habel, Shannon Eagen, Edward Austin Kelly, Mary Callaghan Lynch",English,USA,68,6.9,60532,tt1172233,Fox Searchlight Pictures,TRUE,ok,14161591,20472719,16285974,0.224489796,000004331320010352000203122501210222420430100244200000133044330222001220010113411541
White House Down,2013,6/28/2013,2.183333333,Action,"Action, Drama, Thriller",PG-13,Roland Emmerich,James Vanderbilt,"Channing Tatum, Jamie Foxx, Maggie Gyllenhaal, Jason Clarke",English,USA,52,6.4,188499,tt2334879,Sony Pictures,FALSE,men,73103784,205440387,150000000,0.784415584,34764445235133445567557677377734756756547774534765267776634776675776577777544775574666564737766576666357777763
Whiteout,2009,9/11/2009,1.683333333,Action,"Action, Crime, Horror, Mystery, Thriller",R,Dominic Sena,"Jon Hoeber (screenplay), Erich Hoeber (screenplay), Chad Hayes (screenplay), Carey W. Hayes (screenplay), Greg Rucka (graphic novel), Steve Lieber (graphic novel)","Kate Beckinsale, Gabriel Macht, Tom Skerritt, Columbus Short","English, Russian","USA, Canada, France, Turkey",NA,5.5,35084,tt0365929,Warner Bros. Pictures,TRUE,ok,11156585,13305365,38000606,0.492277992,23433314444353334332221333244334434344334554514444435334235545235444543441
Who Framed Roger Rabbit,1988,6/22/1988,1.733333333,Comedy,"Animation, Adventure, Comedy, Crime, Family, Fantasy, Mystery",PG,Robert Zemeckis,"Gary K. Wolf (novel), Jeffrey Price (screenplay), Peter S. Seaman (screenplay)","Bob Hoskins, Christopher Lloyd, Joanna Cassidy, Charles Fleischer",English,USA,83,7.7,165395,tt0096438,Buena Vista Distribution Compa,FALSE,notalk,303547209,692330924,137875291,0.814814815,777777646542667775777754556567635557777667775433145677777763777773355665657576562
Wild Things,1998,3/20/1998,1.8,Drama,"Crime, Drama, Mystery, Thriller",R,John McNaughton,Stephen Peters,"Kevin Bacon, Matt Dillon, Neve Campbell, Theresa Russell",English,USA,52,6.5,99751,tt0120890,Sony Pictures Home Entertainment,FALSE,men,42581425,79426456,28582646,0.526383526,466555223233342100100003447676777756754332102214431554565425444441444443126532055443746563344437775037523104243566555132234242100100004357676777747753423002223431644656425353451354433136531064534746553444347774047423113333
Wild Wild West,1999,6/30/1999,1.766666667,Action,"Action, Comedy, Sci-Fi, Western",PG-13,Barry Sonnenfeld,"Jim Thomas (story), John Thomas (story), S.S. Wilson (screenplay), Brent Maddock (screenplay), Jeffrey Price (screenplay), Peter S. Seaman (screenplay)","Will Smith, Kevin Kline, Kenneth Branagh, Salma Hayek",English,USA,38,4.9,142588,tt0120891,Warner Bros. Pictures,FALSE,men,159152923,309380824,244730855,0.878737542,5365777777777777777773367564575657646754656765467747777777777777756765777767777777652644757777777777777777723774736747566477455666745676577777777777777567567777677777775441
Winter's Bone,2010,7/16/2010,1.666666667,Drama,"Drama, Mystery",R,Debra Granik,"Debra Granik (screenplay), Anne Rosellini (screenplay), Daniel Woodrell (novel)","Jennifer Lawrence, Isaiah Stone, Ashlee Thompson, Valerie Richards",English,USA,90,7.2,125254,tt1399683,Roadside Attractions,TRUE,ok,6977159,17232238,2136464,0.336466165,0201444000200234202431000044444300000302352243430366001443445556420001445551
World War Z,2013,6/21/2013,1.933333333,Action,"Action, Adventure, Horror, Sci-Fi, Thriller",PG-13,Marc Forster,"Matthew Michael Carnahan (screenplay), Drew Goddard (screenplay), Damon Lindelof (screenplay), Matthew Michael Carnahan (screen story), J. Michael Straczynski (screen story), Max Brooks (based on the novel by)","Brad Pitt, Mireille Enos, Daniella Kertesz, James Badge Dale","English, Spanish, Hebrew, Arabic",USA,63,7,540572,tt0816711,Paramount Pictures,FALSE,dubious,202359711,539559711,190000000,0.867203219,52772444667557777777775577777777777771664777777777764467777777775443476
Wreck-It Ralph,2012,11/2/2012,1.683333333,Comedy,"Animation, Adventure, Comedy, Family, Fantasy",PG,Rich Moore,"Rich Moore (story by), Phil Johnston (story by), Jim Reardon (story by), Phil Johnston (screenplay by), Jennifer Lee (screenplay by), John C. Reilly (additional story material by), Sam Levine (additional story material by), Jared Stern (additional story material by)","John C. Reilly, Sarah Silverman, Jack McBrayer, Jane Lynch",English,USA,72,7.7,328812,tt1772341,Walt Disney Pictures,TRUE,ok,192185407,480342759,167415363,0.685714286,777777777577745777776425533725775334334445466667777503332426445343345624433443446555437776533333677375433654435465233577
Wrong Turn,2003,5/30/2003,1.4,Horror/Thriller,Horror,R,Rob Schmidt,Alan B. McElroy,"Desmond Harrington, Eliza Dushku, Emmanuelle Chriqui, Jeremy Sisto",English,"USA, Germany",32,6.1,99104,tt0295700,20th Century Fox Distribution,TRUE,ok,19520239,36272829,12660870,0.561076605,237777553244544532543434452355554463455313224222313525244435344764644
X-Men,2000,7/14/2000,1.733333333,Action,"Action, Adventure, Sci-Fi",PG-13,Bryan Singer,"Tom DeSanto (story), Bryan Singer (story), David Hayter (screenplay)","Hugh Jackman, Patrick Stewart, Ian McKellen, Famke Janssen",English,USA,64,7.4,523595,tt0120903,20th Century Fox,FALSE,notalk,212812106,400920487,101468129,0.722222222,411567765567777777763567777534002575777243230477753773
X-Men 2,2003,5/2/2003,2.233333333,Action,"Action, Adventure, Sci-Fi, Thriller",PG-13,Bryan Singer,"Zak Penn (story), David Hayter (story), Bryan Singer (story), Michael Dougherty (screenplay), Dan Harris (screenplay), David Hayter (screenplay)","Patrick Stewart, Hugh Jackman, Ian McKellen, Halle Berry","English, German, Italian, Spanish","Canada, USA",68,7.5,468728,tt0290334,20th Century Fox,TRUE,ok,272145004,516198274,158260870,0.734693878,21676667374667774475365764566744162
X-Men Origins: Wolverine,2009,5/1/2009,1.783333333,Action,"Action, Adventure, Sci-Fi, Thriller",PG-13,Gavin Hood,"David Benioff (screenplay), Skip Woods (screenplay)","Hugh Jackman, Liev Schreiber, Danny Huston, Will.i.am",English,"USA, UK",40,6.6,424827,tt0458525,20th Century Fox,FALSE,dubious,195304827,406960171,162859739,0.789115646,635777763434777546666464766777777776777777447443554573643364554
xXx,2002,8/9/2002,2.066666667,Action,"Action, Adventure, Thriller",PG-13,Rob Cohen,Rich Wilkes,"Vin Diesel, Asia Argento, Marton Csokas, Samuel L. Jackson","English, German, Spanish, Russian, Czech",USA,48,5.9,163413,tt0295701,Columbia Pictures,FALSE,notalk,183824786,346071886,90662545,0.994208494,77777777777777777777777777777777777777777777777777777777777777777777777774
Yes Man,2008,12/19/2008,1.733333333,Comedy,"Comedy, Romance",PG-13,Peyton Reed,"Nicholas Stoller (screenplay), Jarrad Paul (screenplay), Andrew Mogel (screenplay), Danny Wallace (book)","Jim Carrey, Zooey Deschanel, Bradley Cooper, John Michael Higgins","English, Korean, Estonian","USA, UK",46,6.8,305488,tt1068680,Warner Bros. Pictures/Village Roadshow,FALSE,notalk,105726675,244580160,54112816,0.765432099,764777777777777776465343574777777566777777647472335743435577777775343334674417753434524477636774334434445533577777646755567377777777777777665543446567777766577777774656433376243457777777643342466543475443543427774477623444435363437777774576545
You've Got Mail,1998,12/18/1998,1.983333333,Comedy,"Comedy, Drama, Romance",PG,Nora Ephron,NA,"Tom Hanks, Meg Ryan, Greg Kinnear, Parker Posey",English,USA,57,6.6,174480,tt0128853,Warner Bros. Pictures,TRUE,ok,165524241,358426384,92893600,0.490756303,443000111777777753332324434000023422344310035645334454437311325174323327755002377777743434352013117002435332153344353444367752434444433344343453354344443000121777777752332334343000033413245210036635434364347211334273333327754012377777743343442023026003344
Young Adult,2011,12/16/2011,1.566666667,Comedy,"Comedy, Drama",R,Jason Reitman,Diablo Cody,"Charlize Theron, Patton Oswalt, Patrick Wilson, Elizabeth Reaser",English,USA,71,6.3,72357,tt1625346,Paramount Studios,TRUE,ok,16893744,23562334,12428289,0.354103343,0000000003444233043546453445343345203212200124231443445415002312202304333444233343002334453000
Young Frankenstein,1974,12/15/1974,1.766666667,Comedy,Comedy,PG,Mel Brooks,"Gene Wilder (screen story and screenplay), Mel Brooks (screen story and screenplay), Mary Shelley (based on characters in the novel ""Frankenstein"" by)","Gene Wilder, Peter Boyle, Marty Feldman, Madeline Kahn","English, German",USA,80,8,130824,tt0072431,20th Century Fox,FALSE,men,407657562,407657562,13226433,0.58961039,7777721374572264357636646755234465233200247532633653300
Youth in Revolt,2009,1/8/2010,1.5,Comedy,"Comedy, Drama, Romance",R,Miguel Arteta,"Gustin Nash (screenplay), C.D. Payne (novel)","Michael Cera, Portia Doubleday, Jean Smart, Zach Galifianakis","English, French, Spanish",USA,63,6.5,69762,tt0403702,The Weinstein Company,FALSE,notalk,16596046,21373265,19543169,0.701960784,776677765654534424324744331444334264463434337434773777774743676744257766777750776464477734374354477666646343563765432445677777402555677667776564543443332573432334433426454443434643575577777464377673426767677773277546457763357344457757655534365475542345567
Zero Dark Thirty,2012,1/11/2013,2.616666667,Drama,"Drama, Thriller",R,Kathryn Bigelow,Mark Boal,"Jason Clarke, Reda Kateb, Jessica Chastain, Kyle Chandler","English, Arabic",USA,95,7.4,244962,tt1790885,Columbia Pictures,TRUE,ok,97121930,139736750,53268525,0.654761905,567767755665446767751574474144533643333300012002166133677343234577503563446777345765644677777776
